{
    "loss": [
        0.660182535648346,
        0.660829484462738,
        0.6614969372749329,
        0.6622036695480347,
        0.662832498550415,
        0.6637393236160278,
        0.6646091341972351,
        0.6655804514884949,
        0.666598379611969,
        0.6675547957420349,
        0.668577253818512,
        0.6699258685112
    ],
    "val_loss": [
        0.6596542000770569,
        0.6602990627288818,
        0.6610119938850403,
        0.6616659164428711,
        0.6623175144195557,
        0.6632047891616821,
        0.664073646068573,
        0.6650391221046448,
        0.6660919785499573,
        0.6670780777931213,
        0.668135941028595,
        0.6696040630340576
    ],
    "accuracy": [
        0.2682736814022064,
        0.26756638288497925,
        0.26712489128112793,
        0.26603251695632935,
        0.26587486267089844,
        0.2668140232563019,
        0.26451316475868225,
        0.2646884620189667,
        0.2645418345928192,
        0.26431888341903687,
        0.26424485445022583,
        0.26285985112190247
    ],
    "val_accuracy": [
        0.26844069361686707,
        0.2677183747291565,
        0.2672519385814667,
        0.26615288853645325,
        0.2659773826599121,
        0.26689741015434265,
        0.2645685374736786,
        0.26472702622413635,
        0.2645493745803833,
        0.26430004835128784,
        0.26418566703796387,
        0.26275548338890076
    ],
    "precision": [
        0.5276719331741333,
        0.5271766185760498,
        0.5265906453132629,
        0.5261397361755371,
        0.5257049798965454,
        0.5251582860946655,
        0.5243462324142456,
        0.5238909125328064,
        0.5231262445449829,
        0.5224161148071289,
        0.5216389894485474,
        0.5199844241142273
    ],
    "val_precision": [
        0.5280733704566956,
        0.5275658965110779,
        0.5269438028335571,
        0.526496171951294,
        0.5260388255119324,
        0.5254751443862915,
        0.5246434211730957,
        0.5241678953170776,
        0.5233615040779114,
        0.5226128697395325,
        0.5218074917793274,
        0.5200976729393005
    ],
    "recall": [
        0.5365329384803772,
        0.5351183414459229,
        0.534235417842865,
        0.5320507287979126,
        0.5317354202270508,
        0.5336136817932129,
        0.5290120840072632,
        0.529362678527832,
        0.5290694236755371,
        0.5286235213279724,
        0.5284754633903503,
        0.5257055759429932
    ],
    "val_recall": [
        0.5368561148643494,
        0.5354114770889282,
        0.5344787240028381,
        0.532280683517456,
        0.5319297313690186,
        0.5337696671485901,
        0.5291121602058411,
        0.5294290781021118,
        0.5290738344192505,
        0.5285751223564148,
        0.5283464193344116,
        0.525486171245575
    ],
    "f1": [
        0.5320655107498169,
        0.5311177968978882,
        0.5303854942321777,
        0.5290787220001221,
        0.528702974319458,
        0.5293521881103516,
        0.5266687870025635,
        0.5266125798225403,
        0.5260810256004333,
        0.5255014896392822,
        0.5250349640846252,
        0.5228293538093567
    ],
    "val_f1": [
        0.532428503036499,
        0.5314596891403198,
        0.5306845307350159,
        0.5293726325035095,
        0.5289678573608398,
        0.5295899510383606,
        0.5268682837486267,
        0.5267853736877441,
        0.5262022018432617,
        0.5255770683288574,
        0.5250566005706787,
        0.5227780342102051
    ]
}