{
    "loss": [
        0.633622
    ],
    "val_loss": [
        0.632771
    ],
    "accuracy": [
        0.651077
    ],
    "val_accuracy": [
        0.652255
    ],
    "precision": [
        0.656259
    ],
    "val_precision": [
        0.657448
    ],
    "recall": [
        0.634536
    ],
    "val_recall": [
        0.635832
    ],
    "f1": [
        0.645214
    ],
    "val_f1": [
        0.646459
    ]
}