Id,question,interview_answer,clarity_label,evasion_label,prompt,generation,Predicted,valid,parse_method,parse_message,rationale
0,Request for clarity on the thinking about the Attorney General after the midterms.,"I'd rather answer that at a little bit different time. We're looking at a lot of different things, including Cabinet. I'm very happy with most of my Cabinet. We're looking at different people for different positions. You know, it's very common after the midterms. I didn't want to do anything before the midterms.But I will tell you that, for the most part, I'm extremely happy with my Cabinet. I think Mike Pompeo has fit in so beautifully. He's done an incredible job as——",Clear Non-Reply,Declining to answer,"Classify the interview answer's responsiveness to the question.

Use exactly one of these labels: Clear Reply, Ambivalent, Clear Non-Reply.

Label taxonomy:
- Clear Reply: Explicit
- Ambivalent: Deflection, Dodging, General, Implicit, Partial/half-answer
- Clear Non-Reply: Claims ignorance, Clarification, Declining to answer

Examples:
Example 1:
Question: Is ASEAN ready for the more advanced role in world affairs the U.S. would like to see it play?
Answer: I have not--I've been out of town, so I'm just seeing the press reports. I have not had a full briefing on Israel's intentions and what they've communicated to our administration. But this kind of activity is never helpful when it comes to peace negotiations. And I'm concerned that we're not seeing each side make the extra effort involved to get a breakthrough that could finally create a framework for a secure Israel living side and side--side ... o the world.For that reason, I hope that the economic relations between the U.S. and China will continue to proceed well, despite the geopolitical developments. We also hope to contribute to creating a region in East Asia, in Southeast Asia, and especially in Asia-Pacific, to become a region that is stable and productive.That is my views in general on the regional architecture issues and the future cooperation in our region.Thank you very much.
Label: Clear Reply

Example 2:
Question: Possibility of court battle over actions on immigration extending late into the term, what can be done for the people affected by the program and now in limbo, and the view on the possibility of ending the term without accomplishing goals on immigration.
Answer: On Ukraine and Russia and Minsk, there is strong consensus that we need to keep pushing Russia to abide by the terms of the Minsk agreement; we need to continue to support and encourage Ukraine to meet its obligations under Minsk; that until that's completed, sanctions remain in place.There was discussion about additional steps that we might need to take if Russia, working through separatists, doubled down on aggression inside of Ukraine. We—t ... out our authorities to go ahead and implement. But ultimately, this has never fully replaced the need for Congress to act. And my hope is, is that after a number of the other issues that we're working on currently get cleared, that there—some quiet conversations start up—back up again, particularly in the Republican Party, about the shortsighted approach that they're taking when it comes to immigration.Okay. Christi Parsons [Los Angeles Times].
Label: Ambivalent

Example 3:
Question: Reconciliation of commuting Manning's sentence with WikiLeaks' connection to Russia's hacking in the last year's election:
Answer: Well, first of all, let's be clear: Chelsea Manning has served a tough prison sentence. So the notion that the average person who was thinking about disclosing vital, classified information would think that it goes unpunished I don't think would get that impression from the sentence that Chelsea Manning has served.It has been my view that given she went to trial, that due process was carried out, that she took responsibility for her crime, tha ... ertising to our adversaries what it is that we're doing, but do so in a way that still keeps citizens up to speed on what their Government is doing on their behalf.But with respect to Chelsea Manning, I looked at the particulars of this case the same way I have for the other commutations and pardons that I've done, and I felt that in light of all the circumstances that commuting her sentence was entirely appropriate.Margaret Brennan [CBS News].
Label: Clear Non-Reply

Instance to classify:
Question: Request for clarity on the thinking about the Attorney General after the midterms.
Answer: I'd rather answer that at a little bit different time. We're looking at a lot of different things, including Cabinet. I'm very happy with most of my Cabinet. We're looking at different people for different positions. You know, it's very common after the midterms. I didn't want to do anything before the midterms.But I will tell you that, for the most part, I'm extremely happy with my Cabinet. I think Mike Pompeo has fit in so beautifully. He's done an incredible job as——

First decide the most likely label, then check that it is one of the allowed labels and that the answer is judged relative to the question rather than in isolation.

Output constraints:
- Your entire response must be exactly one of these labels: Clear Reply | Ambivalent | Clear Non-Reply.
- Do not output JSON.
- Do not output explanations, markdown, punctuation, or any extra text.",Clear Reply,Clear Reply,True,single_mention,,
1,Are there certain aspects that they've put forward that you don't support?,"Yes, there are actually, and we'll be talking about it. There are, you know, also things that I very much support, but we'll be negotiating. It's sort of semi-irrelevant because the Democrats come with their needs and asks, and the Republicans go with theirs. So we'll be discussing it with Mitch and all of the other people involved. Kevin has been very active, as you know—all of the people involved. Steve Mnuchin has done a great job, keeps everybody together, both Democrat and Republican.And we'll see. We want to do what's best for the people. I want to do what's best for the people. I want to do what's best for the economy, because that means jobs and lots of good things. All right?",Clear Reply,Explicit,"Classify the interview answer's responsiveness to the question.

Use exactly one of these labels: Clear Reply, Ambivalent, Clear Non-Reply.

Label taxonomy:
- Clear Reply: Explicit
- Ambivalent: Deflection, Dodging, General, Implicit, Partial/half-answer
- Clear Non-Reply: Claims ignorance, Clarification, Declining to answer

Examples:
Example 1:
Question: Is ASEAN ready for the more advanced role in world affairs the U.S. would like to see it play?
Answer: I have not--I've been out of town, so I'm just seeing the press reports. I have not had a full briefing on Israel's intentions and what they've communicated to our administration. But this kind of activity is never helpful when it comes to peace negotiations. And I'm concerned that we're not seeing each side make the extra effort involved to get a breakthrough that could finally create a framework for a secure Israel living side and side--side ... o the world.For that reason, I hope that the economic relations between the U.S. and China will continue to proceed well, despite the geopolitical developments. We also hope to contribute to creating a region in East Asia, in Southeast Asia, and especially in Asia-Pacific, to become a region that is stable and productive.That is my views in general on the regional architecture issues and the future cooperation in our region.Thank you very much.
Label: Clear Reply

Example 2:
Question: Possibility of court battle over actions on immigration extending late into the term, what can be done for the people affected by the program and now in limbo, and the view on the possibility of ending the term without accomplishing goals on immigration.
Answer: On Ukraine and Russia and Minsk, there is strong consensus that we need to keep pushing Russia to abide by the terms of the Minsk agreement; we need to continue to support and encourage Ukraine to meet its obligations under Minsk; that until that's completed, sanctions remain in place.There was discussion about additional steps that we might need to take if Russia, working through separatists, doubled down on aggression inside of Ukraine. We—t ... out our authorities to go ahead and implement. But ultimately, this has never fully replaced the need for Congress to act. And my hope is, is that after a number of the other issues that we're working on currently get cleared, that there—some quiet conversations start up—back up again, particularly in the Republican Party, about the shortsighted approach that they're taking when it comes to immigration.Okay. Christi Parsons [Los Angeles Times].
Label: Ambivalent

Example 3:
Question: Reconciliation of commuting Manning's sentence with WikiLeaks' connection to Russia's hacking in the last year's election:
Answer: Well, first of all, let's be clear: Chelsea Manning has served a tough prison sentence. So the notion that the average person who was thinking about disclosing vital, classified information would think that it goes unpunished I don't think would get that impression from the sentence that Chelsea Manning has served.It has been my view that given she went to trial, that due process was carried out, that she took responsibility for her crime, tha ... ertising to our adversaries what it is that we're doing, but do so in a way that still keeps citizens up to speed on what their Government is doing on their behalf.But with respect to Chelsea Manning, I looked at the particulars of this case the same way I have for the other commutations and pardons that I've done, and I felt that in light of all the circumstances that commuting her sentence was entirely appropriate.Margaret Brennan [CBS News].
Label: Clear Non-Reply

Instance to classify:
Question: Are there certain aspects that they've put forward that you don't support?
Answer: Yes, there are actually, and we'll be talking about it. There are, you know, also things that I very much support, but we'll be negotiating. It's sort of semi-irrelevant because the Democrats come with their needs and asks, and the Republicans go with theirs. So we'll be discussing it with Mitch and all of the other people involved. Kevin has been very active, as you know—all of the people involved. Steve Mnuchin has done a great job, keeps everybody together, both Democrat and Republican.And we'll see. We want to do what's best for the people. I want to do what's best for the people. I want to do what's best for the economy, because that means jobs and lots of good things. All right?

First decide the most likely label, then check that it is one of the allowed labels and that the answer is judged relative to the question rather than in isolation.

Output constraints:
- Your entire response must be exactly one of these labels: Clear Reply | Ambivalent | Clear Non-Reply.
- Do not output JSON.
- Do not output explanations, markdown, punctuation, or any extra text.",Clear Reply,Clear Reply,True,single_mention,,
2, Is Prime Minister Netanyahu willing to make the compromises that are needed for Israel to resolve its issues with the Palestinians?,"Well, I just think he's been a great Prime Minister. And I don't know about his difficulty, but you're telling me something that, you know, the—people have been hearing about. But I don't know about that.I can say this: that he's done a great job as Prime Minister. He's tough, he's smart, he's strong. He is very defensive. His military has been built up a lot. They buy a lot of equipment from the United States, and they pay for it. Of course, we give them tremendous, as you know, subsidy, also. Four billion dollars is a lot each year. But they are—they've been very good. They've been incredible, actually, in many ways. But there is a chance for peace between Israel and the Palestinians.And you know, it's interesting, all of my life, I've heard that the toughest of all deals—when they talk about tough deals; we all like deals—but the toughest of all deals would be peace between Israel and Palestinians. They say it's like the impossible deal. I'd love to be able to produce it. We'll see what happens.You know, we were paying the Palestinians a lot of money. And I ended that about 2 years ago, because they weren't saying the right things. And I said, why would we pay somebody that's not saying nice things about us and not really wanting to go to the peace table? And they've been much better. And we'll see what happens.",Clear Non-Reply,Claims ignorance,"Classify the interview answer's responsiveness to the question.

Use exactly one of these labels: Clear Reply, Ambivalent, Clear Non-Reply.

Label taxonomy:
- Clear Reply: Explicit
- Ambivalent: Deflection, Dodging, General, Implicit, Partial/half-answer
- Clear Non-Reply: Claims ignorance, Clarification, Declining to answer

Examples:
Example 1:
Question: Is ASEAN ready for the more advanced role in world affairs the U.S. would like to see it play?
Answer: I have not--I've been out of town, so I'm just seeing the press reports. I have not had a full briefing on Israel's intentions and what they've communicated to our administration. But this kind of activity is never helpful when it comes to peace negotiations. And I'm concerned that we're not seeing each side make the extra effort involved to get a breakthrough that could finally create a framework for a secure Israel living side and side--side ... o the world.For that reason, I hope that the economic relations between the U.S. and China will continue to proceed well, despite the geopolitical developments. We also hope to contribute to creating a region in East Asia, in Southeast Asia, and especially in Asia-Pacific, to become a region that is stable and productive.That is my views in general on the regional architecture issues and the future cooperation in our region.Thank you very much.
Label: Clear Reply

Example 2:
Question: Possibility of court battle over actions on immigration extending late into the term, what can be done for the people affected by the program and now in limbo, and the view on the possibility of ending the term without accomplishing goals on immigration.
Answer: On Ukraine and Russia and Minsk, there is strong consensus that we need to keep pushing Russia to abide by the terms of the Minsk agreement; we need to continue to support and encourage Ukraine to meet its obligations under Minsk; that until that's completed, sanctions remain in place.There was discussion about additional steps that we might need to take if Russia, working through separatists, doubled down on aggression inside of Ukraine. We—t ... out our authorities to go ahead and implement. But ultimately, this has never fully replaced the need for Congress to act. And my hope is, is that after a number of the other issues that we're working on currently get cleared, that there—some quiet conversations start up—back up again, particularly in the Republican Party, about the shortsighted approach that they're taking when it comes to immigration.Okay. Christi Parsons [Los Angeles Times].
Label: Ambivalent

Example 3:
Question: Reconciliation of commuting Manning's sentence with WikiLeaks' connection to Russia's hacking in the last year's election:
Answer: Well, first of all, let's be clear: Chelsea Manning has served a tough prison sentence. So the notion that the average person who was thinking about disclosing vital, classified information would think that it goes unpunished I don't think would get that impression from the sentence that Chelsea Manning has served.It has been my view that given she went to trial, that due process was carried out, that she took responsibility for her crime, tha ... ertising to our adversaries what it is that we're doing, but do so in a way that still keeps citizens up to speed on what their Government is doing on their behalf.But with respect to Chelsea Manning, I looked at the particulars of this case the same way I have for the other commutations and pardons that I've done, and I felt that in light of all the circumstances that commuting her sentence was entirely appropriate.Margaret Brennan [CBS News].
Label: Clear Non-Reply

Instance to classify:
Question: Is Prime Minister Netanyahu willing to make the compromises that are needed for Israel to resolve its issues with the Palestinians?
Answer: Well, I just think he's been a great Prime Minister. And I don't know about his difficulty, but you're telling me something that, you know, the—people have been hearing about. But I don't know about that.I can say this: that he's done a great job as Prime Minister. He's tough, he's smart, he's strong. He is very defensive. His military has been built up a lot. They buy a lot of equipment from the United States, and they pay for it. Of course, ... n Israel and Palestinians. They say it's like the impossible deal. I'd love to be able to produce it. We'll see what happens.You know, we were paying the Palestinians a lot of money. And I ended that about 2 years ago, because they weren't saying the right things. And I said, why would we pay somebody that's not saying nice things about us and not really wanting to go to the peace table? And they've been much better. And we'll see what happens.

First decide the most likely label, then check that it is one of the allowed labels and that the answer is judged relative to the question rather than in isolation.

Output constraints:
- Your entire response must be exactly one of these labels: Clear Reply | Ambivalent | Clear Non-Reply.
- Do not output JSON.
- Do not output explanations, markdown, punctuation, or any extra text.",Clear Reply,Clear Reply,True,single_mention,,
3,"How would Singapore address a U.S. leader who adopts a stance that is more closed off, more antiglobalization, for example, if we see that in November?","S., especially coming on the heels of the latest announcement of the medical team to the global coalition against ISIS. With the rising threat of terror in Asia and indeed the rest of the world, the potential for military confrontation in the South China Sea, how do you see Singapore featuring in U.S. plans to address this going forward?And last question, Four more years is a phrase that I think you've been hearing a little bit in the past few weeks and months. And while that's not possible—[]—if it were, how would you continue developing relationships with Singapore? What would be your key focus going forward, maybe the next 50 years as well? Thank you. Well, 50 years is a very long time. [] Fifty years ago, nobody imagined what the world would be like today or what Singapore would be like today, and that we would have such a deep and broad relationship and so many things to do together.We would like to build on this for the next 50 years. It depends on how we—each of our countries does: in Singapore, whether we are able to remain stable, prosperous, open, successful; in America, whether you remain one of the dynamic, vibrant, leading economies in the world, in a world in which there are other powers, other centers of creativity and technology and science and progress, but yet it's a unique participant with a history of contributing to the world not just for your own interests, but because you believe that the world should be a better place for all countries.And if America can do that, and if Singapore can maintain our success, then I think there are many opportunities for us to make common cause together. And then, the rebalancing, which the President has enunciated and executed, will sustain and endure for many years to come. It will be a very different world. The countries will grow; other countries will slow down. Demographics will have a big factor to come. I mean, if we look at Japan, their population has been shrinking, and they will have to do something, somehow, to turn it around. Otherwise, 50 more years of population shrinking and you have a very small country left in terms of economy, in terms of influence internationally.Singapore, too, has demographic issues. America has a demographic change—the population is not shrinking, but the composition is changing. And in this situation, we have to adjust to a new world, maintaining our position and our ability to compete and yet knowing that it's not going to be the same as it was in 1946, when America was about half the world's GDP. So—or one-quarter of the world's GDP.So that's the crucial factor over the next 50 years. As for what we do over bipartisan links, if there's a U.S. leader who is more closed off and wants to turn inward, I don't think this is the right forum or indeed there is any right forum for me to talk about U.S. politics in public at this moment. We will work with whoever is the U.S. administration, whichever party. We've worked with five Republican and four Democratic administrations. And our experience of American elections, Presidential elections, has been that many pressures build up during the election campaign. And after the elections, in a calmer, cooler atmosphere, positions are rethought, strategies are nuanced, and a certain balance is kept in the direction of the ship of state. It doesn't turn completely upside down.The Americans take pride in having a system with checks of—with checks and balances so that it is not so easy to do things, but it is not so easy to completely mess things up. [] No. And we admire that, and sometimes, we depend upon that. [] The—he's absolutely right. [] The wisdom of our Founders.With respect to military cooperation, obviously, Singapore is a small country, but as I've said before, it punches above its weight. Because so much of our work in the Asia-Pacific region is not a matter of active conflict, but rather creating an architecture, a framework of rules and norms that keeps the peace and that has underwritten security for the region and for us for many years now. And Singapore is so often the adult in the room, the level head, that can help us work with a wide range of countries around certain issues, help defuse tensions. In many ways, the diplomatic work and collaboration that we do with Singapore is as critical, if not more critical, than the work militarily.But what is also true is the nature of threats today, when you think of cyber threats or our concern about enforcing sanctions against North Korea to ensure nonproliferation of nuclear materials or being able to countermessage ISIL in a place like Southeast Asia and ensure information sharing with countries where there may be a budding terrorist threat, those are all issues of military finesse and intelligence and precision, and that—those are areas where Singapore excels.So in addition to being a very important logistical hub and center for our operations, the partnership that we're able to maintain helps us to work with a whole range of other countries much more effectively than we would if Singapore weren't there and we were having to just try to gather up all these countries individually. And that's where ASEAN and the East Asia Summit, I think, has also been very important, because it is institutionalizing many of these practices in ways that, hopefully, avoids conflict in the first place, which would be in everybody's interest.With the—as far as where the relationship goes, I think the Prime Minister is absolutely right: Fifty years from now, it's very hard to anticipate where we're going, but there are certain trends that I think are inevitable. The Asia-Pacific region will continue to grow and will continue to account for a larger share of the world's economy. There are going to be countries in the Southeast Asian region that look to follow the path of Singapore into a mature, advanced economy. It is going to be a big market. And the United States is still going to have a massive interest in maintaining itself as a Asia-Pacific power and in maintaining strong bonds of trade and commerce and scientific exchange and educational exchange.And given the close strategic interests, but maybe even more importantly, the close people-to-people ties between America and Singapore, I think we can anticipate that that will be just as strong 50 years from now as it is today.The—Singapore has to take into account not just American interests. China is a big neighbor, and there are strong commercial ties and cultural ties there as well. And in that sense, Singapore actually can serve as a useful partner with us and with China to assure that the U.S.-Sino relationship moves in a productive way, which I think would be in the interests of both countries.So this is going to be a central engine for world growth. And if we do a good job in maintaining stability, ensuring a rules-based order, continuing to promote greater transparency and reducing corruption in the region so that all people are benefiting from the rapid growth that is taking place, then I think the future 50 years from now will be bright.Jordan Fabian [The Hill].",Clear Reply,Explicit,"Classify the interview answer's responsiveness to the question.

Use exactly one of these labels: Clear Reply, Ambivalent, Clear Non-Reply.

Label taxonomy:
- Clear Reply: Explicit
- Ambivalent: Deflection, Dodging, General, Implicit, Partial/half-answer
- Clear Non-Reply: Claims ignorance, Clarification, Declining to answer

Examples:
Example 1:
Question: Is ASEAN ready for the more advanced role in world affairs the U.S. would like to see it play?
Answer: I have not--I've been out of town, so I'm just seeing the press reports. I have not had a full briefing on Israel's intentions and what they've communicated to our administration. But this kind of activity is never helpful when it comes to peace negotiations. And I'm concerned that we're not seeing each side make the extra effort involved to get a breakthrough that could finally create a framework for a secure Israel living side and side--side ... o the world.For that reason, I hope that the economic relations between the U.S. and China will continue to proceed well, despite the geopolitical developments. We also hope to contribute to creating a region in East Asia, in Southeast Asia, and especially in Asia-Pacific, to become a region that is stable and productive.That is my views in general on the regional architecture issues and the future cooperation in our region.Thank you very much.
Label: Clear Reply

Example 2:
Question: Possibility of court battle over actions on immigration extending late into the term, what can be done for the people affected by the program and now in limbo, and the view on the possibility of ending the term without accomplishing goals on immigration.
Answer: On Ukraine and Russia and Minsk, there is strong consensus that we need to keep pushing Russia to abide by the terms of the Minsk agreement; we need to continue to support and encourage Ukraine to meet its obligations under Minsk; that until that's completed, sanctions remain in place.There was discussion about additional steps that we might need to take if Russia, working through separatists, doubled down on aggression inside of Ukraine. We—t ... out our authorities to go ahead and implement. But ultimately, this has never fully replaced the need for Congress to act. And my hope is, is that after a number of the other issues that we're working on currently get cleared, that there—some quiet conversations start up—back up again, particularly in the Republican Party, about the shortsighted approach that they're taking when it comes to immigration.Okay. Christi Parsons [Los Angeles Times].
Label: Ambivalent

Example 3:
Question: Reconciliation of commuting Manning's sentence with WikiLeaks' connection to Russia's hacking in the last year's election:
Answer: Well, first of all, let's be clear: Chelsea Manning has served a tough prison sentence. So the notion that the average person who was thinking about disclosing vital, classified information would think that it goes unpunished I don't think would get that impression from the sentence that Chelsea Manning has served.It has been my view that given she went to trial, that due process was carried out, that she took responsibility for her crime, tha ... ertising to our adversaries what it is that we're doing, but do so in a way that still keeps citizens up to speed on what their Government is doing on their behalf.But with respect to Chelsea Manning, I looked at the particulars of this case the same way I have for the other commutations and pardons that I've done, and I felt that in light of all the circumstances that commuting her sentence was entirely appropriate.Margaret Brennan [CBS News].
Label: Clear Non-Reply

Instance to classify:
Question: How would Singapore address a U.S. leader who adopts a stance that is more closed off, more antiglobalization, for example, if we see that in November?
Answer: S., especially coming on the heels of the latest announcement of the medical team to the global coalition against ISIS. With the rising threat of terror in Asia and indeed the rest of the world, the potential for military confrontation in the South China Sea, how do you see Singapore featuring in U.S. plans to address this going forward?And last question, Four more years is a phrase that I think you've been hearing a little bit in the past few ... ctive way, which I think would be in the interests of both countries.So this is going to be a central engine for world growth. And if we do a good job in maintaining stability, ensuring a rules-based order, continuing to promote greater transparency and reducing corruption in the region so that all people are benefiting from the rapid growth that is taking place, then I think the future 50 years from now will be bright.Jordan Fabian [The Hill].

First decide the most likely label, then check that it is one of the allowed labels and that the answer is judged relative to the question rather than in isolation.

Output constraints:
- Your entire response must be exactly one of these labels: Clear Reply | Ambivalent | Clear Non-Reply.
- Do not output JSON.
- Do not output explanations, markdown, punctuation, or any extra text.",Clear Reply,Clear Reply,True,single_mention,,
4,Follow-up question request,"[] The third one, yes. Go ahead.",Clear Reply,Explicit,"Classify the interview answer's responsiveness to the question.

Use exactly one of these labels: Clear Reply, Ambivalent, Clear Non-Reply.

Label taxonomy:
- Clear Reply: Explicit
- Ambivalent: Deflection, Dodging, General, Implicit, Partial/half-answer
- Clear Non-Reply: Claims ignorance, Clarification, Declining to answer

Examples:
Example 1:
Question: Is ASEAN ready for the more advanced role in world affairs the U.S. would like to see it play?
Answer: I have not--I've been out of town, so I'm just seeing the press reports. I have not had a full briefing on Israel's intentions and what they've communicated to our administration. But this kind of activity is never helpful when it comes to peace negotiations. And I'm concerned that we're not seeing each side make the extra effort involved to get a breakthrough that could finally create a framework for a secure Israel living side and side--side ... o the world.For that reason, I hope that the economic relations between the U.S. and China will continue to proceed well, despite the geopolitical developments. We also hope to contribute to creating a region in East Asia, in Southeast Asia, and especially in Asia-Pacific, to become a region that is stable and productive.That is my views in general on the regional architecture issues and the future cooperation in our region.Thank you very much.
Label: Clear Reply

Example 2:
Question: Possibility of court battle over actions on immigration extending late into the term, what can be done for the people affected by the program and now in limbo, and the view on the possibility of ending the term without accomplishing goals on immigration.
Answer: On Ukraine and Russia and Minsk, there is strong consensus that we need to keep pushing Russia to abide by the terms of the Minsk agreement; we need to continue to support and encourage Ukraine to meet its obligations under Minsk; that until that's completed, sanctions remain in place.There was discussion about additional steps that we might need to take if Russia, working through separatists, doubled down on aggression inside of Ukraine. We—t ... out our authorities to go ahead and implement. But ultimately, this has never fully replaced the need for Congress to act. And my hope is, is that after a number of the other issues that we're working on currently get cleared, that there—some quiet conversations start up—back up again, particularly in the Republican Party, about the shortsighted approach that they're taking when it comes to immigration.Okay. Christi Parsons [Los Angeles Times].
Label: Ambivalent

Example 3:
Question: Reconciliation of commuting Manning's sentence with WikiLeaks' connection to Russia's hacking in the last year's election:
Answer: Well, first of all, let's be clear: Chelsea Manning has served a tough prison sentence. So the notion that the average person who was thinking about disclosing vital, classified information would think that it goes unpunished I don't think would get that impression from the sentence that Chelsea Manning has served.It has been my view that given she went to trial, that due process was carried out, that she took responsibility for her crime, tha ... ertising to our adversaries what it is that we're doing, but do so in a way that still keeps citizens up to speed on what their Government is doing on their behalf.But with respect to Chelsea Manning, I looked at the particulars of this case the same way I have for the other commutations and pardons that I've done, and I felt that in light of all the circumstances that commuting her sentence was entirely appropriate.Margaret Brennan [CBS News].
Label: Clear Non-Reply

Instance to classify:
Question: Follow-up question request
Answer: [] The third one, yes. Go ahead.

First decide the most likely label, then check that it is one of the allowed labels and that the answer is judged relative to the question rather than in isolation.

Output constraints:
- Your entire response must be exactly one of these labels: Clear Reply | Ambivalent | Clear Non-Reply.
- Do not output JSON.
- Do not output explanations, markdown, punctuation, or any extra text.",Clear Non-Reply,Clear Non-Reply,True,single_mention,,
5,What would it mean for Russian democracy if Vladimir Putin is still in power when you leave power?,"Yes. You know, one of the interesting—well, my leadership style has been to try to be in a position where I actually can influence people. And one way to do that is to have personal relationships that enable me to sit down and tell people what's on my mind without fear of rupturing relations. And that's how I've tried to conduct my business with Vladimir Putin. We don't agree on a lot of issues; we do agree on some. is one; nuclear proliferation is another. Reducing our nuclear warheads was an issue that we agreed on early.But I believe good diplomacy requires good relations at the leadership level. That's why, in Slovakia, I was in a position to tell him that we didn't understand why he was altering the relationship between the Russian Government and a free press—in other words, why the free press was becoming less free. And I was able to do— he didn't like it. Nobody likes to be talked to in a way that may point up different flaws in their strategy. But I was able to do so in a way that didn't rupture relations. He was able to tell me going into Iraq wasn't the right thing. And to me that's good diplomacy. And so I'm—and I'll continue to practice that diplomacy.Now, in terms of whether or not it's possible to reprogram the kind of basic Russian DNA, which is a centralized authority, that's hard to do. We've worked hard to make it appear in their interests—or we made it clear to them that it is in their interests to have good relations with the West. And the best way to have good long-term relations with the West is to recognize that checks and balances in government are important or to recognize there are certain freedoms that are inviolate. So Russia's a complex relationship, but it's an important relationship to maintain.",Ambivalent,Deflection,"Classify the interview answer's responsiveness to the question.

Use exactly one of these labels: Clear Reply, Ambivalent, Clear Non-Reply.

Label taxonomy:
- Clear Reply: Explicit
- Ambivalent: Deflection, Dodging, General, Implicit, Partial/half-answer
- Clear Non-Reply: Claims ignorance, Clarification, Declining to answer

Examples:
Example 1:
Question: Is ASEAN ready for the more advanced role in world affairs the U.S. would like to see it play?
Answer: I have not--I've been out of town, so I'm just seeing the press reports. I have not had a full briefing on Israel's intentions and what they've communicated to our administration. But this kind of activity is never helpful when it comes to peace negotiations. And I'm concerned that we're not seeing each side make the extra effort involved to get a breakthrough that could finally create a framework for a secure Israel living side and side--side ... o the world.For that reason, I hope that the economic relations between the U.S. and China will continue to proceed well, despite the geopolitical developments. We also hope to contribute to creating a region in East Asia, in Southeast Asia, and especially in Asia-Pacific, to become a region that is stable and productive.That is my views in general on the regional architecture issues and the future cooperation in our region.Thank you very much.
Label: Clear Reply

Example 2:
Question: Possibility of court battle over actions on immigration extending late into the term, what can be done for the people affected by the program and now in limbo, and the view on the possibility of ending the term without accomplishing goals on immigration.
Answer: On Ukraine and Russia and Minsk, there is strong consensus that we need to keep pushing Russia to abide by the terms of the Minsk agreement; we need to continue to support and encourage Ukraine to meet its obligations under Minsk; that until that's completed, sanctions remain in place.There was discussion about additional steps that we might need to take if Russia, working through separatists, doubled down on aggression inside of Ukraine. We—t ... out our authorities to go ahead and implement. But ultimately, this has never fully replaced the need for Congress to act. And my hope is, is that after a number of the other issues that we're working on currently get cleared, that there—some quiet conversations start up—back up again, particularly in the Republican Party, about the shortsighted approach that they're taking when it comes to immigration.Okay. Christi Parsons [Los Angeles Times].
Label: Ambivalent

Example 3:
Question: Reconciliation of commuting Manning's sentence with WikiLeaks' connection to Russia's hacking in the last year's election:
Answer: Well, first of all, let's be clear: Chelsea Manning has served a tough prison sentence. So the notion that the average person who was thinking about disclosing vital, classified information would think that it goes unpunished I don't think would get that impression from the sentence that Chelsea Manning has served.It has been my view that given she went to trial, that due process was carried out, that she took responsibility for her crime, tha ... ertising to our adversaries what it is that we're doing, but do so in a way that still keeps citizens up to speed on what their Government is doing on their behalf.But with respect to Chelsea Manning, I looked at the particulars of this case the same way I have for the other commutations and pardons that I've done, and I felt that in light of all the circumstances that commuting her sentence was entirely appropriate.Margaret Brennan [CBS News].
Label: Clear Non-Reply

Instance to classify:
Question: What would it mean for Russian democracy if Vladimir Putin is still in power when you leave power?
Answer: Yes. You know, one of the interesting—well, my leadership style has been to try to be in a position where I actually can influence people. And one way to do that is to have personal relationships that enable me to sit down and tell people what's on my mind without fear of rupturing relations. And that's how I've tried to conduct my business with Vladimir Putin. We don't agree on a lot of issues; we do agree on some. is one; nuclear proliferati ... hat's hard to do. We've worked hard to make it appear in their interests—or we made it clear to them that it is in their interests to have good relations with the West. And the best way to have good long-term relations with the West is to recognize that checks and balances in government are important or to recognize there are certain freedoms that are inviolate. So Russia's a complex relationship, but it's an important relationship to maintain.

First decide the most likely label, then check that it is one of the allowed labels and that the answer is judged relative to the question rather than in isolation.

Output constraints:
- Your entire response must be exactly one of these labels: Clear Reply | Ambivalent | Clear Non-Reply.
- Do not output JSON.
- Do not output explanations, markdown, punctuation, or any extra text.",Clear Reply,Clear Reply,True,single_mention,,
6,"Encouraging Federal properties, including the White House complex, to follow the order.",We're going to make a decision over the next 24 hours. We'll let you know what that decision is. Okay?,Clear Non-Reply,Declining to answer,"Classify the interview answer's responsiveness to the question.

Use exactly one of these labels: Clear Reply, Ambivalent, Clear Non-Reply.

Label taxonomy:
- Clear Reply: Explicit
- Ambivalent: Deflection, Dodging, General, Implicit, Partial/half-answer
- Clear Non-Reply: Claims ignorance, Clarification, Declining to answer

Examples:
Example 1:
Question: Is ASEAN ready for the more advanced role in world affairs the U.S. would like to see it play?
Answer: I have not--I've been out of town, so I'm just seeing the press reports. I have not had a full briefing on Israel's intentions and what they've communicated to our administration. But this kind of activity is never helpful when it comes to peace negotiations. And I'm concerned that we're not seeing each side make the extra effort involved to get a breakthrough that could finally create a framework for a secure Israel living side and side--side ... o the world.For that reason, I hope that the economic relations between the U.S. and China will continue to proceed well, despite the geopolitical developments. We also hope to contribute to creating a region in East Asia, in Southeast Asia, and especially in Asia-Pacific, to become a region that is stable and productive.That is my views in general on the regional architecture issues and the future cooperation in our region.Thank you very much.
Label: Clear Reply

Example 2:
Question: Possibility of court battle over actions on immigration extending late into the term, what can be done for the people affected by the program and now in limbo, and the view on the possibility of ending the term without accomplishing goals on immigration.
Answer: On Ukraine and Russia and Minsk, there is strong consensus that we need to keep pushing Russia to abide by the terms of the Minsk agreement; we need to continue to support and encourage Ukraine to meet its obligations under Minsk; that until that's completed, sanctions remain in place.There was discussion about additional steps that we might need to take if Russia, working through separatists, doubled down on aggression inside of Ukraine. We—t ... out our authorities to go ahead and implement. But ultimately, this has never fully replaced the need for Congress to act. And my hope is, is that after a number of the other issues that we're working on currently get cleared, that there—some quiet conversations start up—back up again, particularly in the Republican Party, about the shortsighted approach that they're taking when it comes to immigration.Okay. Christi Parsons [Los Angeles Times].
Label: Ambivalent

Example 3:
Question: Reconciliation of commuting Manning's sentence with WikiLeaks' connection to Russia's hacking in the last year's election:
Answer: Well, first of all, let's be clear: Chelsea Manning has served a tough prison sentence. So the notion that the average person who was thinking about disclosing vital, classified information would think that it goes unpunished I don't think would get that impression from the sentence that Chelsea Manning has served.It has been my view that given she went to trial, that due process was carried out, that she took responsibility for her crime, tha ... ertising to our adversaries what it is that we're doing, but do so in a way that still keeps citizens up to speed on what their Government is doing on their behalf.But with respect to Chelsea Manning, I looked at the particulars of this case the same way I have for the other commutations and pardons that I've done, and I felt that in light of all the circumstances that commuting her sentence was entirely appropriate.Margaret Brennan [CBS News].
Label: Clear Non-Reply

Instance to classify:
Question: Encouraging Federal properties, including the White House complex, to follow the order.
Answer: We're going to make a decision over the next 24 hours. We'll let you know what that decision is. Okay?

First decide the most likely label, then check that it is one of the allowed labels and that the answer is judged relative to the question rather than in isolation.

Output constraints:
- Your entire response must be exactly one of these labels: Clear Reply | Ambivalent | Clear Non-Reply.
- Do not output JSON.
- Do not output explanations, markdown, punctuation, or any extra text.",Clear Reply,Clear Reply,True,single_mention,,
7, Isn't consumer spending or overspending how we got into this mess?,"Well, first of all, I don't think it's accurate to say that consumer spending got us into this mess. What got us into this mess initially were banks taking exorbitant, wild risks with other people's monies based on shaky assets. And because of the enormous leverage where they had $1 worth of assets and they were betting $30 on that $1, what we had was a crisis in the financial system. That led to a contraction of credit, which in turn meant businesses couldn't make payroll or make inventories, which meant that everybody became uncertain about the future of the economy, so people started making decisions accordingly, reducing investment, initiated layoffs, which in turn made things worse.Now, you are making a legitimate point, Chuck, about the fact that our savings rate has declined and this economy has been driven by consumer spending for a very long time, and that's not going to be sustainable. You know, if all we're doing is spending, and we're not making things, then over time other countries are going to get tired of lending us money and eventually the party is going to be over. Well, in fact, the party now is over.And so the sequence of how we're approaching this is as follows: Our immediate job is to stop the downward spiral, and that means putting money into consumers' pockets, it means loosening up credit, it means putting forward investments that not only employ people immediately but also lay the groundwork for long-term economic growth. And that, by the way, is important even if you're a fiscal conservative, because the biggest problem we're going to have with our Federal budget is if we continue a situation in which there are no tax revenues because economic growth is plummeting at the same time as we've got more demands for unemployment insurance, we've got more demands for people who've lost their health care, more demand for food stamps. That will put enormous strains on the Federal budget as well as the State budget.So the most important thing we can do for our budget crisis right now is to make sure that the economy doesn't continue to tank. And that's why passing the economic recovery plan is the right thing to do, even though I recognize that it's expensive. Look, I would love not to have to spend money right now. I'd--this notion that somehow I came in here just ginned up to spend $800 billion, that wasn't how I envisioned my Presidency beginning, but we have to adapt to existing circumstances.Now, what we are going to also have to do is to make sure that as soon as the economy stabilizes, investment begins again; we're no longer contracting but we're growing; that our mid-term and long-term budget is dealt with. And I think the same is true for individual consumers. Right now they're just trying to figure out, how do I make sure that if I lose my job, I'm still going to be able to make my mortgage payments. Or they're worried about how am I going to pay next month's bills. So they're not engaging in a lot of long-term financial planning.Once the economy stabilizes and people are less fearful, then I do think that we're going to have to start thinking about how do we operate more prudently, because there's no such thing as a free lunch. So if you want to get--if you want to buy a house, then putting zero down and buying a house that is probably not affordable for you in case something goes wrong, that's something that has to be reconsidered.So we're going to have to change our bad habits. But right now, the key is making sure that we pull ourselves out of the economic slump that we're in.All right. Julianna Goldman, Bloomberg.",Clear Reply,Explicit,"Classify the interview answer's responsiveness to the question.

Use exactly one of these labels: Clear Reply, Ambivalent, Clear Non-Reply.

Label taxonomy:
- Clear Reply: Explicit
- Ambivalent: Deflection, Dodging, General, Implicit, Partial/half-answer
- Clear Non-Reply: Claims ignorance, Clarification, Declining to answer

Examples:
Example 1:
Question: Is ASEAN ready for the more advanced role in world affairs the U.S. would like to see it play?
Answer: I have not--I've been out of town, so I'm just seeing the press reports. I have not had a full briefing on Israel's intentions and what they've communicated to our administration. But this kind of activity is never helpful when it comes to peace negotiations. And I'm concerned that we're not seeing each side make the extra effort involved to get a breakthrough that could finally create a framework for a secure Israel living side and side--side ... o the world.For that reason, I hope that the economic relations between the U.S. and China will continue to proceed well, despite the geopolitical developments. We also hope to contribute to creating a region in East Asia, in Southeast Asia, and especially in Asia-Pacific, to become a region that is stable and productive.That is my views in general on the regional architecture issues and the future cooperation in our region.Thank you very much.
Label: Clear Reply

Example 2:
Question: Possibility of court battle over actions on immigration extending late into the term, what can be done for the people affected by the program and now in limbo, and the view on the possibility of ending the term without accomplishing goals on immigration.
Answer: On Ukraine and Russia and Minsk, there is strong consensus that we need to keep pushing Russia to abide by the terms of the Minsk agreement; we need to continue to support and encourage Ukraine to meet its obligations under Minsk; that until that's completed, sanctions remain in place.There was discussion about additional steps that we might need to take if Russia, working through separatists, doubled down on aggression inside of Ukraine. We—t ... out our authorities to go ahead and implement. But ultimately, this has never fully replaced the need for Congress to act. And my hope is, is that after a number of the other issues that we're working on currently get cleared, that there—some quiet conversations start up—back up again, particularly in the Republican Party, about the shortsighted approach that they're taking when it comes to immigration.Okay. Christi Parsons [Los Angeles Times].
Label: Ambivalent

Example 3:
Question: Reconciliation of commuting Manning's sentence with WikiLeaks' connection to Russia's hacking in the last year's election:
Answer: Well, first of all, let's be clear: Chelsea Manning has served a tough prison sentence. So the notion that the average person who was thinking about disclosing vital, classified information would think that it goes unpunished I don't think would get that impression from the sentence that Chelsea Manning has served.It has been my view that given she went to trial, that due process was carried out, that she took responsibility for her crime, tha ... ertising to our adversaries what it is that we're doing, but do so in a way that still keeps citizens up to speed on what their Government is doing on their behalf.But with respect to Chelsea Manning, I looked at the particulars of this case the same way I have for the other commutations and pardons that I've done, and I felt that in light of all the circumstances that commuting her sentence was entirely appropriate.Margaret Brennan [CBS News].
Label: Clear Non-Reply

Instance to classify:
Question: Isn't consumer spending or overspending how we got into this mess?
Answer: Well, first of all, I don't think it's accurate to say that consumer spending got us into this mess. What got us into this mess initially were banks taking exorbitant, wild risks with other people's monies based on shaky assets. And because of the enormous leverage where they had $1 worth of assets and they were betting $30 on that $1, what we had was a crisis in the financial system. That led to a contraction of credit, which in turn meant bu ... ly, because there's no such thing as a free lunch. So if you want to get--if you want to buy a house, then putting zero down and buying a house that is probably not affordable for you in case something goes wrong, that's something that has to be reconsidered.So we're going to have to change our bad habits. But right now, the key is making sure that we pull ourselves out of the economic slump that we're in.All right. Julianna Goldman, Bloomberg.

First decide the most likely label, then check that it is one of the allowed labels and that the answer is judged relative to the question rather than in isolation.

Output constraints:
- Your entire response must be exactly one of these labels: Clear Reply | Ambivalent | Clear Non-Reply.
- Do not output JSON.
- Do not output explanations, markdown, punctuation, or any extra text.",Clear Non-Reply,Clear Non-Reply,True,single_mention,,
8,Comparison between self-quarantine for Americans returning from Europe and the President's encounter with someone who now has coronavirus from Brazil.,"Well, I'll tell you, first of all, I'm not coming back from someplace.",Ambivalent,Deflection,"Classify the interview answer's responsiveness to the question.

Use exactly one of these labels: Clear Reply, Ambivalent, Clear Non-Reply.

Label taxonomy:
- Clear Reply: Explicit
- Ambivalent: Deflection, Dodging, General, Implicit, Partial/half-answer
- Clear Non-Reply: Claims ignorance, Clarification, Declining to answer

Examples:
Example 1:
Question: Is ASEAN ready for the more advanced role in world affairs the U.S. would like to see it play?
Answer: I have not--I've been out of town, so I'm just seeing the press reports. I have not had a full briefing on Israel's intentions and what they've communicated to our administration. But this kind of activity is never helpful when it comes to peace negotiations. And I'm concerned that we're not seeing each side make the extra effort involved to get a breakthrough that could finally create a framework for a secure Israel living side and side--side ... o the world.For that reason, I hope that the economic relations between the U.S. and China will continue to proceed well, despite the geopolitical developments. We also hope to contribute to creating a region in East Asia, in Southeast Asia, and especially in Asia-Pacific, to become a region that is stable and productive.That is my views in general on the regional architecture issues and the future cooperation in our region.Thank you very much.
Label: Clear Reply

Example 2:
Question: Possibility of court battle over actions on immigration extending late into the term, what can be done for the people affected by the program and now in limbo, and the view on the possibility of ending the term without accomplishing goals on immigration.
Answer: On Ukraine and Russia and Minsk, there is strong consensus that we need to keep pushing Russia to abide by the terms of the Minsk agreement; we need to continue to support and encourage Ukraine to meet its obligations under Minsk; that until that's completed, sanctions remain in place.There was discussion about additional steps that we might need to take if Russia, working through separatists, doubled down on aggression inside of Ukraine. We—t ... out our authorities to go ahead and implement. But ultimately, this has never fully replaced the need for Congress to act. And my hope is, is that after a number of the other issues that we're working on currently get cleared, that there—some quiet conversations start up—back up again, particularly in the Republican Party, about the shortsighted approach that they're taking when it comes to immigration.Okay. Christi Parsons [Los Angeles Times].
Label: Ambivalent

Example 3:
Question: Reconciliation of commuting Manning's sentence with WikiLeaks' connection to Russia's hacking in the last year's election:
Answer: Well, first of all, let's be clear: Chelsea Manning has served a tough prison sentence. So the notion that the average person who was thinking about disclosing vital, classified information would think that it goes unpunished I don't think would get that impression from the sentence that Chelsea Manning has served.It has been my view that given she went to trial, that due process was carried out, that she took responsibility for her crime, tha ... ertising to our adversaries what it is that we're doing, but do so in a way that still keeps citizens up to speed on what their Government is doing on their behalf.But with respect to Chelsea Manning, I looked at the particulars of this case the same way I have for the other commutations and pardons that I've done, and I felt that in light of all the circumstances that commuting her sentence was entirely appropriate.Margaret Brennan [CBS News].
Label: Clear Non-Reply

Instance to classify:
Question: Comparison between self-quarantine for Americans returning from Europe and the President's encounter with someone who now has coronavirus from Brazil.
Answer: Well, I'll tell you, first of all, I'm not coming back from someplace.

First decide the most likely label, then check that it is one of the allowed labels and that the answer is judged relative to the question rather than in isolation.

Output constraints:
- Your entire response must be exactly one of these labels: Clear Reply | Ambivalent | Clear Non-Reply.
- Do not output JSON.
- Do not output explanations, markdown, punctuation, or any extra text.",Clear Non-Reply,Clear Non-Reply,True,single_mention,,
9, Are you the responsible party for completing a deal?,"Absolutely, it's my job. I'm the President. And I think this has to get done. Just a broader point: If somebody told you that there is a plan out there that is guaranteed to double your health care costs over the next 10 years, that's guaranteed to result in more Americans losing their health care, and that is by far the biggest contributor to our Federal deficit, I think most people would be opposed to that. Well, that's the status quo. That's what we have right now.So if we don't change, we can't expect a different result. And that's why I think this is so important, not only for those families out there who are struggling and who need some protection from abuses in the insurance industry or need some protection from skyrocketing costs, but it's also important for our economy.And by the way, it's important for families' wages and incomes. One of the things that doesn't get talked about is the fact that when premiums are going up and the costs to employers are going up, that's money that could be going into people's wages and incomes. And over the last decade, we basically saw middle class families—their incomes and wages flatlined. Part of the reason is because health care costs are gobbling that up.And that's why I say, if we can—even if we don't reduce our health care costs by the $6,000 that we're paying more than any other country on Earth, if we just reduced it by two or three thousand, that would mean money in people's pockets. And that's possible to do. But we're going to have to make some changes. We've got to change how health care is delivered to doctors—the health care delivery system works so that doctors are being paid for the quality of care and not the quantity of care. We've got to make information technology more effective. We've got to have the medical system work in teams so that people don't go through five different tests. Those are all critical to do, and we can do them.Now, I understand that people are feeling uncertain about this, they feel anxious, partly because we've just become so cynical about what government can accomplish, that people's attitudes are, you know, even though I don't like this devil, at least I know it, and I like that more than the devil I don't know. So folks are skeptical, and that is entirely legitimate because they haven't seen a lot of laws coming out of Washington lately that help them.But my hope is, and I'm confident that, when people look at the costs of doing nothing, they're going to say, we can make this happen. We've made big changes before that end up resulting in a better life for the American people.David Alexander of Reuters.",Clear Reply,Explicit,"Classify the interview answer's responsiveness to the question.

Use exactly one of these labels: Clear Reply, Ambivalent, Clear Non-Reply.

Label taxonomy:
- Clear Reply: Explicit
- Ambivalent: Deflection, Dodging, General, Implicit, Partial/half-answer
- Clear Non-Reply: Claims ignorance, Clarification, Declining to answer

Examples:
Example 1:
Question: Is ASEAN ready for the more advanced role in world affairs the U.S. would like to see it play?
Answer: I have not--I've been out of town, so I'm just seeing the press reports. I have not had a full briefing on Israel's intentions and what they've communicated to our administration. But this kind of activity is never helpful when it comes to peace negotiations. And I'm concerned that we're not seeing each side make the extra effort involved to get a breakthrough that could finally create a framework for a secure Israel living side and side--side ... o the world.For that reason, I hope that the economic relations between the U.S. and China will continue to proceed well, despite the geopolitical developments. We also hope to contribute to creating a region in East Asia, in Southeast Asia, and especially in Asia-Pacific, to become a region that is stable and productive.That is my views in general on the regional architecture issues and the future cooperation in our region.Thank you very much.
Label: Clear Reply

Example 2:
Question: Possibility of court battle over actions on immigration extending late into the term, what can be done for the people affected by the program and now in limbo, and the view on the possibility of ending the term without accomplishing goals on immigration.
Answer: On Ukraine and Russia and Minsk, there is strong consensus that we need to keep pushing Russia to abide by the terms of the Minsk agreement; we need to continue to support and encourage Ukraine to meet its obligations under Minsk; that until that's completed, sanctions remain in place.There was discussion about additional steps that we might need to take if Russia, working through separatists, doubled down on aggression inside of Ukraine. We—t ... out our authorities to go ahead and implement. But ultimately, this has never fully replaced the need for Congress to act. And my hope is, is that after a number of the other issues that we're working on currently get cleared, that there—some quiet conversations start up—back up again, particularly in the Republican Party, about the shortsighted approach that they're taking when it comes to immigration.Okay. Christi Parsons [Los Angeles Times].
Label: Ambivalent

Example 3:
Question: Reconciliation of commuting Manning's sentence with WikiLeaks' connection to Russia's hacking in the last year's election:
Answer: Well, first of all, let's be clear: Chelsea Manning has served a tough prison sentence. So the notion that the average person who was thinking about disclosing vital, classified information would think that it goes unpunished I don't think would get that impression from the sentence that Chelsea Manning has served.It has been my view that given she went to trial, that due process was carried out, that she took responsibility for her crime, tha ... ertising to our adversaries what it is that we're doing, but do so in a way that still keeps citizens up to speed on what their Government is doing on their behalf.But with respect to Chelsea Manning, I looked at the particulars of this case the same way I have for the other commutations and pardons that I've done, and I felt that in light of all the circumstances that commuting her sentence was entirely appropriate.Margaret Brennan [CBS News].
Label: Clear Non-Reply

Instance to classify:
Question: Are you the responsible party for completing a deal?
Answer: Absolutely, it's my job. I'm the President. And I think this has to get done. Just a broader point: If somebody told you that there is a plan out there that is guaranteed to double your health care costs over the next 10 years, that's guaranteed to result in more Americans losing their health care, and that is by far the biggest contributor to our Federal deficit, I think most people would be opposed to that. Well, that's the status quo. That' ... and I like that more than the devil I don't know. So folks are skeptical, and that is entirely legitimate because they haven't seen a lot of laws coming out of Washington lately that help them.But my hope is, and I'm confident that, when people look at the costs of doing nothing, they're going to say, we can make this happen. We've made big changes before that end up resulting in a better life for the American people.David Alexander of Reuters.

First decide the most likely label, then check that it is one of the allowed labels and that the answer is judged relative to the question rather than in isolation.

Output constraints:
- Your entire response must be exactly one of these labels: Clear Reply | Ambivalent | Clear Non-Reply.
- Do not output JSON.
- Do not output explanations, markdown, punctuation, or any extra text.",Clear Reply,Clear Reply,True,single_mention,,
10,"If the leak wasn't authorized, do you suspect someone in your administration is trying to undermine your Iraq policy or sabotage your meeting with Prime Minister al-Maliki a few weeks back?","I'm trying to think back if I ordered an investigation. I don't recall ordering an investigation. I do recall expressing some angst about ongoing leaks. You all work hard to find information and, of course, put it out for public consumption, and I understand that. But I don't appreciate those who leak classified documents. And it's an ongoing problem here, it really is, not just for this administration, but it will be for any administration that is trying to put policy in place that affects the future of the country.And we've had a lot of leaks, Mark, as you know, some of them out of the—I don't know where they're from, and therefore, I'm not going to speculate. It turns out, you never can find the leaker. It's an advantage you have in doing your job. We can moan about it, but it's hard to find those inside the Government that are willing to give, in this case, Hadley's document to newspapers.You know, there may be an ongoing investigation of this; I just don't know. If there is, if I knew about it, it's not fresh in my mind. But I do think that at some point in time, it would be helpful if we can find somebody inside our Government who is leaking materials, clearly against the law, that they be held to account. Perhaps the best way to make sure people don't leak classified documents is that there be a consequence for doing so.Jim [Jim Gerstenzang, Los Angeles Times].",Clear Non-Reply,Declining to answer,"Classify the interview answer's responsiveness to the question.

Use exactly one of these labels: Clear Reply, Ambivalent, Clear Non-Reply.

Label taxonomy:
- Clear Reply: Explicit
- Ambivalent: Deflection, Dodging, General, Implicit, Partial/half-answer
- Clear Non-Reply: Claims ignorance, Clarification, Declining to answer

Examples:
Example 1:
Question: Is ASEAN ready for the more advanced role in world affairs the U.S. would like to see it play?
Answer: I have not--I've been out of town, so I'm just seeing the press reports. I have not had a full briefing on Israel's intentions and what they've communicated to our administration. But this kind of activity is never helpful when it comes to peace negotiations. And I'm concerned that we're not seeing each side make the extra effort involved to get a breakthrough that could finally create a framework for a secure Israel living side and side--side ... o the world.For that reason, I hope that the economic relations between the U.S. and China will continue to proceed well, despite the geopolitical developments. We also hope to contribute to creating a region in East Asia, in Southeast Asia, and especially in Asia-Pacific, to become a region that is stable and productive.That is my views in general on the regional architecture issues and the future cooperation in our region.Thank you very much.
Label: Clear Reply

Example 2:
Question: Possibility of court battle over actions on immigration extending late into the term, what can be done for the people affected by the program and now in limbo, and the view on the possibility of ending the term without accomplishing goals on immigration.
Answer: On Ukraine and Russia and Minsk, there is strong consensus that we need to keep pushing Russia to abide by the terms of the Minsk agreement; we need to continue to support and encourage Ukraine to meet its obligations under Minsk; that until that's completed, sanctions remain in place.There was discussion about additional steps that we might need to take if Russia, working through separatists, doubled down on aggression inside of Ukraine. We—t ... out our authorities to go ahead and implement. But ultimately, this has never fully replaced the need for Congress to act. And my hope is, is that after a number of the other issues that we're working on currently get cleared, that there—some quiet conversations start up—back up again, particularly in the Republican Party, about the shortsighted approach that they're taking when it comes to immigration.Okay. Christi Parsons [Los Angeles Times].
Label: Ambivalent

Example 3:
Question: Reconciliation of commuting Manning's sentence with WikiLeaks' connection to Russia's hacking in the last year's election:
Answer: Well, first of all, let's be clear: Chelsea Manning has served a tough prison sentence. So the notion that the average person who was thinking about disclosing vital, classified information would think that it goes unpunished I don't think would get that impression from the sentence that Chelsea Manning has served.It has been my view that given she went to trial, that due process was carried out, that she took responsibility for her crime, tha ... ertising to our adversaries what it is that we're doing, but do so in a way that still keeps citizens up to speed on what their Government is doing on their behalf.But with respect to Chelsea Manning, I looked at the particulars of this case the same way I have for the other commutations and pardons that I've done, and I felt that in light of all the circumstances that commuting her sentence was entirely appropriate.Margaret Brennan [CBS News].
Label: Clear Non-Reply

Instance to classify:
Question: If the leak wasn't authorized, do you suspect someone in your administration is trying to undermine your Iraq policy or sabotage your meeting with Prime Minister al-Maliki a few weeks back?
Answer: I'm trying to think back if I ordered an investigation. I don't recall ordering an investigation. I do recall expressing some angst about ongoing leaks. You all work hard to find information and, of course, put it out for public consumption, and I understand that. But I don't appreciate those who leak classified documents. And it's an ongoing problem here, it really is, not just for this administration, but it will be for any administration th ... vestigation of this; I just don't know. If there is, if I knew about it, it's not fresh in my mind. But I do think that at some point in time, it would be helpful if we can find somebody inside our Government who is leaking materials, clearly against the law, that they be held to account. Perhaps the best way to make sure people don't leak classified documents is that there be a consequence for doing so.Jim [Jim Gerstenzang, Los Angeles Times].

First decide the most likely label, then check that it is one of the allowed labels and that the answer is judged relative to the question rather than in isolation.

Output constraints:
- Your entire response must be exactly one of these labels: Clear Reply | Ambivalent | Clear Non-Reply.
- Do not output JSON.
- Do not output explanations, markdown, punctuation, or any extra text.",Clear Non-Reply,Clear Non-Reply,True,single_mention,,
11,Do you continue to force-feed these folks so they don't die?,"I don't want these individuals to die. Obviously, the Pentagon is trying to manage the situation as best as they can. But I think all of us should reflect on why exactly are we doing this? Why are we doing this? I mean, we've got a whole bunch of individuals who have been tried who are currently in maximum security prisons around the country. Nothing's happened to them. Justice has been served. It's been done in a way that's consistent with our Constitution, consistent with due process, consistent with rule of law, consistent with our traditions.The individual who attempted to bomb Times Square: in prison, serving a life sentence. The individual who tried to bomb a plane in Detroit: in prison, serving a life sentence. A Somali who was part of Al Shabaab, who we captured: in prison. So we can handle this.And I understand that in the immediate aftermath of 9/11, with the traumas that had taken place, why, for a lot of Americans, the notion was somehow that we had to create a special facility like Guantanamo and we couldn't handle this in a normal, conventional fashion. I understand that reaction. But we're now over a decade out. We should be wiser. We should have more experience in how we prosecute terrorists.And this is a lingering problem that is not going to get better. It's going to get worse. It's going to fester. And so I'm going to, as I said before, examine every option that we have administratively to try to deal with this issue, but ultimately, we're also going to need some help from Congress, and I'm going to ask some folks over there who care about fighting terrorism, but also care about who we are as a people to step up and help me on it.Chuck Todd [NBC News].",Ambivalent,Deflection,"Classify the interview answer's responsiveness to the question.

Use exactly one of these labels: Clear Reply, Ambivalent, Clear Non-Reply.

Label taxonomy:
- Clear Reply: Explicit
- Ambivalent: Deflection, Dodging, General, Implicit, Partial/half-answer
- Clear Non-Reply: Claims ignorance, Clarification, Declining to answer

Examples:
Example 1:
Question: Is ASEAN ready for the more advanced role in world affairs the U.S. would like to see it play?
Answer: I have not--I've been out of town, so I'm just seeing the press reports. I have not had a full briefing on Israel's intentions and what they've communicated to our administration. But this kind of activity is never helpful when it comes to peace negotiations. And I'm concerned that we're not seeing each side make the extra effort involved to get a breakthrough that could finally create a framework for a secure Israel living side and side--side ... o the world.For that reason, I hope that the economic relations between the U.S. and China will continue to proceed well, despite the geopolitical developments. We also hope to contribute to creating a region in East Asia, in Southeast Asia, and especially in Asia-Pacific, to become a region that is stable and productive.That is my views in general on the regional architecture issues and the future cooperation in our region.Thank you very much.
Label: Clear Reply

Example 2:
Question: Possibility of court battle over actions on immigration extending late into the term, what can be done for the people affected by the program and now in limbo, and the view on the possibility of ending the term without accomplishing goals on immigration.
Answer: On Ukraine and Russia and Minsk, there is strong consensus that we need to keep pushing Russia to abide by the terms of the Minsk agreement; we need to continue to support and encourage Ukraine to meet its obligations under Minsk; that until that's completed, sanctions remain in place.There was discussion about additional steps that we might need to take if Russia, working through separatists, doubled down on aggression inside of Ukraine. We—t ... out our authorities to go ahead and implement. But ultimately, this has never fully replaced the need for Congress to act. And my hope is, is that after a number of the other issues that we're working on currently get cleared, that there—some quiet conversations start up—back up again, particularly in the Republican Party, about the shortsighted approach that they're taking when it comes to immigration.Okay. Christi Parsons [Los Angeles Times].
Label: Ambivalent

Example 3:
Question: Reconciliation of commuting Manning's sentence with WikiLeaks' connection to Russia's hacking in the last year's election:
Answer: Well, first of all, let's be clear: Chelsea Manning has served a tough prison sentence. So the notion that the average person who was thinking about disclosing vital, classified information would think that it goes unpunished I don't think would get that impression from the sentence that Chelsea Manning has served.It has been my view that given she went to trial, that due process was carried out, that she took responsibility for her crime, tha ... ertising to our adversaries what it is that we're doing, but do so in a way that still keeps citizens up to speed on what their Government is doing on their behalf.But with respect to Chelsea Manning, I looked at the particulars of this case the same way I have for the other commutations and pardons that I've done, and I felt that in light of all the circumstances that commuting her sentence was entirely appropriate.Margaret Brennan [CBS News].
Label: Clear Non-Reply

Instance to classify:
Question: Do you continue to force-feed these folks so they don't die?
Answer: I don't want these individuals to die. Obviously, the Pentagon is trying to manage the situation as best as they can. But I think all of us should reflect on why exactly are we doing this? Why are we doing this? I mean, we've got a whole bunch of individuals who have been tried who are currently in maximum security prisons around the country. Nothing's happened to them. Justice has been served. It's been done in a way that's consistent with ou ... problem that is not going to get better. It's going to get worse. It's going to fester. And so I'm going to, as I said before, examine every option that we have administratively to try to deal with this issue, but ultimately, we're also going to need some help from Congress, and I'm going to ask some folks over there who care about fighting terrorism, but also care about who we are as a people to step up and help me on it.Chuck Todd [NBC News].

First decide the most likely label, then check that it is one of the allowed labels and that the answer is judged relative to the question rather than in isolation.

Output constraints:
- Your entire response must be exactly one of these labels: Clear Reply | Ambivalent | Clear Non-Reply.
- Do not output JSON.
- Do not output explanations, markdown, punctuation, or any extra text.",Clear Non-Reply,Clear Non-Reply,True,single_mention,,
12,Will you place any restriction on who gives money and how much they can give?,"No, yes, no, yes. [] Next question. [] I haven't— phew, man. You obviously haven't asked a question in a long time. It was like, you know, one, I haven't seen the final budget. Two, as Donnie Evans said, who is the chairman of the foundation, we'll look at the disclosure requirements and make a decision. Here's the—well, I—there's a lot of people—or some people; I shouldn't say a lot—some people who like to give and don't particularly want their names disclosed, whether it be for this foundation or any other foundation. And so we'll take that into consideration.Thirdly—and what was the other?",Clear Non-Reply,Clarification,"Classify the interview answer's responsiveness to the question.

Use exactly one of these labels: Clear Reply, Ambivalent, Clear Non-Reply.

Label taxonomy:
- Clear Reply: Explicit
- Ambivalent: Deflection, Dodging, General, Implicit, Partial/half-answer
- Clear Non-Reply: Claims ignorance, Clarification, Declining to answer

Examples:
Example 1:
Question: Is ASEAN ready for the more advanced role in world affairs the U.S. would like to see it play?
Answer: I have not--I've been out of town, so I'm just seeing the press reports. I have not had a full briefing on Israel's intentions and what they've communicated to our administration. But this kind of activity is never helpful when it comes to peace negotiations. And I'm concerned that we're not seeing each side make the extra effort involved to get a breakthrough that could finally create a framework for a secure Israel living side and side--side ... o the world.For that reason, I hope that the economic relations between the U.S. and China will continue to proceed well, despite the geopolitical developments. We also hope to contribute to creating a region in East Asia, in Southeast Asia, and especially in Asia-Pacific, to become a region that is stable and productive.That is my views in general on the regional architecture issues and the future cooperation in our region.Thank you very much.
Label: Clear Reply

Example 2:
Question: Possibility of court battle over actions on immigration extending late into the term, what can be done for the people affected by the program and now in limbo, and the view on the possibility of ending the term without accomplishing goals on immigration.
Answer: On Ukraine and Russia and Minsk, there is strong consensus that we need to keep pushing Russia to abide by the terms of the Minsk agreement; we need to continue to support and encourage Ukraine to meet its obligations under Minsk; that until that's completed, sanctions remain in place.There was discussion about additional steps that we might need to take if Russia, working through separatists, doubled down on aggression inside of Ukraine. We—t ... out our authorities to go ahead and implement. But ultimately, this has never fully replaced the need for Congress to act. And my hope is, is that after a number of the other issues that we're working on currently get cleared, that there—some quiet conversations start up—back up again, particularly in the Republican Party, about the shortsighted approach that they're taking when it comes to immigration.Okay. Christi Parsons [Los Angeles Times].
Label: Ambivalent

Example 3:
Question: Reconciliation of commuting Manning's sentence with WikiLeaks' connection to Russia's hacking in the last year's election:
Answer: Well, first of all, let's be clear: Chelsea Manning has served a tough prison sentence. So the notion that the average person who was thinking about disclosing vital, classified information would think that it goes unpunished I don't think would get that impression from the sentence that Chelsea Manning has served.It has been my view that given she went to trial, that due process was carried out, that she took responsibility for her crime, tha ... ertising to our adversaries what it is that we're doing, but do so in a way that still keeps citizens up to speed on what their Government is doing on their behalf.But with respect to Chelsea Manning, I looked at the particulars of this case the same way I have for the other commutations and pardons that I've done, and I felt that in light of all the circumstances that commuting her sentence was entirely appropriate.Margaret Brennan [CBS News].
Label: Clear Non-Reply

Instance to classify:
Question: Will you place any restriction on who gives money and how much they can give?
Answer: No, yes, no, yes. [] Next question. [] I haven't— phew, man. You obviously haven't asked a question in a long time. It was like, you know, one, I haven't seen the final budget. Two, as Donnie Evans said, who is the chairman of the foundation, we'll look at the disclosure requirements and make a decision. Here's the—well, I—there's a lot of people—or some people; I shouldn't say a lot—some people who like to give and don't particularly want their names disclosed, whether it be for this foundation or any other foundation. And so we'll take that into consideration.Thirdly—and what was the other?

First decide the most likely label, then check that it is one of the allowed labels and that the answer is judged relative to the question rather than in isolation.

Output constraints:
- Your entire response must be exactly one of these labels: Clear Reply | Ambivalent | Clear Non-Reply.
- Do not output JSON.
- Do not output explanations, markdown, punctuation, or any extra text.",Clear Non-Reply,Clear Non-Reply,True,single_mention,,
13,The President's consideration of firing someone (specifically him),"I consider firing everybody. [] At some point, that's what happens.Jennifer [Jennifer Jacobs, Bloomberg News], do you have something, Jennifer? You're working so hard.",Ambivalent,General,"Classify the interview answer's responsiveness to the question.

Use exactly one of these labels: Clear Reply, Ambivalent, Clear Non-Reply.

Label taxonomy:
- Clear Reply: Explicit
- Ambivalent: Deflection, Dodging, General, Implicit, Partial/half-answer
- Clear Non-Reply: Claims ignorance, Clarification, Declining to answer

Examples:
Example 1:
Question: Is ASEAN ready for the more advanced role in world affairs the U.S. would like to see it play?
Answer: I have not--I've been out of town, so I'm just seeing the press reports. I have not had a full briefing on Israel's intentions and what they've communicated to our administration. But this kind of activity is never helpful when it comes to peace negotiations. And I'm concerned that we're not seeing each side make the extra effort involved to get a breakthrough that could finally create a framework for a secure Israel living side and side--side ... o the world.For that reason, I hope that the economic relations between the U.S. and China will continue to proceed well, despite the geopolitical developments. We also hope to contribute to creating a region in East Asia, in Southeast Asia, and especially in Asia-Pacific, to become a region that is stable and productive.That is my views in general on the regional architecture issues and the future cooperation in our region.Thank you very much.
Label: Clear Reply

Example 2:
Question: Possibility of court battle over actions on immigration extending late into the term, what can be done for the people affected by the program and now in limbo, and the view on the possibility of ending the term without accomplishing goals on immigration.
Answer: On Ukraine and Russia and Minsk, there is strong consensus that we need to keep pushing Russia to abide by the terms of the Minsk agreement; we need to continue to support and encourage Ukraine to meet its obligations under Minsk; that until that's completed, sanctions remain in place.There was discussion about additional steps that we might need to take if Russia, working through separatists, doubled down on aggression inside of Ukraine. We—t ... out our authorities to go ahead and implement. But ultimately, this has never fully replaced the need for Congress to act. And my hope is, is that after a number of the other issues that we're working on currently get cleared, that there—some quiet conversations start up—back up again, particularly in the Republican Party, about the shortsighted approach that they're taking when it comes to immigration.Okay. Christi Parsons [Los Angeles Times].
Label: Ambivalent

Example 3:
Question: Reconciliation of commuting Manning's sentence with WikiLeaks' connection to Russia's hacking in the last year's election:
Answer: Well, first of all, let's be clear: Chelsea Manning has served a tough prison sentence. So the notion that the average person who was thinking about disclosing vital, classified information would think that it goes unpunished I don't think would get that impression from the sentence that Chelsea Manning has served.It has been my view that given she went to trial, that due process was carried out, that she took responsibility for her crime, tha ... ertising to our adversaries what it is that we're doing, but do so in a way that still keeps citizens up to speed on what their Government is doing on their behalf.But with respect to Chelsea Manning, I looked at the particulars of this case the same way I have for the other commutations and pardons that I've done, and I felt that in light of all the circumstances that commuting her sentence was entirely appropriate.Margaret Brennan [CBS News].
Label: Clear Non-Reply

Instance to classify:
Question: The President's consideration of firing someone (specifically him)
Answer: I consider firing everybody. [] At some point, that's what happens.Jennifer [Jennifer Jacobs, Bloomberg News], do you have something, Jennifer? You're working so hard.

First decide the most likely label, then check that it is one of the allowed labels and that the answer is judged relative to the question rather than in isolation.

Output constraints:
- Your entire response must be exactly one of these labels: Clear Reply | Ambivalent | Clear Non-Reply.
- Do not output JSON.
- Do not output explanations, markdown, punctuation, or any extra text.",Clear Non-Reply,Clear Non-Reply,True,single_mention,,
14,"What commitments did Felipe Calderon take on in order to be a counterweight to these initiatives of Hugo Chavez, on the one hand? And on the other hand, President Felipe Calderon, Foreign Minister Patricia has said that you are working in order to strengthen the relationship with Venezuela. How is this compatible with the commitments that you're taking on with President Bush in order to give thrust to this counterweight in Latin America concerning Hugo Chavez?","Thank you for the question. We spent a lot of time talking about Mexico's role in the world. Mexico is a respected nation; President Calderon is a respected leader. But our conversations focused on democracy and rule of law and prosperity and how to improve the lives of our fellow citizens. We spent time talking about social justice and concern for the poor.One of the reasons I've come down here again is to remind people in this important part of the world that the United States cares deeply about the human condition; that we spent 1.6 billion of bilateral aid last year, most of the money going to social justice programs. And that doesn't include programs like the one I saw in the highlands of Guatemala, where our military was providing basic health care for citizens.So, Mr. President and I spent time talking about how to advance a hopeful agenda, one that will lift the spirits of people. And I respect the role Mexico plays. I mean, Mexico will lead diplomatic efforts for the common security and common prosperity, and that's an important role. The commitment and purpose of my Government is to have constructive, positive, and sound relations with all countries of the world and, of course, with the countries of Latin America, without exception. And certainly the more—the most important relationship with Mexico abroad is the one that we have with the United States, due to the migration that exists, the flows through the borders, and all else that you are well aware of.However, Mexico is respectful of the opinions of other leaders. We are respectful of the heads of states of other countries, such as Venezuela and certainly the United States. We are a government that has principles and values, values such as democracy, freedom, liberty, and legality and certainly security and safety.On the other hand, not as a strategy— this was not something that we focused on as a strategy in our talks, but as a conviction of our government. Mexico has to play a role which is balanced, weighed, and it has to be a leader in Latin America, in agreement with its culture, its history, its economy, its people.We are deeply Latin American, and we, too, want justice, development, democracy for all of Latin America. That is where we are engaged, and we are committed. We certainly do agree and coincide with other countries, many countries, of course, who coincide and agree with those principles.",Ambivalent,Implicit,"Classify the interview answer's responsiveness to the question.

Use exactly one of these labels: Clear Reply, Ambivalent, Clear Non-Reply.

Label taxonomy:
- Clear Reply: Explicit
- Ambivalent: Deflection, Dodging, General, Implicit, Partial/half-answer
- Clear Non-Reply: Claims ignorance, Clarification, Declining to answer

Examples:
Example 1:
Question: Is ASEAN ready for the more advanced role in world affairs the U.S. would like to see it play?
Answer: I have not--I've been out of town, so I'm just seeing the press reports. I have not had a full briefing on Israel's intentions and what they've communicated to our administration. But this kind of activity is never helpful when it comes to peace negotiations. And I'm concerned that we're not seeing each side make the extra effort involved to get a breakthrough that could finally create a framework for a secure Israel living side and side--side ... o the world.For that reason, I hope that the economic relations between the U.S. and China will continue to proceed well, despite the geopolitical developments. We also hope to contribute to creating a region in East Asia, in Southeast Asia, and especially in Asia-Pacific, to become a region that is stable and productive.That is my views in general on the regional architecture issues and the future cooperation in our region.Thank you very much.
Label: Clear Reply

Example 2:
Question: Possibility of court battle over actions on immigration extending late into the term, what can be done for the people affected by the program and now in limbo, and the view on the possibility of ending the term without accomplishing goals on immigration.
Answer: On Ukraine and Russia and Minsk, there is strong consensus that we need to keep pushing Russia to abide by the terms of the Minsk agreement; we need to continue to support and encourage Ukraine to meet its obligations under Minsk; that until that's completed, sanctions remain in place.There was discussion about additional steps that we might need to take if Russia, working through separatists, doubled down on aggression inside of Ukraine. We—t ... out our authorities to go ahead and implement. But ultimately, this has never fully replaced the need for Congress to act. And my hope is, is that after a number of the other issues that we're working on currently get cleared, that there—some quiet conversations start up—back up again, particularly in the Republican Party, about the shortsighted approach that they're taking when it comes to immigration.Okay. Christi Parsons [Los Angeles Times].
Label: Ambivalent

Example 3:
Question: Reconciliation of commuting Manning's sentence with WikiLeaks' connection to Russia's hacking in the last year's election:
Answer: Well, first of all, let's be clear: Chelsea Manning has served a tough prison sentence. So the notion that the average person who was thinking about disclosing vital, classified information would think that it goes unpunished I don't think would get that impression from the sentence that Chelsea Manning has served.It has been my view that given she went to trial, that due process was carried out, that she took responsibility for her crime, tha ... ertising to our adversaries what it is that we're doing, but do so in a way that still keeps citizens up to speed on what their Government is doing on their behalf.But with respect to Chelsea Manning, I looked at the particulars of this case the same way I have for the other commutations and pardons that I've done, and I felt that in light of all the circumstances that commuting her sentence was entirely appropriate.Margaret Brennan [CBS News].
Label: Clear Non-Reply

Instance to classify:
Question: What commitments did Felipe Calderon take on in order to be a counterweight to these initiatives of Hugo Chavez, on the one hand? And on the other ... ith the commitments that you're taking on with President Bush in order to give thrust to this counterweight in Latin America concerning Hugo Chavez?
Answer: Thank you for the question. We spent a lot of time talking about Mexico's role in the world. Mexico is a respected nation; President Calderon is a respected leader. But our conversations focused on democracy and rule of law and prosperity and how to improve the lives of our fellow citizens. We spent time talking about social justice and concern for the poor.One of the reasons I've come down here again is to remind people in this important part ... o has to play a role which is balanced, weighed, and it has to be a leader in Latin America, in agreement with its culture, its history, its economy, its people.We are deeply Latin American, and we, too, want justice, development, democracy for all of Latin America. That is where we are engaged, and we are committed. We certainly do agree and coincide with other countries, many countries, of course, who coincide and agree with those principles.

First decide the most likely label, then check that it is one of the allowed labels and that the answer is judged relative to the question rather than in isolation.

Output constraints:
- Your entire response must be exactly one of these labels: Clear Reply | Ambivalent | Clear Non-Reply.
- Do not output JSON.
- Do not output explanations, markdown, punctuation, or any extra text.",Clear Reply,Clear Reply,True,single_mention,,
15,Is the Taliban in charge?,"Well, he's a terrific man. He's been fantastic at everything he's done. He's highly respected. He wanted to wait until after the IG report came in, as you saw originally. I don't think he was officially or formally nominated. His name was thrown out. But he wanted to wait until after the IG report. The IG report has now come, and we've learned a lot of very bad things from the IG report, as you know very well.And I think he'll go through a process, and it will go fairly quickly. He's a very respected man, somebody that I've gotten that like; somebody who really has—he's someone who's really distinguished himself and, I think, over the last year and a half, 2 years, in particular. So we're very happy with that.As far as the Taliban is concerned, everybody wanted this to happen. The Taliban wanted it to happen. President Ghani was very much involved in this, as you know. And he's now dealing with the Taliban.But we're talking about 19 years we've been there. Nineteen years. And other Presidents have tried to do this. The Taliban has given a pledge—and a very strong pledge—and we'll see how that all works out. We hope it's going to work out very well. I think they have big incentives to do it, but they have to take care of the terrorists and kill the terrorists. We'll be working in a different kind of a fashion toward that end.But the job we've done has been fantastic—a fantastic one in terms of terrorists and terrorism, and it's time for our people to start coming home.",Ambivalent,Deflection,"Classify the interview answer's responsiveness to the question.

Use exactly one of these labels: Clear Reply, Ambivalent, Clear Non-Reply.

Label taxonomy:
- Clear Reply: Explicit
- Ambivalent: Deflection, Dodging, General, Implicit, Partial/half-answer
- Clear Non-Reply: Claims ignorance, Clarification, Declining to answer

Examples:
Example 1:
Question: Is ASEAN ready for the more advanced role in world affairs the U.S. would like to see it play?
Answer: I have not--I've been out of town, so I'm just seeing the press reports. I have not had a full briefing on Israel's intentions and what they've communicated to our administration. But this kind of activity is never helpful when it comes to peace negotiations. And I'm concerned that we're not seeing each side make the extra effort involved to get a breakthrough that could finally create a framework for a secure Israel living side and side--side ... o the world.For that reason, I hope that the economic relations between the U.S. and China will continue to proceed well, despite the geopolitical developments. We also hope to contribute to creating a region in East Asia, in Southeast Asia, and especially in Asia-Pacific, to become a region that is stable and productive.That is my views in general on the regional architecture issues and the future cooperation in our region.Thank you very much.
Label: Clear Reply

Example 2:
Question: Possibility of court battle over actions on immigration extending late into the term, what can be done for the people affected by the program and now in limbo, and the view on the possibility of ending the term without accomplishing goals on immigration.
Answer: On Ukraine and Russia and Minsk, there is strong consensus that we need to keep pushing Russia to abide by the terms of the Minsk agreement; we need to continue to support and encourage Ukraine to meet its obligations under Minsk; that until that's completed, sanctions remain in place.There was discussion about additional steps that we might need to take if Russia, working through separatists, doubled down on aggression inside of Ukraine. We—t ... out our authorities to go ahead and implement. But ultimately, this has never fully replaced the need for Congress to act. And my hope is, is that after a number of the other issues that we're working on currently get cleared, that there—some quiet conversations start up—back up again, particularly in the Republican Party, about the shortsighted approach that they're taking when it comes to immigration.Okay. Christi Parsons [Los Angeles Times].
Label: Ambivalent

Example 3:
Question: Reconciliation of commuting Manning's sentence with WikiLeaks' connection to Russia's hacking in the last year's election:
Answer: Well, first of all, let's be clear: Chelsea Manning has served a tough prison sentence. So the notion that the average person who was thinking about disclosing vital, classified information would think that it goes unpunished I don't think would get that impression from the sentence that Chelsea Manning has served.It has been my view that given she went to trial, that due process was carried out, that she took responsibility for her crime, tha ... ertising to our adversaries what it is that we're doing, but do so in a way that still keeps citizens up to speed on what their Government is doing on their behalf.But with respect to Chelsea Manning, I looked at the particulars of this case the same way I have for the other commutations and pardons that I've done, and I felt that in light of all the circumstances that commuting her sentence was entirely appropriate.Margaret Brennan [CBS News].
Label: Clear Non-Reply

Instance to classify:
Question: Is the Taliban in charge?
Answer: Well, he's a terrific man. He's been fantastic at everything he's done. He's highly respected. He wanted to wait until after the IG report came in, as you saw originally. I don't think he was officially or formally nominated. His name was thrown out. But he wanted to wait until after the IG report. The IG report has now come, and we've learned a lot of very bad things from the IG report, as you know very well.And I think he'll go through a pro ... as given a pledge—and a very strong pledge—and we'll see how that all works out. We hope it's going to work out very well. I think they have big incentives to do it, but they have to take care of the terrorists and kill the terrorists. We'll be working in a different kind of a fashion toward that end.But the job we've done has been fantastic—a fantastic one in terms of terrorists and terrorism, and it's time for our people to start coming home.

First decide the most likely label, then check that it is one of the allowed labels and that the answer is judged relative to the question rather than in isolation.

Output constraints:
- Your entire response must be exactly one of these labels: Clear Reply | Ambivalent | Clear Non-Reply.
- Do not output JSON.
- Do not output explanations, markdown, punctuation, or any extra text.",Clear Non-Reply,Clear Non-Reply,True,single_mention,,
16,"What are your thoughts about what's happening with the Sudan governments seeking help from the United Nations regarding the International Criminal Court (ICC), considering their past disregard for the same body?","Well, we're not a member of the ICC, so we'll see how that plays out.My thought on is, is that the United Nations needs to work with this current Government to get those troops in to help save lives—AU hybrid force. I talked to Williamson, who's the Special Envoy to , yesterday. There's two aspects to the ese issue. One is the north-south agreement, and he was talking about the need to make sure that there is a clear understanding about how oil revenues will be shared between north and south in a certain part of the border region there, so as to make sure that there is— that this agreement that Ambassador Danforth negotiated stays intact and stays full.And the other aspect, obviously, is Darfur. And that's a very, very complex issue. We're trying to make—we're trying to work with the rebel groups so that they speak more with one voice. We're trying to work with Bashir to make sure he understands that there will be continued sanctions if he doesn't move forward. We're trying to help get this—AU troops in Africa—throughout Africa into . And we're working with the French on the issue of Chad.And it's a complex situation, and sadly enough, innocent people are being displaced and are losing their life. And it's very difficult and unacceptable. And as you know, I made the decision not to unilaterally send troops. Once that decision was made, then we had to reply upon the United Nations. And I brought this issue up at the G-8 with our partners there. There's the same sense of consternation and the same sense of frustration that things haven't moved quicker. I talked to Ban Ki-moon about the issue, and he told me—I think he told me that by the end of this year, a full complement of AU troops will be there. Then the question is, will the Government help expedite the delivery of humanitarian aid?Anyway, the other question?",Clear Reply,Explicit,"Classify the interview answer's responsiveness to the question.

Use exactly one of these labels: Clear Reply, Ambivalent, Clear Non-Reply.

Label taxonomy:
- Clear Reply: Explicit
- Ambivalent: Deflection, Dodging, General, Implicit, Partial/half-answer
- Clear Non-Reply: Claims ignorance, Clarification, Declining to answer

Examples:
Example 1:
Question: Is ASEAN ready for the more advanced role in world affairs the U.S. would like to see it play?
Answer: I have not--I've been out of town, so I'm just seeing the press reports. I have not had a full briefing on Israel's intentions and what they've communicated to our administration. But this kind of activity is never helpful when it comes to peace negotiations. And I'm concerned that we're not seeing each side make the extra effort involved to get a breakthrough that could finally create a framework for a secure Israel living side and side--side ... o the world.For that reason, I hope that the economic relations between the U.S. and China will continue to proceed well, despite the geopolitical developments. We also hope to contribute to creating a region in East Asia, in Southeast Asia, and especially in Asia-Pacific, to become a region that is stable and productive.That is my views in general on the regional architecture issues and the future cooperation in our region.Thank you very much.
Label: Clear Reply

Example 2:
Question: Possibility of court battle over actions on immigration extending late into the term, what can be done for the people affected by the program and now in limbo, and the view on the possibility of ending the term without accomplishing goals on immigration.
Answer: On Ukraine and Russia and Minsk, there is strong consensus that we need to keep pushing Russia to abide by the terms of the Minsk agreement; we need to continue to support and encourage Ukraine to meet its obligations under Minsk; that until that's completed, sanctions remain in place.There was discussion about additional steps that we might need to take if Russia, working through separatists, doubled down on aggression inside of Ukraine. We—t ... out our authorities to go ahead and implement. But ultimately, this has never fully replaced the need for Congress to act. And my hope is, is that after a number of the other issues that we're working on currently get cleared, that there—some quiet conversations start up—back up again, particularly in the Republican Party, about the shortsighted approach that they're taking when it comes to immigration.Okay. Christi Parsons [Los Angeles Times].
Label: Ambivalent

Example 3:
Question: Reconciliation of commuting Manning's sentence with WikiLeaks' connection to Russia's hacking in the last year's election:
Answer: Well, first of all, let's be clear: Chelsea Manning has served a tough prison sentence. So the notion that the average person who was thinking about disclosing vital, classified information would think that it goes unpunished I don't think would get that impression from the sentence that Chelsea Manning has served.It has been my view that given she went to trial, that due process was carried out, that she took responsibility for her crime, tha ... ertising to our adversaries what it is that we're doing, but do so in a way that still keeps citizens up to speed on what their Government is doing on their behalf.But with respect to Chelsea Manning, I looked at the particulars of this case the same way I have for the other commutations and pardons that I've done, and I felt that in light of all the circumstances that commuting her sentence was entirely appropriate.Margaret Brennan [CBS News].
Label: Clear Non-Reply

Instance to classify:
Question: What are your thoughts about what's happening with the Sudan governments seeking help from the United Nations regarding the International Criminal Court (ICC), considering their past disregard for the same body?
Answer: Well, we're not a member of the ICC, so we'll see how that plays out.My thought on is, is that the United Nations needs to work with this current Government to get those troops in to help save lives—AU hybrid force. I talked to Williamson, who's the Special Envoy to , yesterday. There's two aspects to the ese issue. One is the north-south agreement, and he was talking about the need to make sure that there is a clear understanding about how oi ... ations. And I brought this issue up at the G-8 with our partners there. There's the same sense of consternation and the same sense of frustration that things haven't moved quicker. I talked to Ban Ki-moon about the issue, and he told me—I think he told me that by the end of this year, a full complement of AU troops will be there. Then the question is, will the Government help expedite the delivery of humanitarian aid?Anyway, the other question?

First decide the most likely label, then check that it is one of the allowed labels and that the answer is judged relative to the question rather than in isolation.

Output constraints:
- Your entire response must be exactly one of these labels: Clear Reply | Ambivalent | Clear Non-Reply.
- Do not output JSON.
- Do not output explanations, markdown, punctuation, or any extra text.",Clear Non-Reply,Clear Non-Reply,True,single_mention,,
17,Would you be willing to meet with him without condition?,"Well, again, John, there has been no collusion between the Trump campaign and Russians, or Trump and Russians. No collusion. When I watch you interviewing all the people leaving their committees—I mean, the Democrats are all running for office, and they're trying to say this, that. But bottom line, they all say there's no collusion. And there is no collusion.And when you talk about interviews, Hillary Clinton had an interview where she wasn't sworn in, she wasn't given the oath, they didn't take notes, they didn't record, and it was done on the Fourth of July weekend. That's perhaps ridiculous, and a lot of people looked upon that as being a very serious breach. And it really was.But again, I'll speak to attorneys. I can only say this: There was absolutely no collusion. Everybody knows it. Every committee—I've been in office now for 11 months. For 11 months, they've had this phony cloud over this administration, over our Government. And it has hurt our Government. It does hurt our Government.It's a Democrat hoax that was brought up as an excuse for losing an election that, frankly, the Democrats should have won because they have such a tremendous advantage in the electoral college. So it was brought up for that reason. But it has been determined that there is no collusion and by virtually everybody. So we'll see what happens.",Ambivalent,Dodging,"Classify the interview answer's responsiveness to the question.

Use exactly one of these labels: Clear Reply, Ambivalent, Clear Non-Reply.

Label taxonomy:
- Clear Reply: Explicit
- Ambivalent: Deflection, Dodging, General, Implicit, Partial/half-answer
- Clear Non-Reply: Claims ignorance, Clarification, Declining to answer

Examples:
Example 1:
Question: Is ASEAN ready for the more advanced role in world affairs the U.S. would like to see it play?
Answer: I have not--I've been out of town, so I'm just seeing the press reports. I have not had a full briefing on Israel's intentions and what they've communicated to our administration. But this kind of activity is never helpful when it comes to peace negotiations. And I'm concerned that we're not seeing each side make the extra effort involved to get a breakthrough that could finally create a framework for a secure Israel living side and side--side ... o the world.For that reason, I hope that the economic relations between the U.S. and China will continue to proceed well, despite the geopolitical developments. We also hope to contribute to creating a region in East Asia, in Southeast Asia, and especially in Asia-Pacific, to become a region that is stable and productive.That is my views in general on the regional architecture issues and the future cooperation in our region.Thank you very much.
Label: Clear Reply

Example 2:
Question: Possibility of court battle over actions on immigration extending late into the term, what can be done for the people affected by the program and now in limbo, and the view on the possibility of ending the term without accomplishing goals on immigration.
Answer: On Ukraine and Russia and Minsk, there is strong consensus that we need to keep pushing Russia to abide by the terms of the Minsk agreement; we need to continue to support and encourage Ukraine to meet its obligations under Minsk; that until that's completed, sanctions remain in place.There was discussion about additional steps that we might need to take if Russia, working through separatists, doubled down on aggression inside of Ukraine. We—t ... out our authorities to go ahead and implement. But ultimately, this has never fully replaced the need for Congress to act. And my hope is, is that after a number of the other issues that we're working on currently get cleared, that there—some quiet conversations start up—back up again, particularly in the Republican Party, about the shortsighted approach that they're taking when it comes to immigration.Okay. Christi Parsons [Los Angeles Times].
Label: Ambivalent

Example 3:
Question: Reconciliation of commuting Manning's sentence with WikiLeaks' connection to Russia's hacking in the last year's election:
Answer: Well, first of all, let's be clear: Chelsea Manning has served a tough prison sentence. So the notion that the average person who was thinking about disclosing vital, classified information would think that it goes unpunished I don't think would get that impression from the sentence that Chelsea Manning has served.It has been my view that given she went to trial, that due process was carried out, that she took responsibility for her crime, tha ... ertising to our adversaries what it is that we're doing, but do so in a way that still keeps citizens up to speed on what their Government is doing on their behalf.But with respect to Chelsea Manning, I looked at the particulars of this case the same way I have for the other commutations and pardons that I've done, and I felt that in light of all the circumstances that commuting her sentence was entirely appropriate.Margaret Brennan [CBS News].
Label: Clear Non-Reply

Instance to classify:
Question: Would you be willing to meet with him without condition?
Answer: Well, again, John, there has been no collusion between the Trump campaign and Russians, or Trump and Russians. No collusion. When I watch you interviewing all the people leaving their committees—I mean, the Democrats are all running for office, and they're trying to say this, that. But bottom line, they all say there's no collusion. And there is no collusion.And when you talk about interviews, Hillary Clinton had an interview where she wasn't ... over this administration, over our Government. And it has hurt our Government. It does hurt our Government.It's a Democrat hoax that was brought up as an excuse for losing an election that, frankly, the Democrats should have won because they have such a tremendous advantage in the electoral college. So it was brought up for that reason. But it has been determined that there is no collusion and by virtually everybody. So we'll see what happens.

First decide the most likely label, then check that it is one of the allowed labels and that the answer is judged relative to the question rather than in isolation.

Output constraints:
- Your entire response must be exactly one of these labels: Clear Reply | Ambivalent | Clear Non-Reply.
- Do not output JSON.
- Do not output explanations, markdown, punctuation, or any extra text.",Clear Non-Reply,Clear Non-Reply,True,single_mention,,
18,President's comment on Secretary Esper's remarks.,"Yes, I know. Whatever he—if he—if that's what he heard, I think that—I've heard it both ways too. I've heard accident; I've heard, you know, explosives. And obviously, it must have been some form of explosives. But whether it was a bomb intentionally set off—it ended up being a bomb. But no, I've heard it both ways. It could have been an accident, and it could have also been something that was very offensive. And I wouldn't be very happy with that.",Clear Reply,Explicit,"Classify the interview answer's responsiveness to the question.

Use exactly one of these labels: Clear Reply, Ambivalent, Clear Non-Reply.

Label taxonomy:
- Clear Reply: Explicit
- Ambivalent: Deflection, Dodging, General, Implicit, Partial/half-answer
- Clear Non-Reply: Claims ignorance, Clarification, Declining to answer

Examples:
Example 1:
Question: Is ASEAN ready for the more advanced role in world affairs the U.S. would like to see it play?
Answer: I have not--I've been out of town, so I'm just seeing the press reports. I have not had a full briefing on Israel's intentions and what they've communicated to our administration. But this kind of activity is never helpful when it comes to peace negotiations. And I'm concerned that we're not seeing each side make the extra effort involved to get a breakthrough that could finally create a framework for a secure Israel living side and side--side ... o the world.For that reason, I hope that the economic relations between the U.S. and China will continue to proceed well, despite the geopolitical developments. We also hope to contribute to creating a region in East Asia, in Southeast Asia, and especially in Asia-Pacific, to become a region that is stable and productive.That is my views in general on the regional architecture issues and the future cooperation in our region.Thank you very much.
Label: Clear Reply

Example 2:
Question: Possibility of court battle over actions on immigration extending late into the term, what can be done for the people affected by the program and now in limbo, and the view on the possibility of ending the term without accomplishing goals on immigration.
Answer: On Ukraine and Russia and Minsk, there is strong consensus that we need to keep pushing Russia to abide by the terms of the Minsk agreement; we need to continue to support and encourage Ukraine to meet its obligations under Minsk; that until that's completed, sanctions remain in place.There was discussion about additional steps that we might need to take if Russia, working through separatists, doubled down on aggression inside of Ukraine. We—t ... out our authorities to go ahead and implement. But ultimately, this has never fully replaced the need for Congress to act. And my hope is, is that after a number of the other issues that we're working on currently get cleared, that there—some quiet conversations start up—back up again, particularly in the Republican Party, about the shortsighted approach that they're taking when it comes to immigration.Okay. Christi Parsons [Los Angeles Times].
Label: Ambivalent

Example 3:
Question: Reconciliation of commuting Manning's sentence with WikiLeaks' connection to Russia's hacking in the last year's election:
Answer: Well, first of all, let's be clear: Chelsea Manning has served a tough prison sentence. So the notion that the average person who was thinking about disclosing vital, classified information would think that it goes unpunished I don't think would get that impression from the sentence that Chelsea Manning has served.It has been my view that given she went to trial, that due process was carried out, that she took responsibility for her crime, tha ... ertising to our adversaries what it is that we're doing, but do so in a way that still keeps citizens up to speed on what their Government is doing on their behalf.But with respect to Chelsea Manning, I looked at the particulars of this case the same way I have for the other commutations and pardons that I've done, and I felt that in light of all the circumstances that commuting her sentence was entirely appropriate.Margaret Brennan [CBS News].
Label: Clear Non-Reply

Instance to classify:
Question: President's comment on Secretary Esper's remarks.
Answer: Yes, I know. Whatever he—if he—if that's what he heard, I think that—I've heard it both ways too. I've heard accident; I've heard, you know, explosives. And obviously, it must have been some form of explosives. But whether it was a bomb intentionally set off—it ended up being a bomb. But no, I've heard it both ways. It could have been an accident, and it could have also been something that was very offensive. And I wouldn't be very happy with that.

First decide the most likely label, then check that it is one of the allowed labels and that the answer is judged relative to the question rather than in isolation.

Output constraints:
- Your entire response must be exactly one of these labels: Clear Reply | Ambivalent | Clear Non-Reply.
- Do not output JSON.
- Do not output explanations, markdown, punctuation, or any extra text.",Clear Reply,Clear Reply,True,single_mention,,
19,Discussion about the issue of possible inspections to North Korea's nuclear sites during negotiations.,You're going to have to speak a little louder. And where are you from? Where are you from?,Clear Non-Reply,Clarification,"Classify the interview answer's responsiveness to the question.

Use exactly one of these labels: Clear Reply, Ambivalent, Clear Non-Reply.

Label taxonomy:
- Clear Reply: Explicit
- Ambivalent: Deflection, Dodging, General, Implicit, Partial/half-answer
- Clear Non-Reply: Claims ignorance, Clarification, Declining to answer

Examples:
Example 1:
Question: Is ASEAN ready for the more advanced role in world affairs the U.S. would like to see it play?
Answer: I have not--I've been out of town, so I'm just seeing the press reports. I have not had a full briefing on Israel's intentions and what they've communicated to our administration. But this kind of activity is never helpful when it comes to peace negotiations. And I'm concerned that we're not seeing each side make the extra effort involved to get a breakthrough that could finally create a framework for a secure Israel living side and side--side ... o the world.For that reason, I hope that the economic relations between the U.S. and China will continue to proceed well, despite the geopolitical developments. We also hope to contribute to creating a region in East Asia, in Southeast Asia, and especially in Asia-Pacific, to become a region that is stable and productive.That is my views in general on the regional architecture issues and the future cooperation in our region.Thank you very much.
Label: Clear Reply

Example 2:
Question: Possibility of court battle over actions on immigration extending late into the term, what can be done for the people affected by the program and now in limbo, and the view on the possibility of ending the term without accomplishing goals on immigration.
Answer: On Ukraine and Russia and Minsk, there is strong consensus that we need to keep pushing Russia to abide by the terms of the Minsk agreement; we need to continue to support and encourage Ukraine to meet its obligations under Minsk; that until that's completed, sanctions remain in place.There was discussion about additional steps that we might need to take if Russia, working through separatists, doubled down on aggression inside of Ukraine. We—t ... out our authorities to go ahead and implement. But ultimately, this has never fully replaced the need for Congress to act. And my hope is, is that after a number of the other issues that we're working on currently get cleared, that there—some quiet conversations start up—back up again, particularly in the Republican Party, about the shortsighted approach that they're taking when it comes to immigration.Okay. Christi Parsons [Los Angeles Times].
Label: Ambivalent

Example 3:
Question: Reconciliation of commuting Manning's sentence with WikiLeaks' connection to Russia's hacking in the last year's election:
Answer: Well, first of all, let's be clear: Chelsea Manning has served a tough prison sentence. So the notion that the average person who was thinking about disclosing vital, classified information would think that it goes unpunished I don't think would get that impression from the sentence that Chelsea Manning has served.It has been my view that given she went to trial, that due process was carried out, that she took responsibility for her crime, tha ... ertising to our adversaries what it is that we're doing, but do so in a way that still keeps citizens up to speed on what their Government is doing on their behalf.But with respect to Chelsea Manning, I looked at the particulars of this case the same way I have for the other commutations and pardons that I've done, and I felt that in light of all the circumstances that commuting her sentence was entirely appropriate.Margaret Brennan [CBS News].
Label: Clear Non-Reply

Instance to classify:
Question: Discussion about the issue of possible inspections to North Korea's nuclear sites during negotiations.
Answer: You're going to have to speak a little louder. And where are you from? Where are you from?

First decide the most likely label, then check that it is one of the allowed labels and that the answer is judged relative to the question rather than in isolation.

Output constraints:
- Your entire response must be exactly one of these labels: Clear Reply | Ambivalent | Clear Non-Reply.
- Do not output JSON.
- Do not output explanations, markdown, punctuation, or any extra text.",Clear Non-Reply,Clear Non-Reply,True,single_mention,,
20,What is your reaction to that report?,"I did say it should be a goal of the Nation to shut down Guantanamo. I also made it clear that part of the delay was the reluctance of some nations to take back some of the people being held there. In other words, in order to make it work, we've got to have a place for these people to go. I don't know if you noticed a resolution of the Senate the other day, where all but three Senators said we don't want these prisoners in the country. I don't know if it was a 97-3 vote, but it was something-to-3 vote. In other words, part of the issue, Peter, is the practical issue of what do we do with the people?And you say nothing has taken place. I strongly disagree with that. First of all, we are working with other nations to send folks back. Again, it's a fairly steep order. A lot of people don't want killers in their midst, and a lot of these people are killers. Secondly, of course, we want to make sure that when we do send them back, they're treated as humanely as possible.The other issue was whether or not we can get people to be tried. One of the things I'm anxious about, want to see happen, is that there to be trials. Courts have been involved with deciding how to do this, and Defense is trying to work out mechanisms to get the trials up and running. And the sooner we can get that up and running, the better it is, as far as I'm concerned. I don't want to make any predictions about whether Guantanamo will be available or not. I'm just telling you it's a very complicated subject.And I laid out an aspiration. Whether or not we can achieve that or not, we'll try to. But it is not as easy a subject as some may think on the surface. Again, I refer to you to the Senate vote. When asked whether or not you want to shut down Guantanamo and, therefore, receive some of those prisoners in your home State, there didn't seem to be a lot of support for it. Like, three people said, It's okay by me, in the Senate.Your other question, sir?",Clear Non-Reply,Clarification,"Classify the interview answer's responsiveness to the question.

Use exactly one of these labels: Clear Reply, Ambivalent, Clear Non-Reply.

Label taxonomy:
- Clear Reply: Explicit
- Ambivalent: Deflection, Dodging, General, Implicit, Partial/half-answer
- Clear Non-Reply: Claims ignorance, Clarification, Declining to answer

Examples:
Example 1:
Question: Is ASEAN ready for the more advanced role in world affairs the U.S. would like to see it play?
Answer: I have not--I've been out of town, so I'm just seeing the press reports. I have not had a full briefing on Israel's intentions and what they've communicated to our administration. But this kind of activity is never helpful when it comes to peace negotiations. And I'm concerned that we're not seeing each side make the extra effort involved to get a breakthrough that could finally create a framework for a secure Israel living side and side--side ... o the world.For that reason, I hope that the economic relations between the U.S. and China will continue to proceed well, despite the geopolitical developments. We also hope to contribute to creating a region in East Asia, in Southeast Asia, and especially in Asia-Pacific, to become a region that is stable and productive.That is my views in general on the regional architecture issues and the future cooperation in our region.Thank you very much.
Label: Clear Reply

Example 2:
Question: Possibility of court battle over actions on immigration extending late into the term, what can be done for the people affected by the program and now in limbo, and the view on the possibility of ending the term without accomplishing goals on immigration.
Answer: On Ukraine and Russia and Minsk, there is strong consensus that we need to keep pushing Russia to abide by the terms of the Minsk agreement; we need to continue to support and encourage Ukraine to meet its obligations under Minsk; that until that's completed, sanctions remain in place.There was discussion about additional steps that we might need to take if Russia, working through separatists, doubled down on aggression inside of Ukraine. We—t ... out our authorities to go ahead and implement. But ultimately, this has never fully replaced the need for Congress to act. And my hope is, is that after a number of the other issues that we're working on currently get cleared, that there—some quiet conversations start up—back up again, particularly in the Republican Party, about the shortsighted approach that they're taking when it comes to immigration.Okay. Christi Parsons [Los Angeles Times].
Label: Ambivalent

Example 3:
Question: Reconciliation of commuting Manning's sentence with WikiLeaks' connection to Russia's hacking in the last year's election:
Answer: Well, first of all, let's be clear: Chelsea Manning has served a tough prison sentence. So the notion that the average person who was thinking about disclosing vital, classified information would think that it goes unpunished I don't think would get that impression from the sentence that Chelsea Manning has served.It has been my view that given she went to trial, that due process was carried out, that she took responsibility for her crime, tha ... ertising to our adversaries what it is that we're doing, but do so in a way that still keeps citizens up to speed on what their Government is doing on their behalf.But with respect to Chelsea Manning, I looked at the particulars of this case the same way I have for the other commutations and pardons that I've done, and I felt that in light of all the circumstances that commuting her sentence was entirely appropriate.Margaret Brennan [CBS News].
Label: Clear Non-Reply

Instance to classify:
Question: What is your reaction to that report?
Answer: I did say it should be a goal of the Nation to shut down Guantanamo. I also made it clear that part of the delay was the reluctance of some nations to take back some of the people being held there. In other words, in order to make it work, we've got to have a place for these people to go. I don't know if you noticed a resolution of the Senate the other day, where all but three Senators said we don't want these prisoners in the country. I don't ... I laid out an aspiration. Whether or not we can achieve that or not, we'll try to. But it is not as easy a subject as some may think on the surface. Again, I refer to you to the Senate vote. When asked whether or not you want to shut down Guantanamo and, therefore, receive some of those prisoners in your home State, there didn't seem to be a lot of support for it. Like, three people said, It's okay by me, in the Senate.Your other question, sir?

First decide the most likely label, then check that it is one of the allowed labels and that the answer is judged relative to the question rather than in isolation.

Output constraints:
- Your entire response must be exactly one of these labels: Clear Reply | Ambivalent | Clear Non-Reply.
- Do not output JSON.
- Do not output explanations, markdown, punctuation, or any extra text.",Clear Reply,Clear Reply,True,single_mention,,
21,Whether there might have been some kind of a problem in how those arrangements were made.,"Well, I don't know. I wasn't involved in the deal. The concept of the deal is good, but I'll let you know. We'll do a little study on that, and we'll find out.",Clear Non-Reply,Claims ignorance,"Classify the interview answer's responsiveness to the question.

Use exactly one of these labels: Clear Reply, Ambivalent, Clear Non-Reply.

Label taxonomy:
- Clear Reply: Explicit
- Ambivalent: Deflection, Dodging, General, Implicit, Partial/half-answer
- Clear Non-Reply: Claims ignorance, Clarification, Declining to answer

Examples:
Example 1:
Question: Is ASEAN ready for the more advanced role in world affairs the U.S. would like to see it play?
Answer: I have not--I've been out of town, so I'm just seeing the press reports. I have not had a full briefing on Israel's intentions and what they've communicated to our administration. But this kind of activity is never helpful when it comes to peace negotiations. And I'm concerned that we're not seeing each side make the extra effort involved to get a breakthrough that could finally create a framework for a secure Israel living side and side--side ... o the world.For that reason, I hope that the economic relations between the U.S. and China will continue to proceed well, despite the geopolitical developments. We also hope to contribute to creating a region in East Asia, in Southeast Asia, and especially in Asia-Pacific, to become a region that is stable and productive.That is my views in general on the regional architecture issues and the future cooperation in our region.Thank you very much.
Label: Clear Reply

Example 2:
Question: Possibility of court battle over actions on immigration extending late into the term, what can be done for the people affected by the program and now in limbo, and the view on the possibility of ending the term without accomplishing goals on immigration.
Answer: On Ukraine and Russia and Minsk, there is strong consensus that we need to keep pushing Russia to abide by the terms of the Minsk agreement; we need to continue to support and encourage Ukraine to meet its obligations under Minsk; that until that's completed, sanctions remain in place.There was discussion about additional steps that we might need to take if Russia, working through separatists, doubled down on aggression inside of Ukraine. We—t ... out our authorities to go ahead and implement. But ultimately, this has never fully replaced the need for Congress to act. And my hope is, is that after a number of the other issues that we're working on currently get cleared, that there—some quiet conversations start up—back up again, particularly in the Republican Party, about the shortsighted approach that they're taking when it comes to immigration.Okay. Christi Parsons [Los Angeles Times].
Label: Ambivalent

Example 3:
Question: Reconciliation of commuting Manning's sentence with WikiLeaks' connection to Russia's hacking in the last year's election:
Answer: Well, first of all, let's be clear: Chelsea Manning has served a tough prison sentence. So the notion that the average person who was thinking about disclosing vital, classified information would think that it goes unpunished I don't think would get that impression from the sentence that Chelsea Manning has served.It has been my view that given she went to trial, that due process was carried out, that she took responsibility for her crime, tha ... ertising to our adversaries what it is that we're doing, but do so in a way that still keeps citizens up to speed on what their Government is doing on their behalf.But with respect to Chelsea Manning, I looked at the particulars of this case the same way I have for the other commutations and pardons that I've done, and I felt that in light of all the circumstances that commuting her sentence was entirely appropriate.Margaret Brennan [CBS News].
Label: Clear Non-Reply

Instance to classify:
Question: Whether there might have been some kind of a problem in how those arrangements were made.
Answer: Well, I don't know. I wasn't involved in the deal. The concept of the deal is good, but I'll let you know. We'll do a little study on that, and we'll find out.

First decide the most likely label, then check that it is one of the allowed labels and that the answer is judged relative to the question rather than in isolation.

Output constraints:
- Your entire response must be exactly one of these labels: Clear Reply | Ambivalent | Clear Non-Reply.
- Do not output JSON.
- Do not output explanations, markdown, punctuation, or any extra text.",Clear Non-Reply,Clear Non-Reply,True,single_mention,,
22, Would you accept a political settlement with him involved as success from the American perspective?,I would accept him stepping down so that he is not directing armed forces against the n people. He needs to step down. He needs to go.Laura Meckler [Wall Street Journal]./Tax Reform/National Economy,Ambivalent,Partial/half-answer,"Classify the interview answer's responsiveness to the question.

Use exactly one of these labels: Clear Reply, Ambivalent, Clear Non-Reply.

Label taxonomy:
- Clear Reply: Explicit
- Ambivalent: Deflection, Dodging, General, Implicit, Partial/half-answer
- Clear Non-Reply: Claims ignorance, Clarification, Declining to answer

Examples:
Example 1:
Question: Is ASEAN ready for the more advanced role in world affairs the U.S. would like to see it play?
Answer: I have not--I've been out of town, so I'm just seeing the press reports. I have not had a full briefing on Israel's intentions and what they've communicated to our administration. But this kind of activity is never helpful when it comes to peace negotiations. And I'm concerned that we're not seeing each side make the extra effort involved to get a breakthrough that could finally create a framework for a secure Israel living side and side--side ... o the world.For that reason, I hope that the economic relations between the U.S. and China will continue to proceed well, despite the geopolitical developments. We also hope to contribute to creating a region in East Asia, in Southeast Asia, and especially in Asia-Pacific, to become a region that is stable and productive.That is my views in general on the regional architecture issues and the future cooperation in our region.Thank you very much.
Label: Clear Reply

Example 2:
Question: Possibility of court battle over actions on immigration extending late into the term, what can be done for the people affected by the program and now in limbo, and the view on the possibility of ending the term without accomplishing goals on immigration.
Answer: On Ukraine and Russia and Minsk, there is strong consensus that we need to keep pushing Russia to abide by the terms of the Minsk agreement; we need to continue to support and encourage Ukraine to meet its obligations under Minsk; that until that's completed, sanctions remain in place.There was discussion about additional steps that we might need to take if Russia, working through separatists, doubled down on aggression inside of Ukraine. We—t ... out our authorities to go ahead and implement. But ultimately, this has never fully replaced the need for Congress to act. And my hope is, is that after a number of the other issues that we're working on currently get cleared, that there—some quiet conversations start up—back up again, particularly in the Republican Party, about the shortsighted approach that they're taking when it comes to immigration.Okay. Christi Parsons [Los Angeles Times].
Label: Ambivalent

Example 3:
Question: Reconciliation of commuting Manning's sentence with WikiLeaks' connection to Russia's hacking in the last year's election:
Answer: Well, first of all, let's be clear: Chelsea Manning has served a tough prison sentence. So the notion that the average person who was thinking about disclosing vital, classified information would think that it goes unpunished I don't think would get that impression from the sentence that Chelsea Manning has served.It has been my view that given she went to trial, that due process was carried out, that she took responsibility for her crime, tha ... ertising to our adversaries what it is that we're doing, but do so in a way that still keeps citizens up to speed on what their Government is doing on their behalf.But with respect to Chelsea Manning, I looked at the particulars of this case the same way I have for the other commutations and pardons that I've done, and I felt that in light of all the circumstances that commuting her sentence was entirely appropriate.Margaret Brennan [CBS News].
Label: Clear Non-Reply

Instance to classify:
Question: Would you accept a political settlement with him involved as success from the American perspective?
Answer: I would accept him stepping down so that he is not directing armed forces against the n people. He needs to step down. He needs to go.Laura Meckler [Wall Street Journal]./Tax Reform/National Economy

First decide the most likely label, then check that it is one of the allowed labels and that the answer is judged relative to the question rather than in isolation.

Output constraints:
- Your entire response must be exactly one of these labels: Clear Reply | Ambivalent | Clear Non-Reply.
- Do not output JSON.
- Do not output explanations, markdown, punctuation, or any extra text.",Clear Reply,Clear Reply,True,single_mention,,
23,How can the alliance remain unchanged given that Australia has signaled new foreign policy with quite different positions from yours on climate change?,"I guess it depends if you're a half-glass-empty guy or a halfglass-full guy. It sounds like to me our foreign policy interests are aligned. You know, after all, we've committed to an international agreement that will be effective when it comes to greenhouse gases. The Prime Minister just defined his desire to help this young democracy in Iraq succeed. That's what we're for.So I don't see differences when it comes to foreign policy. As a matter of fact, I see common agreement. And one reason why is, is because we share the same values. And those values are more important than the people who actually occupy the office, by the way. Those are the values that allow 12 U.S. Presidents and 14 Australian Prime Ministers to be united in common goals. And so I disagree with the assessment of whatever expert laid that out.Steven Lee [Steven Lee Myers, New York Times].",Clear Reply,Explicit,"Classify the interview answer's responsiveness to the question.

Use exactly one of these labels: Clear Reply, Ambivalent, Clear Non-Reply.

Label taxonomy:
- Clear Reply: Explicit
- Ambivalent: Deflection, Dodging, General, Implicit, Partial/half-answer
- Clear Non-Reply: Claims ignorance, Clarification, Declining to answer

Examples:
Example 1:
Question: Is ASEAN ready for the more advanced role in world affairs the U.S. would like to see it play?
Answer: I have not--I've been out of town, so I'm just seeing the press reports. I have not had a full briefing on Israel's intentions and what they've communicated to our administration. But this kind of activity is never helpful when it comes to peace negotiations. And I'm concerned that we're not seeing each side make the extra effort involved to get a breakthrough that could finally create a framework for a secure Israel living side and side--side ... o the world.For that reason, I hope that the economic relations between the U.S. and China will continue to proceed well, despite the geopolitical developments. We also hope to contribute to creating a region in East Asia, in Southeast Asia, and especially in Asia-Pacific, to become a region that is stable and productive.That is my views in general on the regional architecture issues and the future cooperation in our region.Thank you very much.
Label: Clear Reply

Example 2:
Question: Possibility of court battle over actions on immigration extending late into the term, what can be done for the people affected by the program and now in limbo, and the view on the possibility of ending the term without accomplishing goals on immigration.
Answer: On Ukraine and Russia and Minsk, there is strong consensus that we need to keep pushing Russia to abide by the terms of the Minsk agreement; we need to continue to support and encourage Ukraine to meet its obligations under Minsk; that until that's completed, sanctions remain in place.There was discussion about additional steps that we might need to take if Russia, working through separatists, doubled down on aggression inside of Ukraine. We—t ... out our authorities to go ahead and implement. But ultimately, this has never fully replaced the need for Congress to act. And my hope is, is that after a number of the other issues that we're working on currently get cleared, that there—some quiet conversations start up—back up again, particularly in the Republican Party, about the shortsighted approach that they're taking when it comes to immigration.Okay. Christi Parsons [Los Angeles Times].
Label: Ambivalent

Example 3:
Question: Reconciliation of commuting Manning's sentence with WikiLeaks' connection to Russia's hacking in the last year's election:
Answer: Well, first of all, let's be clear: Chelsea Manning has served a tough prison sentence. So the notion that the average person who was thinking about disclosing vital, classified information would think that it goes unpunished I don't think would get that impression from the sentence that Chelsea Manning has served.It has been my view that given she went to trial, that due process was carried out, that she took responsibility for her crime, tha ... ertising to our adversaries what it is that we're doing, but do so in a way that still keeps citizens up to speed on what their Government is doing on their behalf.But with respect to Chelsea Manning, I looked at the particulars of this case the same way I have for the other commutations and pardons that I've done, and I felt that in light of all the circumstances that commuting her sentence was entirely appropriate.Margaret Brennan [CBS News].
Label: Clear Non-Reply

Instance to classify:
Question: How can the alliance remain unchanged given that Australia has signaled new foreign policy with quite different positions from yours on climate change?
Answer: I guess it depends if you're a half-glass-empty guy or a halfglass-full guy. It sounds like to me our foreign policy interests are aligned. You know, after all, we've committed to an international agreement that will be effective when it comes to greenhouse gases. The Prime Minister just defined his desire to help this young democracy in Iraq succeed. That's what we're for.So I don't see differences when it comes to foreign policy. As a matter of fact, I see common agreement. And one reason why is, is because we share the same values. And those values are more important than the people who actually occupy the office, by the way. Those are the values that allow 12 U.S. Presidents and 14 Australian Prime Ministers to be united in common goals. And so I disagree with the assessment of whatever expert laid that out.Steven Lee [Steven Lee Myers, New York Times].

First decide the most likely label, then check that it is one of the allowed labels and that the answer is judged relative to the question rather than in isolation.

Output constraints:
- Your entire response must be exactly one of these labels: Clear Reply | Ambivalent | Clear Non-Reply.
- Do not output JSON.
- Do not output explanations, markdown, punctuation, or any extra text.",Clear Reply,Clear Reply,True,single_mention,,
24,Do you regret the ad?,"No, I don't. No. No. No.",Clear Reply,Explicit,"Classify the interview answer's responsiveness to the question.

Use exactly one of these labels: Clear Reply, Ambivalent, Clear Non-Reply.

Label taxonomy:
- Clear Reply: Explicit
- Ambivalent: Deflection, Dodging, General, Implicit, Partial/half-answer
- Clear Non-Reply: Claims ignorance, Clarification, Declining to answer

Examples:
Example 1:
Question: Is ASEAN ready for the more advanced role in world affairs the U.S. would like to see it play?
Answer: I have not--I've been out of town, so I'm just seeing the press reports. I have not had a full briefing on Israel's intentions and what they've communicated to our administration. But this kind of activity is never helpful when it comes to peace negotiations. And I'm concerned that we're not seeing each side make the extra effort involved to get a breakthrough that could finally create a framework for a secure Israel living side and side--side ... o the world.For that reason, I hope that the economic relations between the U.S. and China will continue to proceed well, despite the geopolitical developments. We also hope to contribute to creating a region in East Asia, in Southeast Asia, and especially in Asia-Pacific, to become a region that is stable and productive.That is my views in general on the regional architecture issues and the future cooperation in our region.Thank you very much.
Label: Clear Reply

Example 2:
Question: Possibility of court battle over actions on immigration extending late into the term, what can be done for the people affected by the program and now in limbo, and the view on the possibility of ending the term without accomplishing goals on immigration.
Answer: On Ukraine and Russia and Minsk, there is strong consensus that we need to keep pushing Russia to abide by the terms of the Minsk agreement; we need to continue to support and encourage Ukraine to meet its obligations under Minsk; that until that's completed, sanctions remain in place.There was discussion about additional steps that we might need to take if Russia, working through separatists, doubled down on aggression inside of Ukraine. We—t ... out our authorities to go ahead and implement. But ultimately, this has never fully replaced the need for Congress to act. And my hope is, is that after a number of the other issues that we're working on currently get cleared, that there—some quiet conversations start up—back up again, particularly in the Republican Party, about the shortsighted approach that they're taking when it comes to immigration.Okay. Christi Parsons [Los Angeles Times].
Label: Ambivalent

Example 3:
Question: Reconciliation of commuting Manning's sentence with WikiLeaks' connection to Russia's hacking in the last year's election:
Answer: Well, first of all, let's be clear: Chelsea Manning has served a tough prison sentence. So the notion that the average person who was thinking about disclosing vital, classified information would think that it goes unpunished I don't think would get that impression from the sentence that Chelsea Manning has served.It has been my view that given she went to trial, that due process was carried out, that she took responsibility for her crime, tha ... ertising to our adversaries what it is that we're doing, but do so in a way that still keeps citizens up to speed on what their Government is doing on their behalf.But with respect to Chelsea Manning, I looked at the particulars of this case the same way I have for the other commutations and pardons that I've done, and I felt that in light of all the circumstances that commuting her sentence was entirely appropriate.Margaret Brennan [CBS News].
Label: Clear Non-Reply

Instance to classify:
Question: Do you regret the ad?
Answer: No, I don't. No. No. No.

First decide the most likely label, then check that it is one of the allowed labels and that the answer is judged relative to the question rather than in isolation.

Output constraints:
- Your entire response must be exactly one of these labels: Clear Reply | Ambivalent | Clear Non-Reply.
- Do not output JSON.
- Do not output explanations, markdown, punctuation, or any extra text.",Clear Non-Reply,Clear Non-Reply,True,single_mention,,
25,Request for a follow-up.,Would you like to ask another question?,Clear Non-Reply,Clarification,"Classify the interview answer's responsiveness to the question.

Use exactly one of these labels: Clear Reply, Ambivalent, Clear Non-Reply.

Label taxonomy:
- Clear Reply: Explicit
- Ambivalent: Deflection, Dodging, General, Implicit, Partial/half-answer
- Clear Non-Reply: Claims ignorance, Clarification, Declining to answer

Examples:
Example 1:
Question: Is ASEAN ready for the more advanced role in world affairs the U.S. would like to see it play?
Answer: I have not--I've been out of town, so I'm just seeing the press reports. I have not had a full briefing on Israel's intentions and what they've communicated to our administration. But this kind of activity is never helpful when it comes to peace negotiations. And I'm concerned that we're not seeing each side make the extra effort involved to get a breakthrough that could finally create a framework for a secure Israel living side and side--side ... o the world.For that reason, I hope that the economic relations between the U.S. and China will continue to proceed well, despite the geopolitical developments. We also hope to contribute to creating a region in East Asia, in Southeast Asia, and especially in Asia-Pacific, to become a region that is stable and productive.That is my views in general on the regional architecture issues and the future cooperation in our region.Thank you very much.
Label: Clear Reply

Example 2:
Question: Possibility of court battle over actions on immigration extending late into the term, what can be done for the people affected by the program and now in limbo, and the view on the possibility of ending the term without accomplishing goals on immigration.
Answer: On Ukraine and Russia and Minsk, there is strong consensus that we need to keep pushing Russia to abide by the terms of the Minsk agreement; we need to continue to support and encourage Ukraine to meet its obligations under Minsk; that until that's completed, sanctions remain in place.There was discussion about additional steps that we might need to take if Russia, working through separatists, doubled down on aggression inside of Ukraine. We—t ... out our authorities to go ahead and implement. But ultimately, this has never fully replaced the need for Congress to act. And my hope is, is that after a number of the other issues that we're working on currently get cleared, that there—some quiet conversations start up—back up again, particularly in the Republican Party, about the shortsighted approach that they're taking when it comes to immigration.Okay. Christi Parsons [Los Angeles Times].
Label: Ambivalent

Example 3:
Question: Reconciliation of commuting Manning's sentence with WikiLeaks' connection to Russia's hacking in the last year's election:
Answer: Well, first of all, let's be clear: Chelsea Manning has served a tough prison sentence. So the notion that the average person who was thinking about disclosing vital, classified information would think that it goes unpunished I don't think would get that impression from the sentence that Chelsea Manning has served.It has been my view that given she went to trial, that due process was carried out, that she took responsibility for her crime, tha ... ertising to our adversaries what it is that we're doing, but do so in a way that still keeps citizens up to speed on what their Government is doing on their behalf.But with respect to Chelsea Manning, I looked at the particulars of this case the same way I have for the other commutations and pardons that I've done, and I felt that in light of all the circumstances that commuting her sentence was entirely appropriate.Margaret Brennan [CBS News].
Label: Clear Non-Reply

Instance to classify:
Question: Request for a follow-up.
Answer: Would you like to ask another question?

First decide the most likely label, then check that it is one of the allowed labels and that the answer is judged relative to the question rather than in isolation.

Output constraints:
- Your entire response must be exactly one of these labels: Clear Reply | Ambivalent | Clear Non-Reply.
- Do not output JSON.
- Do not output explanations, markdown, punctuation, or any extra text.",Clear Reply,Clear Reply,True,single_mention,,
26, Would the sense of isolation of the U.S. at the summit affect its ability to achieve its goals?,"Well, I think that you will see at this summit a broad-based agreement from all countries, including Germany, that we need to ensure balanced and sustainable growth. And it is my expectation that the communique will begin to put in place mechanisms that help us track and encourage such balanced and sustainable growth.The most important thing that the United States can do for the world economy is to grow, because we continue to be the world's largest market and a huge engine for all other countries to grow. Countries like Germany that export heavily benefit from our open markets and us buying their goods. That's true for every G-20 member.And so the point that we have consistently made is that in a prudent, stable way, we want to make sure that we are boosting growth rates at home as well as abroad. It is difficult to do that if we start seeing the huge imbalances redevelop that helped to contribute to the crisis that we just went through. And I don't think this is a controversial proposition. In fact, we set up a framework back in Pittsburgh that discussed this, and this is just a follow-on to the work that we've already done.Now, as I've said, I think, when I was first asked this in India, it's not our habit to comment on actions by the Federal Reserve. But as President of the United States, I can tell you that my instructions to my team, including Secretary Geithner, is to focus every single day on how we can grow our economy, how we can increase exports, how we can make sure that even as we're buying goods from places like South Korea, we're also selling goods to places like South Korea.That's part of the reason why we think that getting this Korea-U.S. free trade agreement done is so important. And President Lee and I discussed this, and our instructions are we're not--we don't want months to pass before we get this done; we want this to be done in a matter of weeks.So bottom line is, Patricia, I think that when you see the final communique, it will reflect a broad-based consensus about the direction that we need to go. There may be on any given--at any given moment disagreements between countries in terms of particular strategies. That's not surprising because each country has unique problems and finds itself in different positions. Countries like Germany historically are very sensitive to issues like inflation. But I don't think you'll get any objection to their belief that if the U.S. isn't growing, that's not good for the rest of the world.It also doesn't negate the fact that if we--if individual countries are engaging in practices that are purposely designed to boost their exports at the expense of others, that that can contribute to problems as opposed to solving them.",Ambivalent,Deflection,"Classify the interview answer's responsiveness to the question.

Use exactly one of these labels: Clear Reply, Ambivalent, Clear Non-Reply.

Label taxonomy:
- Clear Reply: Explicit
- Ambivalent: Deflection, Dodging, General, Implicit, Partial/half-answer
- Clear Non-Reply: Claims ignorance, Clarification, Declining to answer

Examples:
Example 1:
Question: Is ASEAN ready for the more advanced role in world affairs the U.S. would like to see it play?
Answer: I have not--I've been out of town, so I'm just seeing the press reports. I have not had a full briefing on Israel's intentions and what they've communicated to our administration. But this kind of activity is never helpful when it comes to peace negotiations. And I'm concerned that we're not seeing each side make the extra effort involved to get a breakthrough that could finally create a framework for a secure Israel living side and side--side ... o the world.For that reason, I hope that the economic relations between the U.S. and China will continue to proceed well, despite the geopolitical developments. We also hope to contribute to creating a region in East Asia, in Southeast Asia, and especially in Asia-Pacific, to become a region that is stable and productive.That is my views in general on the regional architecture issues and the future cooperation in our region.Thank you very much.
Label: Clear Reply

Example 2:
Question: Possibility of court battle over actions on immigration extending late into the term, what can be done for the people affected by the program and now in limbo, and the view on the possibility of ending the term without accomplishing goals on immigration.
Answer: On Ukraine and Russia and Minsk, there is strong consensus that we need to keep pushing Russia to abide by the terms of the Minsk agreement; we need to continue to support and encourage Ukraine to meet its obligations under Minsk; that until that's completed, sanctions remain in place.There was discussion about additional steps that we might need to take if Russia, working through separatists, doubled down on aggression inside of Ukraine. We—t ... out our authorities to go ahead and implement. But ultimately, this has never fully replaced the need for Congress to act. And my hope is, is that after a number of the other issues that we're working on currently get cleared, that there—some quiet conversations start up—back up again, particularly in the Republican Party, about the shortsighted approach that they're taking when it comes to immigration.Okay. Christi Parsons [Los Angeles Times].
Label: Ambivalent

Example 3:
Question: Reconciliation of commuting Manning's sentence with WikiLeaks' connection to Russia's hacking in the last year's election:
Answer: Well, first of all, let's be clear: Chelsea Manning has served a tough prison sentence. So the notion that the average person who was thinking about disclosing vital, classified information would think that it goes unpunished I don't think would get that impression from the sentence that Chelsea Manning has served.It has been my view that given she went to trial, that due process was carried out, that she took responsibility for her crime, tha ... ertising to our adversaries what it is that we're doing, but do so in a way that still keeps citizens up to speed on what their Government is doing on their behalf.But with respect to Chelsea Manning, I looked at the particulars of this case the same way I have for the other commutations and pardons that I've done, and I felt that in light of all the circumstances that commuting her sentence was entirely appropriate.Margaret Brennan [CBS News].
Label: Clear Non-Reply

Instance to classify:
Question: Would the sense of isolation of the U.S. at the summit affect its ability to achieve its goals?
Answer: Well, I think that you will see at this summit a broad-based agreement from all countries, including Germany, that we need to ensure balanced and sustainable growth. And it is my expectation that the communique will begin to put in place mechanisms that help us track and encourage such balanced and sustainable growth.The most important thing that the United States can do for the world economy is to grow, because we continue to be the world's l ... ountries like Germany historically are very sensitive to issues like inflation. But I don't think you'll get any objection to their belief that if the U.S. isn't growing, that's not good for the rest of the world.It also doesn't negate the fact that if we--if individual countries are engaging in practices that are purposely designed to boost their exports at the expense of others, that that can contribute to problems as opposed to solving them.

First decide the most likely label, then check that it is one of the allowed labels and that the answer is judged relative to the question rather than in isolation.

Output constraints:
- Your entire response must be exactly one of these labels: Clear Reply | Ambivalent | Clear Non-Reply.
- Do not output JSON.
- Do not output explanations, markdown, punctuation, or any extra text.",Clear Reply,Clear Reply,True,single_mention,,
27,Request for confirmation on whether anyone in the intelligence team or administration advised the President to de-escalate the rhetoric during the period when world war III was being mentioned in conversations.,"No, I've never—nobody ever told me that. Having said—having laid that out, I still feel strongly that is a danger. Nothing has changed in this NIE that says, okay, why don't we just stop worrying about it. Quite the contrary, I think the NIE makes it clear that needs to be taken seriously as a threat to peace. Their—my opinion hasn't changed.And I just explained, Jim [Jim Axelrod, CBS News], that if you want to avoid a really problematic situation in the Middle East, now is the time to continue to work together. That's our message to our allies, and it's an important message for them to hear. And here's the reason why: In order for a nation to develop a nuclear weapons program, they must have the materials from which to make a bomb, the know-how on how to take that material and make it explode, and a delivery system.Now, the ians—the most difficult aspect of developing a weapons program, or as some would say, the long pole in the tent, is enriching uranium. This is a na-tion— is a nation that is testing ballistic missiles. And it is a nation that is trying to enrich uranium. The NIE says this is a country that had a covert nuclear weapons program, which, by the way, they have failed to disclose, even today. They have never admitted the program existed in the first place.The danger is, is that they can enrich, play like they got a civilian program—or have a civilian program, or claim it's a civilian program—and pass the knowledge to a covert military program. And then the danger is, is at some point in the future, they show up with a weapon. And my comments are, now is the time to work together to prevent that scenario from taking place. It's in our interests.Yes, ma'am.",Clear Reply,Explicit,"Classify the interview answer's responsiveness to the question.

Use exactly one of these labels: Clear Reply, Ambivalent, Clear Non-Reply.

Label taxonomy:
- Clear Reply: Explicit
- Ambivalent: Deflection, Dodging, General, Implicit, Partial/half-answer
- Clear Non-Reply: Claims ignorance, Clarification, Declining to answer

Examples:
Example 1:
Question: Is ASEAN ready for the more advanced role in world affairs the U.S. would like to see it play?
Answer: I have not--I've been out of town, so I'm just seeing the press reports. I have not had a full briefing on Israel's intentions and what they've communicated to our administration. But this kind of activity is never helpful when it comes to peace negotiations. And I'm concerned that we're not seeing each side make the extra effort involved to get a breakthrough that could finally create a framework for a secure Israel living side and side--side ... o the world.For that reason, I hope that the economic relations between the U.S. and China will continue to proceed well, despite the geopolitical developments. We also hope to contribute to creating a region in East Asia, in Southeast Asia, and especially in Asia-Pacific, to become a region that is stable and productive.That is my views in general on the regional architecture issues and the future cooperation in our region.Thank you very much.
Label: Clear Reply

Example 2:
Question: Possibility of court battle over actions on immigration extending late into the term, what can be done for the people affected by the program and now in limbo, and the view on the possibility of ending the term without accomplishing goals on immigration.
Answer: On Ukraine and Russia and Minsk, there is strong consensus that we need to keep pushing Russia to abide by the terms of the Minsk agreement; we need to continue to support and encourage Ukraine to meet its obligations under Minsk; that until that's completed, sanctions remain in place.There was discussion about additional steps that we might need to take if Russia, working through separatists, doubled down on aggression inside of Ukraine. We—t ... out our authorities to go ahead and implement. But ultimately, this has never fully replaced the need for Congress to act. And my hope is, is that after a number of the other issues that we're working on currently get cleared, that there—some quiet conversations start up—back up again, particularly in the Republican Party, about the shortsighted approach that they're taking when it comes to immigration.Okay. Christi Parsons [Los Angeles Times].
Label: Ambivalent

Example 3:
Question: Reconciliation of commuting Manning's sentence with WikiLeaks' connection to Russia's hacking in the last year's election:
Answer: Well, first of all, let's be clear: Chelsea Manning has served a tough prison sentence. So the notion that the average person who was thinking about disclosing vital, classified information would think that it goes unpunished I don't think would get that impression from the sentence that Chelsea Manning has served.It has been my view that given she went to trial, that due process was carried out, that she took responsibility for her crime, tha ... ertising to our adversaries what it is that we're doing, but do so in a way that still keeps citizens up to speed on what their Government is doing on their behalf.But with respect to Chelsea Manning, I looked at the particulars of this case the same way I have for the other commutations and pardons that I've done, and I felt that in light of all the circumstances that commuting her sentence was entirely appropriate.Margaret Brennan [CBS News].
Label: Clear Non-Reply

Instance to classify:
Question: Request for confirmation on whether anyone in the intelligence team or administration advised the President to de-escalate the rhetoric during the period when world war III was being mentioned in conversations.
Answer: No, I've never—nobody ever told me that. Having said—having laid that out, I still feel strongly that is a danger. Nothing has changed in this NIE that says, okay, why don't we just stop worrying about it. Quite the contrary, I think the NIE makes it clear that needs to be taken seriously as a threat to peace. Their—my opinion hasn't changed.And I just explained, Jim [Jim Axelrod, CBS News], that if you want to avoid a really problematic situa ... d the program existed in the first place.The danger is, is that they can enrich, play like they got a civilian program—or have a civilian program, or claim it's a civilian program—and pass the knowledge to a covert military program. And then the danger is, is at some point in the future, they show up with a weapon. And my comments are, now is the time to work together to prevent that scenario from taking place. It's in our interests.Yes, ma'am.

First decide the most likely label, then check that it is one of the allowed labels and that the answer is judged relative to the question rather than in isolation.

Output constraints:
- Your entire response must be exactly one of these labels: Clear Reply | Ambivalent | Clear Non-Reply.
- Do not output JSON.
- Do not output explanations, markdown, punctuation, or any extra text.",Clear Non-Reply,Clear Non-Reply,True,single_mention,,
28,Target of Israeli bombing raid in Syria,I'm not going to comment on the matter. Would you like another question?,Clear Non-Reply,Declining to answer,"Classify the interview answer's responsiveness to the question.

Use exactly one of these labels: Clear Reply, Ambivalent, Clear Non-Reply.

Label taxonomy:
- Clear Reply: Explicit
- Ambivalent: Deflection, Dodging, General, Implicit, Partial/half-answer
- Clear Non-Reply: Claims ignorance, Clarification, Declining to answer

Examples:
Example 1:
Question: Is ASEAN ready for the more advanced role in world affairs the U.S. would like to see it play?
Answer: I have not--I've been out of town, so I'm just seeing the press reports. I have not had a full briefing on Israel's intentions and what they've communicated to our administration. But this kind of activity is never helpful when it comes to peace negotiations. And I'm concerned that we're not seeing each side make the extra effort involved to get a breakthrough that could finally create a framework for a secure Israel living side and side--side ... o the world.For that reason, I hope that the economic relations between the U.S. and China will continue to proceed well, despite the geopolitical developments. We also hope to contribute to creating a region in East Asia, in Southeast Asia, and especially in Asia-Pacific, to become a region that is stable and productive.That is my views in general on the regional architecture issues and the future cooperation in our region.Thank you very much.
Label: Clear Reply

Example 2:
Question: Possibility of court battle over actions on immigration extending late into the term, what can be done for the people affected by the program and now in limbo, and the view on the possibility of ending the term without accomplishing goals on immigration.
Answer: On Ukraine and Russia and Minsk, there is strong consensus that we need to keep pushing Russia to abide by the terms of the Minsk agreement; we need to continue to support and encourage Ukraine to meet its obligations under Minsk; that until that's completed, sanctions remain in place.There was discussion about additional steps that we might need to take if Russia, working through separatists, doubled down on aggression inside of Ukraine. We—t ... out our authorities to go ahead and implement. But ultimately, this has never fully replaced the need for Congress to act. And my hope is, is that after a number of the other issues that we're working on currently get cleared, that there—some quiet conversations start up—back up again, particularly in the Republican Party, about the shortsighted approach that they're taking when it comes to immigration.Okay. Christi Parsons [Los Angeles Times].
Label: Ambivalent

Example 3:
Question: Reconciliation of commuting Manning's sentence with WikiLeaks' connection to Russia's hacking in the last year's election:
Answer: Well, first of all, let's be clear: Chelsea Manning has served a tough prison sentence. So the notion that the average person who was thinking about disclosing vital, classified information would think that it goes unpunished I don't think would get that impression from the sentence that Chelsea Manning has served.It has been my view that given she went to trial, that due process was carried out, that she took responsibility for her crime, tha ... ertising to our adversaries what it is that we're doing, but do so in a way that still keeps citizens up to speed on what their Government is doing on their behalf.But with respect to Chelsea Manning, I looked at the particulars of this case the same way I have for the other commutations and pardons that I've done, and I felt that in light of all the circumstances that commuting her sentence was entirely appropriate.Margaret Brennan [CBS News].
Label: Clear Non-Reply

Instance to classify:
Question: Target of Israeli bombing raid in Syria
Answer: I'm not going to comment on the matter. Would you like another question?

First decide the most likely label, then check that it is one of the allowed labels and that the answer is judged relative to the question rather than in isolation.

Output constraints:
- Your entire response must be exactly one of these labels: Clear Reply | Ambivalent | Clear Non-Reply.
- Do not output JSON.
- Do not output explanations, markdown, punctuation, or any extra text.",Clear Non-Reply,Clear Non-Reply,True,single_mention,,
29,Sign of Russia's military efforts in Syria focusing on ISIL,"Well, first of all, destroying ISIL is not only a realistic goal, we're going to get it done, and we're going to pursue it with every aspect of American power and with all the coalition partners that we've assembled. It's going to get done.It will be helpful if Russia directs its focus on ISIL, and I do think that as a consequence of ISIL claiming responsibility for bringing down their plane, there is an increasing awareness on the part of President Putin that ISIL poses a greater threat to them than anything else in the region. The question at this point is whether they can make the strategic adjustment that allows them to be effective partners with us and the other 65 countries who are already part of the counter-ISIL campaign. And we don't know that yet.So far, over the last several weeks, when they started taking strikes in Syria, their principal targets have been the moderate opposition that they felt threatened Asad. Their principal goal appeared to be—if you follow the strikes that they took—to fortify the position of the Asad regime. And that does not add to our efforts against ISIL. In some ways, it strengthens it, because ISIL is also fighting many of those groups that the Russians were hitting.When we were in Turkey, I discussed with President Putin, in a brief pull-aside, his need to recognize that he needs to go after the people who killed Russian citizens. And those aren't the groups that they were currently hitting with strikes. So they're going to have to make an adjustment in terms of what they're prioritizing.More broadly—I've said this before; I said it to President Putin 5 years ago, and I repeated it to him just a few days ago—the issue with Asad is not simply the way that he has treated his people. It's not just a human rights issue. It's not just a question of supporting somebody who has been ruthlessly dropping bombs on his own civilian populations. As a practical matter, it is not conceivable that Mr. Asad can regain legitimacy in a country in which a large majority of that country despises Asad and will not stop fighting so long as he's in power, which means that the civil war perpetuates itself.And so the goal in Vienna is to see if—with all the countries around the table, including Saudi Arabia and Turkey and Iran and Russia, as well as the United States and other countries that have concerns about this—whether we can arrive at a political transition process that recognizes the need for a new government and can quell the fighting, bring about a cease-fire, and allows all of us to refocus our attention on this barbaric organization that is killing so many people.Russia has not officially committed to a transition of Asad moving out, but they did agree to the political transition process. And I think we'll find out over the next several weeks whether or not we can bring about that change of perspective with the Russians.Keep in mind that we all have an interest in maintaining a Syrian state, because we don't want complete chaos. I mean, and there are problems that we've seen in, for example, Lebanon, when the machinery of state entirely breaks down. So there—there's going to be a need for the international community and the United Nations to work in order to maintain a Syria—maintaining a Syrian state and be able to move forward with a political transition that's orderly. And that's going to be difficult, but that's what we have to focus on.In terms of the position of the United States and the other 65 members of the coalition, my view on Asad is, it will not work to keep him in power. We can't stop the fighting. Even if I were to cynically say that my priority is ISIL and not removing Asad regardless of the terrible things that he's done to his people, the United States could not stop the fighting in Syria by those who are opposed to Asad's rule. And so this is a practical issue, not just a matter of conscience. And I think that there are a large number of members of this coalition, including President Hollande, who agree with me on that. Okay?Michael Shear [New York Times].",Ambivalent,General,"Classify the interview answer's responsiveness to the question.

Use exactly one of these labels: Clear Reply, Ambivalent, Clear Non-Reply.

Label taxonomy:
- Clear Reply: Explicit
- Ambivalent: Deflection, Dodging, General, Implicit, Partial/half-answer
- Clear Non-Reply: Claims ignorance, Clarification, Declining to answer

Examples:
Example 1:
Question: Is ASEAN ready for the more advanced role in world affairs the U.S. would like to see it play?
Answer: I have not--I've been out of town, so I'm just seeing the press reports. I have not had a full briefing on Israel's intentions and what they've communicated to our administration. But this kind of activity is never helpful when it comes to peace negotiations. And I'm concerned that we're not seeing each side make the extra effort involved to get a breakthrough that could finally create a framework for a secure Israel living side and side--side ... o the world.For that reason, I hope that the economic relations between the U.S. and China will continue to proceed well, despite the geopolitical developments. We also hope to contribute to creating a region in East Asia, in Southeast Asia, and especially in Asia-Pacific, to become a region that is stable and productive.That is my views in general on the regional architecture issues and the future cooperation in our region.Thank you very much.
Label: Clear Reply

Example 2:
Question: Possibility of court battle over actions on immigration extending late into the term, what can be done for the people affected by the program and now in limbo, and the view on the possibility of ending the term without accomplishing goals on immigration.
Answer: On Ukraine and Russia and Minsk, there is strong consensus that we need to keep pushing Russia to abide by the terms of the Minsk agreement; we need to continue to support and encourage Ukraine to meet its obligations under Minsk; that until that's completed, sanctions remain in place.There was discussion about additional steps that we might need to take if Russia, working through separatists, doubled down on aggression inside of Ukraine. We—t ... out our authorities to go ahead and implement. But ultimately, this has never fully replaced the need for Congress to act. And my hope is, is that after a number of the other issues that we're working on currently get cleared, that there—some quiet conversations start up—back up again, particularly in the Republican Party, about the shortsighted approach that they're taking when it comes to immigration.Okay. Christi Parsons [Los Angeles Times].
Label: Ambivalent

Example 3:
Question: Reconciliation of commuting Manning's sentence with WikiLeaks' connection to Russia's hacking in the last year's election:
Answer: Well, first of all, let's be clear: Chelsea Manning has served a tough prison sentence. So the notion that the average person who was thinking about disclosing vital, classified information would think that it goes unpunished I don't think would get that impression from the sentence that Chelsea Manning has served.It has been my view that given she went to trial, that due process was carried out, that she took responsibility for her crime, tha ... ertising to our adversaries what it is that we're doing, but do so in a way that still keeps citizens up to speed on what their Government is doing on their behalf.But with respect to Chelsea Manning, I looked at the particulars of this case the same way I have for the other commutations and pardons that I've done, and I felt that in light of all the circumstances that commuting her sentence was entirely appropriate.Margaret Brennan [CBS News].
Label: Clear Non-Reply

Instance to classify:
Question: Sign of Russia's military efforts in Syria focusing on ISIL
Answer: Well, first of all, destroying ISIL is not only a realistic goal, we're going to get it done, and we're going to pursue it with every aspect of American power and with all the coalition partners that we've assembled. It's going to get done.It will be helpful if Russia directs its focus on ISIL, and I do think that as a consequence of ISIL claiming responsibility for bringing down their plane, there is an increasing awareness on the part of Pre ... ally say that my priority is ISIL and not removing Asad regardless of the terrible things that he's done to his people, the United States could not stop the fighting in Syria by those who are opposed to Asad's rule. And so this is a practical issue, not just a matter of conscience. And I think that there are a large number of members of this coalition, including President Hollande, who agree with me on that. Okay?Michael Shear [New York Times].

First decide the most likely label, then check that it is one of the allowed labels and that the answer is judged relative to the question rather than in isolation.

Output constraints:
- Your entire response must be exactly one of these labels: Clear Reply | Ambivalent | Clear Non-Reply.
- Do not output JSON.
- Do not output explanations, markdown, punctuation, or any extra text.",Clear Non-Reply,Clear Non-Reply,True,single_mention,,
