Id,question,interview_answer,clarity_label,prompt,generation,Predicted,valid,parse_method,parse_message,rationale
0,Where is your line in the sand?,"Well, look, I've got a whole bunch of lines in the sand. Not making the tax cuts for the wealthy permanent--that was a line in the sand. Making sure that the things that most impact middle class families and low-income families, that those were preserved--that was a line in the sand. I would not have agreed to a deal, which, by the way, some in Congress were talking about, of just a 2-year extension on the Bush tax cuts and 1 year of unemployment insurance, but meanwhile all the other provisions, the earned-income tax credit or other important breaks for middle class families like the college tax credit, that those had gone away just because they had Obama's name attached to them instead of Bush's name attached to them.So this notion that somehow we are willing to compromise too much reminds me of the debate that we had during health care. This is the public option debate all over again. So I pass a signature piece of legislation where we finally get health care for all Americans, something that Democrats had been fighting for, for a hundred years, but because there was a provision in there that they didn't get that would have affected maybe a couple of million people, even though we got health insurance for 30 million people and the potential for lower premiums for a hundred million people, that somehow that was a sign of weakness and compromise.Now, if that's the standard by which we are measuring success or core principles, then let's face it, we will never get anything done. People will have the satisfaction of having a purist position and no victories for the American people. And we will be able to feel good about ourselves and sanctimonious about how pure our intentions are and how tough we are, and in the meantime, the American people are still seeing themselves not able to get health insurance because of preexisting conditions or not being able to pay their bills cause their unemployment insurance ran out.That can't be the measure of how we think about our public service. That can't be the measure of what it means to be a Democrat. This is a big, diverse country. Not everybody agrees with us. I know that shocks people. The New York Times editorial page does not permeate across all of America; neither does the Wall Street Journal editorial page. Most Americans, they're just trying to figure out how to go about their lives and how can we make sure that our elected officials are looking out for us. And that means, because it's a big, diverse country and people have a lot of complicated positions, it means that in order to get stuff done, we're going to compromise. This is why FDR, when he started Social Security, it only affected widows and orphans. You did not qualify. And yet now it is something that really helps a lot of people. When Medicare was started, it was a small program. It grew.Under the criteria that you just set out, each of those were betrayals of some abstract ideal. This country was founded on compromise. I couldn't go through the front door at this country's founding. And if we were really thinking about ideal positions, we wouldn't have a Union.So my job is to make sure that we have a north star out there. What is helping the American people live out their lives? What is giving them more opportunity? What is growing the economy? What is making us more competitive? And at any given juncture, there are going to be times where my preferred option, what I am absolutely positive is right, I can't get done.And so then my question is, does it make sense for me to tack a little bit this way or tack a little bit that way, because I'm keeping my eye on the long term and the long fight--not my day-to-day news cycle, but where am I going over the long term?And I don't think there's a single Democrat out there who, if they looked at where we started when I came into office and look at where we are now, would say that somehow we have not moved in the direction that I promised.Take a tally. Look at what I promised during the campaign. There's not a single thing that I've said that I would do that I have not either done or tried to do. And if I haven't gotten it done yet, I'm still trying to do it.And so the--to my Democratic friends, what I'd suggest is, let's make sure that we understand this is a long game. This is not a short game. And to my Republican friends, I would suggest--I think this is a good agreement, because I know that they're swallowing some things that they don't like as well, and I'm looking forward to seeing them on the field of competition over the next 2 years.Thanks very much everybody.",Clear Reply,"Classify how clearly the interview answer responds to the question.

Use exactly one of these labels: Clear Reply, Ambivalent, Clear Non-Reply.

Label definitions:
- Clear Reply: The answer directly and substantially addresses the question.
- Ambivalent: The answer only partially addresses the question, is vague, qualified, mixed, or leaves the response unclear.
- Clear Non-Reply: The answer clearly avoids, redirects, refuses, or otherwise does not answer the question.

Examples:
Example 1:
Question: Is ASEAN ready for the more advanced role in world affairs the U.S. would like to see it play?
Answer: I have not--I've been out of town, so I'm just seeing the press reports. I have not had a full briefing on Israel's intentions and what they've communicated to our administration. But this kind of activity is never helpful when it comes to peace negotiations. And I'm concerned that we're not seeing each side make the extra effort involved to get a breakthrough that could finally create a framework for a secure Israel living side and side--side by side in peace with a sovereign Palestine.We're going to keep on working on it, though, because it is in the world's interest, it is in the interest of the people of Israel, and it is in the interest of the Palestinian people to achieve that settlement, to achieve that agreement. But each of these incremental steps can end up breaking down trust between the parties.Even though it wasn't directed to me, I do want to just chime in briefly on the issue of China. We want China to succeed and prosper. It's good for the United States if China continues on the path of development that it's on.That means that, first of all, just from a humanitarian point of view, lifting millions of people out of poverty is a good thing. It is also a huge expanding market where America then can sell goods and services, and so we think China being prosperous and secure is a positive. And we're not interested in containing that process. We want China to continue to achieve its development goals.We do want to make sure that everybody is operating within an international framework and sets of rules in which countries recognize their responsibilities to each other. That's true for the United States. That's true for China. That's true for Indonesia. It's true for all of us. And the more that we have international mechanisms in which people say we have rights, we also have responsibilities, we're going to abide by them, we're going to hold each other accountable, the better off we'll all be. Yes, the views that I have of the future of our region, the region of Asia, including East Asia and Southeast Asia, all wish to have a region that is experiencing development, including economic development. This region should continue to be a region that is stable, a region that is peaceful and a region that is safe.In this regard, the community that is built upon in Asia, in East Asia also, and also a framework now through the East Asia summit framework, we have the responsibility to--in one area, to ensure that the cooperation in the region, especially in the area of economic cooperation, can contribute significantly to the development of the global economy that will bring benefit for all humanity.On the other spot of the coin, we also have the responsibility to ensure stability and security in our region. I am not using any theory or the theory of one power to counterbalance the other powers. But I do have the view that there must be some form of dynamic equilibrium in Asia-Pacific, in East and Southeast Asia. And the formation of such regional cooperation such that is East Asia summit, where there are 10 countries from ASEAN and there is also China, Republic of Korea, Japan, India, Australia, New Zealand, and now Russia and the United States, therefore, I have faith that it will be more effective to ensure peace, stability, and order in this region.And in this regard, with such a condition, such cooperation in the area of economic will go effectively, and it is Indonesia's hope that China and the U.S. relations will continue to flow well because if something happens between those two states, it will have severe impacts to not only countries in the region, in Asia, but also to the world.For that reason, I hope that the economic relations between the U.S. and China will continue to proceed well, despite the geopolitical developments. We also hope to contribute to creating a region in East Asia, in Southeast Asia, and especially in Asia-Pacific, to become a region that is stable and productive.That is my views in general on the regional architecture issues and the future cooperation in our region.Thank you very much.
Label: Clear Reply

Example 2:
Question: Possibility of court battle over actions on immigration extending late into the term, what can be done for the people affected by the program and now in limbo, and the view on the possibility of ending the term without accomplishing goals on immigration.
Answer: On Ukraine and Russia and Minsk, there is strong consensus that we need to keep pushing Russia to abide by the terms of the Minsk agreement; we need to continue to support and encourage Ukraine to meet its obligations under Minsk; that until that's completed, sanctions remain in place.There was discussion about additional steps that we might need to take if Russia, working through separatists, doubled down on aggression inside of Ukraine. We—those discussions are taking place at a technical level, not yet at a political level, because I think the first goal here going into a European Council meeting that's coming up is just rolling over the existing sanctions. But I think at a technical level, we want to be prepared.Our hope is, is that we don't have to take additional steps because the Minsk agreement is met. And I want to give enormous credit to Chancellor Merkel, along with President Hollande, who have shown extraordinary stick-to-itiveness and patience in trying to get that done.Ultimately, this is going to be an issue for Mr. Putin. He's got to make a decision: Does he continue to wreck his country's economy and continue Russia's isolation in pursuit of a wrongheaded desire to recreate the glories of the Soviet empire, or does he recognize that Russia's greatness does not depend on violating the territorial integrity and sovereignty of other countries?And as I mentioned earlier, the costs that the Russian people are bearing are severe. That's being felt. It may not always be understood why they're suffering, because of state media inside of Russia and propaganda coming out of state media in Russia and to Russian speakers. But the truth of the matter is, is that the Russian people would greatly benefit. And ironically, one of the rationales that Mr. Putin provided for his incursions into Ukraine was to protect Russian speakers there. Well, Russian speakers inside of Ukraine are precisely the ones who are bearing the brunt of the fighting. Their economy has collapsed. Their lives are disordered. Many of them are displaced. Their homes may have been destroyed. They're suffering. And the best way for them to stop suffering is if the Minsk agreement is fully implemented.Christi—oh, immigration. With respect to immigration, obviously, I'm frustrated by a district court ruling that now is wending its way through the appeals process. We are being as aggressive as we can legally to, first and foremost, appeal that ruling, and then to implement those elements of immigration executive actions that were not challenged in court.But obviously, the centerpiece, one of the key provisions for me was being able to get folks who are undocumented to go through a background check—criminal background check—pay back taxes, and then have a legal status. And that requires an entire administrative apparatus and us getting them to apply and come clean.I made a decision, which I think is the right one, that we should not accept applications until the legal status of this is clarified. I am absolutely convinced this is well within my legal authority, Department of Homeland Security's legal authority. If you look at the precedent, if you look at the traditional discretion that the executive branch possesses when it comes to applying immigration laws, I am convinced that what we're doing is lawful, and our lawyers are convinced that what we're doing is lawful.But the United States is a government of laws and separations of power, and when a—even if it's a individual district court judge who's making this determination, we've got to go through the process to challenge it. And until we get clarity there, I don't want to bring people in, have them apply and jump through a lot of hoops, only to have it deferred and delayed further.Of course, there's one really great way to solve this problem, and that would be Congress going ahead and acting, which would obviate the need for executive actions. The majority of the American people, I think, still want to see that happen. I suspect it will be a major topic of the next Presidential campaign.And so we will continue to push as hard as we can on all fronts to fix a broken immigration system. Administratively, we'll be prepared if and when we get the kind of ruling that I think we should have gotten in the first place about our authorities to go ahead and implement. But ultimately, this has never fully replaced the need for Congress to act. And my hope is, is that after a number of the other issues that we're working on currently get cleared, that there—some quiet conversations start up—back up again, particularly in the Republican Party, about the shortsighted approach that they're taking when it comes to immigration.Okay. Christi Parsons [Los Angeles Times].
Label: Ambivalent

Example 3:
Question: Reconciliation of commuting Manning's sentence with WikiLeaks' connection to Russia's hacking in the last year's election:
Answer: Well, first of all, let's be clear: Chelsea Manning has served a tough prison sentence. So the notion that the average person who was thinking about disclosing vital, classified information would think that it goes unpunished I don't think would get that impression from the sentence that Chelsea Manning has served.It has been my view that given she went to trial, that due process was carried out, that she took responsibility for her crime, that the sentence that she received was very disproportional—disproportionate relative to what other leakers had received, and that she had served a significant amount of time, that it made it sense to commute and not pardon her sentence.And I feel very comfortable that justice has been served and that a message has still been sent that when it comes to our national security, that wherever possible, we need folks who may have legitimate concerns about the actions of Government or their superiors or the agencies in which they work, that they try to work through the established channels and avail themselves of the whistleblower protections that had been put in place.I recognize that there's some folks who think they're not enough, and I think all of us, when we're working in big institutions, may find ourselves at times at odds with policies that are set. But when it comes to national security, we're often dealing with people in the field whose lives may be put at risk or the safety and security and the ability of our military or our intelligence teams or Embassies to function effectively. And that has to be kept in mind.So with respect to WikiLeaks, I don't see a contradiction. First of all, I haven't commented on WikiLeaks, generally. The conclusions of the intelligence community with respect to the Russian hacking were not conclusive as to whether WikiLeaks was witting or not in being the conduit through which we heard about the DNC e-mails that were leaked. I don't pay a lot of attention to Mr. Assange's tweets, so that wasn't a consideration in this instance. And I'd refer you to the Justice Department for any criminal investigations, indictments, extradition issues that may come up with him.What I can say broadly is that, in this new cyber age, we're going to have to make sure that we continually work to find the right balance of accountability and openness and transparency that is the hallmark of our democracy, but also recognize that there are adversaries and bad actors out there who want to use that same openness in ways that hurt us, whether that's in trying to commit financial crimes or trying to commit acts of terrorism or folks who want to interfere with our elections.And we're going to have to continually build the kind of architecture that makes sure our—the best of our democracy is preserved; that our national security and intelligence agencies have the ability to carry out policy without advertising to our adversaries what it is that we're doing, but do so in a way that still keeps citizens up to speed on what their Government is doing on their behalf.But with respect to Chelsea Manning, I looked at the particulars of this case the same way I have for the other commutations and pardons that I've done, and I felt that in light of all the circumstances that commuting her sentence was entirely appropriate.Margaret Brennan [CBS News].
Label: Clear Non-Reply

Instance to classify:
Question: Where is your line in the sand?
Answer: Well, look, I've got a whole bunch of lines in the sand. Not making the tax cuts for the wealthy permanent--that was a line in the sand. Making sure that the things that most impact middle class families and low-income families, that those were preserved--that was a line in the sand. I would not have agreed to a deal, which, by the way, some in Congress were talking about, of just a 2-year extension on the Bush tax cuts and 1 year of unemployment insurance, but meanwhile all the other provisions, the earned-income tax credit or other important breaks for middle class families like the college tax credit, that those had gone away just because they had Obama's name attached to them instead of Bush's name attached to them.So this notion that somehow we are willing to compromise too much reminds me of the debate that we had during health care. This is the public option debate all over again. So I pass a signature piece of legislation where we finally get health care for all Americans, something that Democrats had been fighting for, for a hundred years, but because there was a provision in there that they didn't get that would have affected maybe a couple of million people, even though we got health insurance for 30 million people and the potential for lower premiums for a hundred million people, that somehow that was a sign of weakness and compromise.Now, if that's the standard by which we are measuring success or core principles, then let's face it, we will never get anything done. People will have the satisfaction of having a purist position and no victories for the American people. And we will be able to feel good about ourselves and sanctimonious about how pure our intentions are and how tough we are, and in the meantime, the American people are still seeing themselves not able to get health insurance because of preexisting conditions or not being able to pay their bills cause their unemployment insurance ran out.That can't be the measure of how we think about our public service. That can't be the measure of what it means to be a Democrat. This is a big, diverse country. Not everybody agrees with us. I know that shocks people. The New York Times editorial page does not permeate across all of America; neither does the Wall Street Journal editorial page. Most Americans, they're just trying to figure out how to go about their lives and how can we make sure that our elected officials are looking out for us. And that means, because it's a big, diverse country and people have a lot of complicated positions, it means that in order to get stuff done, we're going to compromise. This is why FDR, when he started Social Security, it only affected widows and orphans. You did not qualify. And yet now it is something that really helps a lot of people. When Medicare was started, it was a small program. It grew.Under the criteria that you just set out, each of those were betrayals of some abstract ideal. This country was founded on compromise. I couldn't go through the front door at this country's founding. And if we were really thinking about ideal positions, we wouldn't have a Union.So my job is to make sure that we have a north star out there. What is helping the American people live out their lives? What is giving them more opportunity? What is growing the economy? What is making us more competitive? And at any given juncture, there are going to be times where my preferred option, what I am absolutely positive is right, I can't get done.And so then my question is, does it make sense for me to tack a little bit this way or tack a little bit that way, because I'm keeping my eye on the long term and the long fight--not my day-to-day news cycle, but where am I going over the long term?And I don't think there's a single Democrat out there who, if they looked at where we started when I came into office and look at where we are now, would say that somehow we have not moved in the direction that I promised.Take a tally. Look at what I promised during the campaign. There's not a single thing that I've said that I would do that I have not either done or tried to do. And if I haven't gotten it done yet, I'm still trying to do it.And so the--to my Democratic friends, what I'd suggest is, let's make sure that we understand this is a long game. This is not a short game. And to my Republican friends, I would suggest--I think this is a good agreement, because I know that they're swallowing some things that they don't like as well, and I'm looking forward to seeing them on the field of competition over the next 2 years.Thanks very much everybody.

Decide the label from the answer's responsiveness to the question. Do not output explanations.

Return valid JSON only: {""label"": ""<Clear Reply | Ambivalent | Clear Non-Reply>""}","{""label"": ""Clear Reply""}",Clear Reply,True,json,,
1," Don't your officials vote by mail, sir?","They do, but that's different. That's called solicited. When you solicit, when you go out—it's called absentee or solicit. When you go out and you request a ballot—you want to say, I want to vote because I can't be in Florida or I can't be someplace. You request. So you're sending something in, it's handled professionally, they send it back—it's a whole thing. That's much different than unsolicited, when you get millions of ballots. I heard numbers like 80 million ballots.Now, just this week, they had another one—another one of the disasters that took place—an election. But look at what happened in New Jersey. And they had another one in New Jersey—very, very bad—different than Paterson. Look at what happened in New York with Carolyn—your Congressman—Murphy.",Clear Reply,"Classify how clearly the interview answer responds to the question.

Use exactly one of these labels: Clear Reply, Ambivalent, Clear Non-Reply.

Label definitions:
- Clear Reply: The answer directly and substantially addresses the question.
- Ambivalent: The answer only partially addresses the question, is vague, qualified, mixed, or leaves the response unclear.
- Clear Non-Reply: The answer clearly avoids, redirects, refuses, or otherwise does not answer the question.

Examples:
Example 1:
Question: Is ASEAN ready for the more advanced role in world affairs the U.S. would like to see it play?
Answer: I have not--I've been out of town, so I'm just seeing the press reports. I have not had a full briefing on Israel's intentions and what they've communicated to our administration. But this kind of activity is never helpful when it comes to peace negotiations. And I'm concerned that we're not seeing each side make the extra effort involved to get a breakthrough that could finally create a framework for a secure Israel living side and side--side by side in peace with a sovereign Palestine.We're going to keep on working on it, though, because it is in the world's interest, it is in the interest of the people of Israel, and it is in the interest of the Palestinian people to achieve that settlement, to achieve that agreement. But each of these incremental steps can end up breaking down trust between the parties.Even though it wasn't directed to me, I do want to just chime in briefly on the issue of China. We want China to succeed and prosper. It's good for the United States if China continues on the path of development that it's on.That means that, first of all, just from a humanitarian point of view, lifting millions of people out of poverty is a good thing. It is also a huge expanding market where America then can sell goods and services, and so we think China being prosperous and secure is a positive. And we're not interested in containing that process. We want China to continue to achieve its development goals.We do want to make sure that everybody is operating within an international framework and sets of rules in which countries recognize their responsibilities to each other. That's true for the United States. That's true for China. That's true for Indonesia. It's true for all of us. And the more that we have international mechanisms in which people say we have rights, we also have responsibilities, we're going to abide by them, we're going to hold each other accountable, the better off we'll all be. Yes, the views that I have of the future of our region, the region of Asia, including East Asia and Southeast Asia, all wish to have a region that is experiencing development, including economic development. This region should continue to be a region that is stable, a region that is peaceful and a region that is safe.In this regard, the community that is built upon in Asia, in East Asia also, and also a framework now through the East Asia summit framework, we have the responsibility to--in one area, to ensure that the cooperation in the region, especially in the area of economic cooperation, can contribute significantly to the development of the global economy that will bring benefit for all humanity.On the other spot of the coin, we also have the responsibility to ensure stability and security in our region. I am not using any theory or the theory of one power to counterbalance the other powers. But I do have the view that there must be some form of dynamic equilibrium in Asia-Pacific, in East and Southeast Asia. And the formation of such regional cooperation such that is East Asia summit, where there are 10 countries from ASEAN and there is also China, Republic of Korea, Japan, India, Australia, New Zealand, and now Russia and the United States, therefore, I have faith that it will be more effective to ensure peace, stability, and order in this region.And in this regard, with such a condition, such cooperation in the area of economic will go effectively, and it is Indonesia's hope that China and the U.S. relations will continue to flow well because if something happens between those two states, it will have severe impacts to not only countries in the region, in Asia, but also to the world.For that reason, I hope that the economic relations between the U.S. and China will continue to proceed well, despite the geopolitical developments. We also hope to contribute to creating a region in East Asia, in Southeast Asia, and especially in Asia-Pacific, to become a region that is stable and productive.That is my views in general on the regional architecture issues and the future cooperation in our region.Thank you very much.
Label: Clear Reply

Example 2:
Question: Possibility of court battle over actions on immigration extending late into the term, what can be done for the people affected by the program and now in limbo, and the view on the possibility of ending the term without accomplishing goals on immigration.
Answer: On Ukraine and Russia and Minsk, there is strong consensus that we need to keep pushing Russia to abide by the terms of the Minsk agreement; we need to continue to support and encourage Ukraine to meet its obligations under Minsk; that until that's completed, sanctions remain in place.There was discussion about additional steps that we might need to take if Russia, working through separatists, doubled down on aggression inside of Ukraine. We—those discussions are taking place at a technical level, not yet at a political level, because I think the first goal here going into a European Council meeting that's coming up is just rolling over the existing sanctions. But I think at a technical level, we want to be prepared.Our hope is, is that we don't have to take additional steps because the Minsk agreement is met. And I want to give enormous credit to Chancellor Merkel, along with President Hollande, who have shown extraordinary stick-to-itiveness and patience in trying to get that done.Ultimately, this is going to be an issue for Mr. Putin. He's got to make a decision: Does he continue to wreck his country's economy and continue Russia's isolation in pursuit of a wrongheaded desire to recreate the glories of the Soviet empire, or does he recognize that Russia's greatness does not depend on violating the territorial integrity and sovereignty of other countries?And as I mentioned earlier, the costs that the Russian people are bearing are severe. That's being felt. It may not always be understood why they're suffering, because of state media inside of Russia and propaganda coming out of state media in Russia and to Russian speakers. But the truth of the matter is, is that the Russian people would greatly benefit. And ironically, one of the rationales that Mr. Putin provided for his incursions into Ukraine was to protect Russian speakers there. Well, Russian speakers inside of Ukraine are precisely the ones who are bearing the brunt of the fighting. Their economy has collapsed. Their lives are disordered. Many of them are displaced. Their homes may have been destroyed. They're suffering. And the best way for them to stop suffering is if the Minsk agreement is fully implemented.Christi—oh, immigration. With respect to immigration, obviously, I'm frustrated by a district court ruling that now is wending its way through the appeals process. We are being as aggressive as we can legally to, first and foremost, appeal that ruling, and then to implement those elements of immigration executive actions that were not challenged in court.But obviously, the centerpiece, one of the key provisions for me was being able to get folks who are undocumented to go through a background check—criminal background check—pay back taxes, and then have a legal status. And that requires an entire administrative apparatus and us getting them to apply and come clean.I made a decision, which I think is the right one, that we should not accept applications until the legal status of this is clarified. I am absolutely convinced this is well within my legal authority, Department of Homeland Security's legal authority. If you look at the precedent, if you look at the traditional discretion that the executive branch possesses when it comes to applying immigration laws, I am convinced that what we're doing is lawful, and our lawyers are convinced that what we're doing is lawful.But the United States is a government of laws and separations of power, and when a—even if it's a individual district court judge who's making this determination, we've got to go through the process to challenge it. And until we get clarity there, I don't want to bring people in, have them apply and jump through a lot of hoops, only to have it deferred and delayed further.Of course, there's one really great way to solve this problem, and that would be Congress going ahead and acting, which would obviate the need for executive actions. The majority of the American people, I think, still want to see that happen. I suspect it will be a major topic of the next Presidential campaign.And so we will continue to push as hard as we can on all fronts to fix a broken immigration system. Administratively, we'll be prepared if and when we get the kind of ruling that I think we should have gotten in the first place about our authorities to go ahead and implement. But ultimately, this has never fully replaced the need for Congress to act. And my hope is, is that after a number of the other issues that we're working on currently get cleared, that there—some quiet conversations start up—back up again, particularly in the Republican Party, about the shortsighted approach that they're taking when it comes to immigration.Okay. Christi Parsons [Los Angeles Times].
Label: Ambivalent

Example 3:
Question: Reconciliation of commuting Manning's sentence with WikiLeaks' connection to Russia's hacking in the last year's election:
Answer: Well, first of all, let's be clear: Chelsea Manning has served a tough prison sentence. So the notion that the average person who was thinking about disclosing vital, classified information would think that it goes unpunished I don't think would get that impression from the sentence that Chelsea Manning has served.It has been my view that given she went to trial, that due process was carried out, that she took responsibility for her crime, that the sentence that she received was very disproportional—disproportionate relative to what other leakers had received, and that she had served a significant amount of time, that it made it sense to commute and not pardon her sentence.And I feel very comfortable that justice has been served and that a message has still been sent that when it comes to our national security, that wherever possible, we need folks who may have legitimate concerns about the actions of Government or their superiors or the agencies in which they work, that they try to work through the established channels and avail themselves of the whistleblower protections that had been put in place.I recognize that there's some folks who think they're not enough, and I think all of us, when we're working in big institutions, may find ourselves at times at odds with policies that are set. But when it comes to national security, we're often dealing with people in the field whose lives may be put at risk or the safety and security and the ability of our military or our intelligence teams or Embassies to function effectively. And that has to be kept in mind.So with respect to WikiLeaks, I don't see a contradiction. First of all, I haven't commented on WikiLeaks, generally. The conclusions of the intelligence community with respect to the Russian hacking were not conclusive as to whether WikiLeaks was witting or not in being the conduit through which we heard about the DNC e-mails that were leaked. I don't pay a lot of attention to Mr. Assange's tweets, so that wasn't a consideration in this instance. And I'd refer you to the Justice Department for any criminal investigations, indictments, extradition issues that may come up with him.What I can say broadly is that, in this new cyber age, we're going to have to make sure that we continually work to find the right balance of accountability and openness and transparency that is the hallmark of our democracy, but also recognize that there are adversaries and bad actors out there who want to use that same openness in ways that hurt us, whether that's in trying to commit financial crimes or trying to commit acts of terrorism or folks who want to interfere with our elections.And we're going to have to continually build the kind of architecture that makes sure our—the best of our democracy is preserved; that our national security and intelligence agencies have the ability to carry out policy without advertising to our adversaries what it is that we're doing, but do so in a way that still keeps citizens up to speed on what their Government is doing on their behalf.But with respect to Chelsea Manning, I looked at the particulars of this case the same way I have for the other commutations and pardons that I've done, and I felt that in light of all the circumstances that commuting her sentence was entirely appropriate.Margaret Brennan [CBS News].
Label: Clear Non-Reply

Instance to classify:
Question: Don't your officials vote by mail, sir?
Answer: They do, but that's different. That's called solicited. When you solicit, when you go out—it's called absentee or solicit. When you go out and you request a ballot—you want to say, I want to vote because I can't be in Florida or I can't be someplace. You request. So you're sending something in, it's handled professionally, they send it back—it's a whole thing. That's much different than unsolicited, when you get millions of ballots. I heard numbers like 80 million ballots.Now, just this week, they had another one—another one of the disasters that took place—an election. But look at what happened in New Jersey. And they had another one in New Jersey—very, very bad—different than Paterson. Look at what happened in New York with Carolyn—your Congressman—Murphy.

Decide the label from the answer's responsiveness to the question. Do not output explanations.

Return valid JSON only: {""label"": ""<Clear Reply | Ambivalent | Clear Non-Reply>""}","{""label"": ""Clear Reply""}",Clear Reply,True,json,,
2,"The statement does not include a payroll tax cut. So, is the relief package perfectly tailored?","Yes, I'd like to see a payroll tax cut. I think it's great for the workers. The Democrats would never have gone for it. They don't want it. They're not big into the workers, I guess. And based on that, I told them last night—I told the Republicans, who have been working very hard on this, I'll tell you—and they want what's right for the country—and hopefully, the Democrats ultimately will.But I said, I think a payroll tax will be good, but you're not going to get it from the Democrats. We need their votes, as you know. It's not like—you know, we have a majority, but it's not enough that we—that's why I guess we have an election coming up. So you still need Democrat votes, and we're not going to get the Democrat votes on that.So I'd like to see it. I think it would be very good for the workers. But if we're not going to get their votes, I guess we have to go on to the next thing. A payroll tax cut would have been very good. And maybe something happens.Yes, please.",Ambivalent,"Classify how clearly the interview answer responds to the question.

Use exactly one of these labels: Clear Reply, Ambivalent, Clear Non-Reply.

Label definitions:
- Clear Reply: The answer directly and substantially addresses the question.
- Ambivalent: The answer only partially addresses the question, is vague, qualified, mixed, or leaves the response unclear.
- Clear Non-Reply: The answer clearly avoids, redirects, refuses, or otherwise does not answer the question.

Examples:
Example 1:
Question: Is ASEAN ready for the more advanced role in world affairs the U.S. would like to see it play?
Answer: I have not--I've been out of town, so I'm just seeing the press reports. I have not had a full briefing on Israel's intentions and what they've communicated to our administration. But this kind of activity is never helpful when it comes to peace negotiations. And I'm concerned that we're not seeing each side make the extra effort involved to get a breakthrough that could finally create a framework for a secure Israel living side and side--side by side in peace with a sovereign Palestine.We're going to keep on working on it, though, because it is in the world's interest, it is in the interest of the people of Israel, and it is in the interest of the Palestinian people to achieve that settlement, to achieve that agreement. But each of these incremental steps can end up breaking down trust between the parties.Even though it wasn't directed to me, I do want to just chime in briefly on the issue of China. We want China to succeed and prosper. It's good for the United States if China continues on the path of development that it's on.That means that, first of all, just from a humanitarian point of view, lifting millions of people out of poverty is a good thing. It is also a huge expanding market where America then can sell goods and services, and so we think China being prosperous and secure is a positive. And we're not interested in containing that process. We want China to continue to achieve its development goals.We do want to make sure that everybody is operating within an international framework and sets of rules in which countries recognize their responsibilities to each other. That's true for the United States. That's true for China. That's true for Indonesia. It's true for all of us. And the more that we have international mechanisms in which people say we have rights, we also have responsibilities, we're going to abide by them, we're going to hold each other accountable, the better off we'll all be. Yes, the views that I have of the future of our region, the region of Asia, including East Asia and Southeast Asia, all wish to have a region that is experiencing development, including economic development. This region should continue to be a region that is stable, a region that is peaceful and a region that is safe.In this regard, the community that is built upon in Asia, in East Asia also, and also a framework now through the East Asia summit framework, we have the responsibility to--in one area, to ensure that the cooperation in the region, especially in the area of economic cooperation, can contribute significantly to the development of the global economy that will bring benefit for all humanity.On the other spot of the coin, we also have the responsibility to ensure stability and security in our region. I am not using any theory or the theory of one power to counterbalance the other powers. But I do have the view that there must be some form of dynamic equilibrium in Asia-Pacific, in East and Southeast Asia. And the formation of such regional cooperation such that is East Asia summit, where there are 10 countries from ASEAN and there is also China, Republic of Korea, Japan, India, Australia, New Zealand, and now Russia and the United States, therefore, I have faith that it will be more effective to ensure peace, stability, and order in this region.And in this regard, with such a condition, such cooperation in the area of economic will go effectively, and it is Indonesia's hope that China and the U.S. relations will continue to flow well because if something happens between those two states, it will have severe impacts to not only countries in the region, in Asia, but also to the world.For that reason, I hope that the economic relations between the U.S. and China will continue to proceed well, despite the geopolitical developments. We also hope to contribute to creating a region in East Asia, in Southeast Asia, and especially in Asia-Pacific, to become a region that is stable and productive.That is my views in general on the regional architecture issues and the future cooperation in our region.Thank you very much.
Label: Clear Reply

Example 2:
Question: Possibility of court battle over actions on immigration extending late into the term, what can be done for the people affected by the program and now in limbo, and the view on the possibility of ending the term without accomplishing goals on immigration.
Answer: On Ukraine and Russia and Minsk, there is strong consensus that we need to keep pushing Russia to abide by the terms of the Minsk agreement; we need to continue to support and encourage Ukraine to meet its obligations under Minsk; that until that's completed, sanctions remain in place.There was discussion about additional steps that we might need to take if Russia, working through separatists, doubled down on aggression inside of Ukraine. We—those discussions are taking place at a technical level, not yet at a political level, because I think the first goal here going into a European Council meeting that's coming up is just rolling over the existing sanctions. But I think at a technical level, we want to be prepared.Our hope is, is that we don't have to take additional steps because the Minsk agreement is met. And I want to give enormous credit to Chancellor Merkel, along with President Hollande, who have shown extraordinary stick-to-itiveness and patience in trying to get that done.Ultimately, this is going to be an issue for Mr. Putin. He's got to make a decision: Does he continue to wreck his country's economy and continue Russia's isolation in pursuit of a wrongheaded desire to recreate the glories of the Soviet empire, or does he recognize that Russia's greatness does not depend on violating the territorial integrity and sovereignty of other countries?And as I mentioned earlier, the costs that the Russian people are bearing are severe. That's being felt. It may not always be understood why they're suffering, because of state media inside of Russia and propaganda coming out of state media in Russia and to Russian speakers. But the truth of the matter is, is that the Russian people would greatly benefit. And ironically, one of the rationales that Mr. Putin provided for his incursions into Ukraine was to protect Russian speakers there. Well, Russian speakers inside of Ukraine are precisely the ones who are bearing the brunt of the fighting. Their economy has collapsed. Their lives are disordered. Many of them are displaced. Their homes may have been destroyed. They're suffering. And the best way for them to stop suffering is if the Minsk agreement is fully implemented.Christi—oh, immigration. With respect to immigration, obviously, I'm frustrated by a district court ruling that now is wending its way through the appeals process. We are being as aggressive as we can legally to, first and foremost, appeal that ruling, and then to implement those elements of immigration executive actions that were not challenged in court.But obviously, the centerpiece, one of the key provisions for me was being able to get folks who are undocumented to go through a background check—criminal background check—pay back taxes, and then have a legal status. And that requires an entire administrative apparatus and us getting them to apply and come clean.I made a decision, which I think is the right one, that we should not accept applications until the legal status of this is clarified. I am absolutely convinced this is well within my legal authority, Department of Homeland Security's legal authority. If you look at the precedent, if you look at the traditional discretion that the executive branch possesses when it comes to applying immigration laws, I am convinced that what we're doing is lawful, and our lawyers are convinced that what we're doing is lawful.But the United States is a government of laws and separations of power, and when a—even if it's a individual district court judge who's making this determination, we've got to go through the process to challenge it. And until we get clarity there, I don't want to bring people in, have them apply and jump through a lot of hoops, only to have it deferred and delayed further.Of course, there's one really great way to solve this problem, and that would be Congress going ahead and acting, which would obviate the need for executive actions. The majority of the American people, I think, still want to see that happen. I suspect it will be a major topic of the next Presidential campaign.And so we will continue to push as hard as we can on all fronts to fix a broken immigration system. Administratively, we'll be prepared if and when we get the kind of ruling that I think we should have gotten in the first place about our authorities to go ahead and implement. But ultimately, this has never fully replaced the need for Congress to act. And my hope is, is that after a number of the other issues that we're working on currently get cleared, that there—some quiet conversations start up—back up again, particularly in the Republican Party, about the shortsighted approach that they're taking when it comes to immigration.Okay. Christi Parsons [Los Angeles Times].
Label: Ambivalent

Example 3:
Question: Reconciliation of commuting Manning's sentence with WikiLeaks' connection to Russia's hacking in the last year's election:
Answer: Well, first of all, let's be clear: Chelsea Manning has served a tough prison sentence. So the notion that the average person who was thinking about disclosing vital, classified information would think that it goes unpunished I don't think would get that impression from the sentence that Chelsea Manning has served.It has been my view that given she went to trial, that due process was carried out, that she took responsibility for her crime, that the sentence that she received was very disproportional—disproportionate relative to what other leakers had received, and that she had served a significant amount of time, that it made it sense to commute and not pardon her sentence.And I feel very comfortable that justice has been served and that a message has still been sent that when it comes to our national security, that wherever possible, we need folks who may have legitimate concerns about the actions of Government or their superiors or the agencies in which they work, that they try to work through the established channels and avail themselves of the whistleblower protections that had been put in place.I recognize that there's some folks who think they're not enough, and I think all of us, when we're working in big institutions, may find ourselves at times at odds with policies that are set. But when it comes to national security, we're often dealing with people in the field whose lives may be put at risk or the safety and security and the ability of our military or our intelligence teams or Embassies to function effectively. And that has to be kept in mind.So with respect to WikiLeaks, I don't see a contradiction. First of all, I haven't commented on WikiLeaks, generally. The conclusions of the intelligence community with respect to the Russian hacking were not conclusive as to whether WikiLeaks was witting or not in being the conduit through which we heard about the DNC e-mails that were leaked. I don't pay a lot of attention to Mr. Assange's tweets, so that wasn't a consideration in this instance. And I'd refer you to the Justice Department for any criminal investigations, indictments, extradition issues that may come up with him.What I can say broadly is that, in this new cyber age, we're going to have to make sure that we continually work to find the right balance of accountability and openness and transparency that is the hallmark of our democracy, but also recognize that there are adversaries and bad actors out there who want to use that same openness in ways that hurt us, whether that's in trying to commit financial crimes or trying to commit acts of terrorism or folks who want to interfere with our elections.And we're going to have to continually build the kind of architecture that makes sure our—the best of our democracy is preserved; that our national security and intelligence agencies have the ability to carry out policy without advertising to our adversaries what it is that we're doing, but do so in a way that still keeps citizens up to speed on what their Government is doing on their behalf.But with respect to Chelsea Manning, I looked at the particulars of this case the same way I have for the other commutations and pardons that I've done, and I felt that in light of all the circumstances that commuting her sentence was entirely appropriate.Margaret Brennan [CBS News].
Label: Clear Non-Reply

Instance to classify:
Question: The statement does not include a payroll tax cut. So, is the relief package perfectly tailored?
Answer: Yes, I'd like to see a payroll tax cut. I think it's great for the workers. The Democrats would never have gone for it. They don't want it. They're not big into the workers, I guess. And based on that, I told them last night—I told the Republicans, who have been working very hard on this, I'll tell you—and they want what's right for the country—and hopefully, the Democrats ultimately will.But I said, I think a payroll tax will be good, but you're not going to get it from the Democrats. We need their votes, as you know. It's not like—you know, we have a majority, but it's not enough that we—that's why I guess we have an election coming up. So you still need Democrat votes, and we're not going to get the Democrat votes on that.So I'd like to see it. I think it would be very good for the workers. But if we're not going to get their votes, I guess we have to go on to the next thing. A payroll tax cut would have been very good. And maybe something happens.Yes, please.

Decide the label from the answer's responsiveness to the question. Do not output explanations.

Return valid JSON only: {""label"": ""<Clear Reply | Ambivalent | Clear Non-Reply>""}","{""label"": ""Clear Reply""}",Clear Reply,True,json,,
3,Would the invitation be at the White House or at Mar-a-Lago if he were invited?,Maybe we'll start with the White House. What do you think? [],Clear Reply,"Classify how clearly the interview answer responds to the question.

Use exactly one of these labels: Clear Reply, Ambivalent, Clear Non-Reply.

Label definitions:
- Clear Reply: The answer directly and substantially addresses the question.
- Ambivalent: The answer only partially addresses the question, is vague, qualified, mixed, or leaves the response unclear.
- Clear Non-Reply: The answer clearly avoids, redirects, refuses, or otherwise does not answer the question.

Examples:
Example 1:
Question: Is ASEAN ready for the more advanced role in world affairs the U.S. would like to see it play?
Answer: I have not--I've been out of town, so I'm just seeing the press reports. I have not had a full briefing on Israel's intentions and what they've communicated to our administration. But this kind of activity is never helpful when it comes to peace negotiations. And I'm concerned that we're not seeing each side make the extra effort involved to get a breakthrough that could finally create a framework for a secure Israel living side and side--side by side in peace with a sovereign Palestine.We're going to keep on working on it, though, because it is in the world's interest, it is in the interest of the people of Israel, and it is in the interest of the Palestinian people to achieve that settlement, to achieve that agreement. But each of these incremental steps can end up breaking down trust between the parties.Even though it wasn't directed to me, I do want to just chime in briefly on the issue of China. We want China to succeed and prosper. It's good for the United States if China continues on the path of development that it's on.That means that, first of all, just from a humanitarian point of view, lifting millions of people out of poverty is a good thing. It is also a huge expanding market where America then can sell goods and services, and so we think China being prosperous and secure is a positive. And we're not interested in containing that process. We want China to continue to achieve its development goals.We do want to make sure that everybody is operating within an international framework and sets of rules in which countries recognize their responsibilities to each other. That's true for the United States. That's true for China. That's true for Indonesia. It's true for all of us. And the more that we have international mechanisms in which people say we have rights, we also have responsibilities, we're going to abide by them, we're going to hold each other accountable, the better off we'll all be. Yes, the views that I have of the future of our region, the region of Asia, including East Asia and Southeast Asia, all wish to have a region that is experiencing development, including economic development. This region should continue to be a region that is stable, a region that is peaceful and a region that is safe.In this regard, the community that is built upon in Asia, in East Asia also, and also a framework now through the East Asia summit framework, we have the responsibility to--in one area, to ensure that the cooperation in the region, especially in the area of economic cooperation, can contribute significantly to the development of the global economy that will bring benefit for all humanity.On the other spot of the coin, we also have the responsibility to ensure stability and security in our region. I am not using any theory or the theory of one power to counterbalance the other powers. But I do have the view that there must be some form of dynamic equilibrium in Asia-Pacific, in East and Southeast Asia. And the formation of such regional cooperation such that is East Asia summit, where there are 10 countries from ASEAN and there is also China, Republic of Korea, Japan, India, Australia, New Zealand, and now Russia and the United States, therefore, I have faith that it will be more effective to ensure peace, stability, and order in this region.And in this regard, with such a condition, such cooperation in the area of economic will go effectively, and it is Indonesia's hope that China and the U.S. relations will continue to flow well because if something happens between those two states, it will have severe impacts to not only countries in the region, in Asia, but also to the world.For that reason, I hope that the economic relations between the U.S. and China will continue to proceed well, despite the geopolitical developments. We also hope to contribute to creating a region in East Asia, in Southeast Asia, and especially in Asia-Pacific, to become a region that is stable and productive.That is my views in general on the regional architecture issues and the future cooperation in our region.Thank you very much.
Label: Clear Reply

Example 2:
Question: Possibility of court battle over actions on immigration extending late into the term, what can be done for the people affected by the program and now in limbo, and the view on the possibility of ending the term without accomplishing goals on immigration.
Answer: On Ukraine and Russia and Minsk, there is strong consensus that we need to keep pushing Russia to abide by the terms of the Minsk agreement; we need to continue to support and encourage Ukraine to meet its obligations under Minsk; that until that's completed, sanctions remain in place.There was discussion about additional steps that we might need to take if Russia, working through separatists, doubled down on aggression inside of Ukraine. We—those discussions are taking place at a technical level, not yet at a political level, because I think the first goal here going into a European Council meeting that's coming up is just rolling over the existing sanctions. But I think at a technical level, we want to be prepared.Our hope is, is that we don't have to take additional steps because the Minsk agreement is met. And I want to give enormous credit to Chancellor Merkel, along with President Hollande, who have shown extraordinary stick-to-itiveness and patience in trying to get that done.Ultimately, this is going to be an issue for Mr. Putin. He's got to make a decision: Does he continue to wreck his country's economy and continue Russia's isolation in pursuit of a wrongheaded desire to recreate the glories of the Soviet empire, or does he recognize that Russia's greatness does not depend on violating the territorial integrity and sovereignty of other countries?And as I mentioned earlier, the costs that the Russian people are bearing are severe. That's being felt. It may not always be understood why they're suffering, because of state media inside of Russia and propaganda coming out of state media in Russia and to Russian speakers. But the truth of the matter is, is that the Russian people would greatly benefit. And ironically, one of the rationales that Mr. Putin provided for his incursions into Ukraine was to protect Russian speakers there. Well, Russian speakers inside of Ukraine are precisely the ones who are bearing the brunt of the fighting. Their economy has collapsed. Their lives are disordered. Many of them are displaced. Their homes may have been destroyed. They're suffering. And the best way for them to stop suffering is if the Minsk agreement is fully implemented.Christi—oh, immigration. With respect to immigration, obviously, I'm frustrated by a district court ruling that now is wending its way through the appeals process. We are being as aggressive as we can legally to, first and foremost, appeal that ruling, and then to implement those elements of immigration executive actions that were not challenged in court.But obviously, the centerpiece, one of the key provisions for me was being able to get folks who are undocumented to go through a background check—criminal background check—pay back taxes, and then have a legal status. And that requires an entire administrative apparatus and us getting them to apply and come clean.I made a decision, which I think is the right one, that we should not accept applications until the legal status of this is clarified. I am absolutely convinced this is well within my legal authority, Department of Homeland Security's legal authority. If you look at the precedent, if you look at the traditional discretion that the executive branch possesses when it comes to applying immigration laws, I am convinced that what we're doing is lawful, and our lawyers are convinced that what we're doing is lawful.But the United States is a government of laws and separations of power, and when a—even if it's a individual district court judge who's making this determination, we've got to go through the process to challenge it. And until we get clarity there, I don't want to bring people in, have them apply and jump through a lot of hoops, only to have it deferred and delayed further.Of course, there's one really great way to solve this problem, and that would be Congress going ahead and acting, which would obviate the need for executive actions. The majority of the American people, I think, still want to see that happen. I suspect it will be a major topic of the next Presidential campaign.And so we will continue to push as hard as we can on all fronts to fix a broken immigration system. Administratively, we'll be prepared if and when we get the kind of ruling that I think we should have gotten in the first place about our authorities to go ahead and implement. But ultimately, this has never fully replaced the need for Congress to act. And my hope is, is that after a number of the other issues that we're working on currently get cleared, that there—some quiet conversations start up—back up again, particularly in the Republican Party, about the shortsighted approach that they're taking when it comes to immigration.Okay. Christi Parsons [Los Angeles Times].
Label: Ambivalent

Example 3:
Question: Reconciliation of commuting Manning's sentence with WikiLeaks' connection to Russia's hacking in the last year's election:
Answer: Well, first of all, let's be clear: Chelsea Manning has served a tough prison sentence. So the notion that the average person who was thinking about disclosing vital, classified information would think that it goes unpunished I don't think would get that impression from the sentence that Chelsea Manning has served.It has been my view that given she went to trial, that due process was carried out, that she took responsibility for her crime, that the sentence that she received was very disproportional—disproportionate relative to what other leakers had received, and that she had served a significant amount of time, that it made it sense to commute and not pardon her sentence.And I feel very comfortable that justice has been served and that a message has still been sent that when it comes to our national security, that wherever possible, we need folks who may have legitimate concerns about the actions of Government or their superiors or the agencies in which they work, that they try to work through the established channels and avail themselves of the whistleblower protections that had been put in place.I recognize that there's some folks who think they're not enough, and I think all of us, when we're working in big institutions, may find ourselves at times at odds with policies that are set. But when it comes to national security, we're often dealing with people in the field whose lives may be put at risk or the safety and security and the ability of our military or our intelligence teams or Embassies to function effectively. And that has to be kept in mind.So with respect to WikiLeaks, I don't see a contradiction. First of all, I haven't commented on WikiLeaks, generally. The conclusions of the intelligence community with respect to the Russian hacking were not conclusive as to whether WikiLeaks was witting or not in being the conduit through which we heard about the DNC e-mails that were leaked. I don't pay a lot of attention to Mr. Assange's tweets, so that wasn't a consideration in this instance. And I'd refer you to the Justice Department for any criminal investigations, indictments, extradition issues that may come up with him.What I can say broadly is that, in this new cyber age, we're going to have to make sure that we continually work to find the right balance of accountability and openness and transparency that is the hallmark of our democracy, but also recognize that there are adversaries and bad actors out there who want to use that same openness in ways that hurt us, whether that's in trying to commit financial crimes or trying to commit acts of terrorism or folks who want to interfere with our elections.And we're going to have to continually build the kind of architecture that makes sure our—the best of our democracy is preserved; that our national security and intelligence agencies have the ability to carry out policy without advertising to our adversaries what it is that we're doing, but do so in a way that still keeps citizens up to speed on what their Government is doing on their behalf.But with respect to Chelsea Manning, I looked at the particulars of this case the same way I have for the other commutations and pardons that I've done, and I felt that in light of all the circumstances that commuting her sentence was entirely appropriate.Margaret Brennan [CBS News].
Label: Clear Non-Reply

Instance to classify:
Question: Would the invitation be at the White House or at Mar-a-Lago if he were invited?
Answer: Maybe we'll start with the White House. What do you think? []

Decide the label from the answer's responsiveness to the question. Do not output explanations.

Return valid JSON only: {""label"": ""<Clear Reply | Ambivalent | Clear Non-Reply>""}","{""label"": ""Clear Reply""}",Clear Reply,True,json,,
4,"If it spreads, what measures are you willing or not willing to take?","First of all, have you ever known Wall Street not in consternation? Number one.Look, I think we've done a pretty damn good job. People's savings are secure, and even those beyond the $250,000 the FDIC is guaranteeing them. And the American taxpayer is not going to have to pay a penny. The banks are in pretty good shape. What's going on in Europe isn't a direct consequence of what's happening in the United States.And I—what we would do is, if we find that there's more instability than appears, we'd be in a position to have the FDIC use the power it has to guarantee those loans above 250, like they did already.And so I think it's going to take a little while for things to just calm down. But I don't see anything that's on the horizon that's about to explode. But I do understand there's an unease about this. And these mid-sized banks have to be able to survive, and I think they'll be able to do that.",Clear Reply,"Classify how clearly the interview answer responds to the question.

Use exactly one of these labels: Clear Reply, Ambivalent, Clear Non-Reply.

Label definitions:
- Clear Reply: The answer directly and substantially addresses the question.
- Ambivalent: The answer only partially addresses the question, is vague, qualified, mixed, or leaves the response unclear.
- Clear Non-Reply: The answer clearly avoids, redirects, refuses, or otherwise does not answer the question.

Examples:
Example 1:
Question: Is ASEAN ready for the more advanced role in world affairs the U.S. would like to see it play?
Answer: I have not--I've been out of town, so I'm just seeing the press reports. I have not had a full briefing on Israel's intentions and what they've communicated to our administration. But this kind of activity is never helpful when it comes to peace negotiations. And I'm concerned that we're not seeing each side make the extra effort involved to get a breakthrough that could finally create a framework for a secure Israel living side and side--side by side in peace with a sovereign Palestine.We're going to keep on working on it, though, because it is in the world's interest, it is in the interest of the people of Israel, and it is in the interest of the Palestinian people to achieve that settlement, to achieve that agreement. But each of these incremental steps can end up breaking down trust between the parties.Even though it wasn't directed to me, I do want to just chime in briefly on the issue of China. We want China to succeed and prosper. It's good for the United States if China continues on the path of development that it's on.That means that, first of all, just from a humanitarian point of view, lifting millions of people out of poverty is a good thing. It is also a huge expanding market where America then can sell goods and services, and so we think China being prosperous and secure is a positive. And we're not interested in containing that process. We want China to continue to achieve its development goals.We do want to make sure that everybody is operating within an international framework and sets of rules in which countries recognize their responsibilities to each other. That's true for the United States. That's true for China. That's true for Indonesia. It's true for all of us. And the more that we have international mechanisms in which people say we have rights, we also have responsibilities, we're going to abide by them, we're going to hold each other accountable, the better off we'll all be. Yes, the views that I have of the future of our region, the region of Asia, including East Asia and Southeast Asia, all wish to have a region that is experiencing development, including economic development. This region should continue to be a region that is stable, a region that is peaceful and a region that is safe.In this regard, the community that is built upon in Asia, in East Asia also, and also a framework now through the East Asia summit framework, we have the responsibility to--in one area, to ensure that the cooperation in the region, especially in the area of economic cooperation, can contribute significantly to the development of the global economy that will bring benefit for all humanity.On the other spot of the coin, we also have the responsibility to ensure stability and security in our region. I am not using any theory or the theory of one power to counterbalance the other powers. But I do have the view that there must be some form of dynamic equilibrium in Asia-Pacific, in East and Southeast Asia. And the formation of such regional cooperation such that is East Asia summit, where there are 10 countries from ASEAN and there is also China, Republic of Korea, Japan, India, Australia, New Zealand, and now Russia and the United States, therefore, I have faith that it will be more effective to ensure peace, stability, and order in this region.And in this regard, with such a condition, such cooperation in the area of economic will go effectively, and it is Indonesia's hope that China and the U.S. relations will continue to flow well because if something happens between those two states, it will have severe impacts to not only countries in the region, in Asia, but also to the world.For that reason, I hope that the economic relations between the U.S. and China will continue to proceed well, despite the geopolitical developments. We also hope to contribute to creating a region in East Asia, in Southeast Asia, and especially in Asia-Pacific, to become a region that is stable and productive.That is my views in general on the regional architecture issues and the future cooperation in our region.Thank you very much.
Label: Clear Reply

Example 2:
Question: Possibility of court battle over actions on immigration extending late into the term, what can be done for the people affected by the program and now in limbo, and the view on the possibility of ending the term without accomplishing goals on immigration.
Answer: On Ukraine and Russia and Minsk, there is strong consensus that we need to keep pushing Russia to abide by the terms of the Minsk agreement; we need to continue to support and encourage Ukraine to meet its obligations under Minsk; that until that's completed, sanctions remain in place.There was discussion about additional steps that we might need to take if Russia, working through separatists, doubled down on aggression inside of Ukraine. We—those discussions are taking place at a technical level, not yet at a political level, because I think the first goal here going into a European Council meeting that's coming up is just rolling over the existing sanctions. But I think at a technical level, we want to be prepared.Our hope is, is that we don't have to take additional steps because the Minsk agreement is met. And I want to give enormous credit to Chancellor Merkel, along with President Hollande, who have shown extraordinary stick-to-itiveness and patience in trying to get that done.Ultimately, this is going to be an issue for Mr. Putin. He's got to make a decision: Does he continue to wreck his country's economy and continue Russia's isolation in pursuit of a wrongheaded desire to recreate the glories of the Soviet empire, or does he recognize that Russia's greatness does not depend on violating the territorial integrity and sovereignty of other countries?And as I mentioned earlier, the costs that the Russian people are bearing are severe. That's being felt. It may not always be understood why they're suffering, because of state media inside of Russia and propaganda coming out of state media in Russia and to Russian speakers. But the truth of the matter is, is that the Russian people would greatly benefit. And ironically, one of the rationales that Mr. Putin provided for his incursions into Ukraine was to protect Russian speakers there. Well, Russian speakers inside of Ukraine are precisely the ones who are bearing the brunt of the fighting. Their economy has collapsed. Their lives are disordered. Many of them are displaced. Their homes may have been destroyed. They're suffering. And the best way for them to stop suffering is if the Minsk agreement is fully implemented.Christi—oh, immigration. With respect to immigration, obviously, I'm frustrated by a district court ruling that now is wending its way through the appeals process. We are being as aggressive as we can legally to, first and foremost, appeal that ruling, and then to implement those elements of immigration executive actions that were not challenged in court.But obviously, the centerpiece, one of the key provisions for me was being able to get folks who are undocumented to go through a background check—criminal background check—pay back taxes, and then have a legal status. And that requires an entire administrative apparatus and us getting them to apply and come clean.I made a decision, which I think is the right one, that we should not accept applications until the legal status of this is clarified. I am absolutely convinced this is well within my legal authority, Department of Homeland Security's legal authority. If you look at the precedent, if you look at the traditional discretion that the executive branch possesses when it comes to applying immigration laws, I am convinced that what we're doing is lawful, and our lawyers are convinced that what we're doing is lawful.But the United States is a government of laws and separations of power, and when a—even if it's a individual district court judge who's making this determination, we've got to go through the process to challenge it. And until we get clarity there, I don't want to bring people in, have them apply and jump through a lot of hoops, only to have it deferred and delayed further.Of course, there's one really great way to solve this problem, and that would be Congress going ahead and acting, which would obviate the need for executive actions. The majority of the American people, I think, still want to see that happen. I suspect it will be a major topic of the next Presidential campaign.And so we will continue to push as hard as we can on all fronts to fix a broken immigration system. Administratively, we'll be prepared if and when we get the kind of ruling that I think we should have gotten in the first place about our authorities to go ahead and implement. But ultimately, this has never fully replaced the need for Congress to act. And my hope is, is that after a number of the other issues that we're working on currently get cleared, that there—some quiet conversations start up—back up again, particularly in the Republican Party, about the shortsighted approach that they're taking when it comes to immigration.Okay. Christi Parsons [Los Angeles Times].
Label: Ambivalent

Example 3:
Question: Reconciliation of commuting Manning's sentence with WikiLeaks' connection to Russia's hacking in the last year's election:
Answer: Well, first of all, let's be clear: Chelsea Manning has served a tough prison sentence. So the notion that the average person who was thinking about disclosing vital, classified information would think that it goes unpunished I don't think would get that impression from the sentence that Chelsea Manning has served.It has been my view that given she went to trial, that due process was carried out, that she took responsibility for her crime, that the sentence that she received was very disproportional—disproportionate relative to what other leakers had received, and that she had served a significant amount of time, that it made it sense to commute and not pardon her sentence.And I feel very comfortable that justice has been served and that a message has still been sent that when it comes to our national security, that wherever possible, we need folks who may have legitimate concerns about the actions of Government or their superiors or the agencies in which they work, that they try to work through the established channels and avail themselves of the whistleblower protections that had been put in place.I recognize that there's some folks who think they're not enough, and I think all of us, when we're working in big institutions, may find ourselves at times at odds with policies that are set. But when it comes to national security, we're often dealing with people in the field whose lives may be put at risk or the safety and security and the ability of our military or our intelligence teams or Embassies to function effectively. And that has to be kept in mind.So with respect to WikiLeaks, I don't see a contradiction. First of all, I haven't commented on WikiLeaks, generally. The conclusions of the intelligence community with respect to the Russian hacking were not conclusive as to whether WikiLeaks was witting or not in being the conduit through which we heard about the DNC e-mails that were leaked. I don't pay a lot of attention to Mr. Assange's tweets, so that wasn't a consideration in this instance. And I'd refer you to the Justice Department for any criminal investigations, indictments, extradition issues that may come up with him.What I can say broadly is that, in this new cyber age, we're going to have to make sure that we continually work to find the right balance of accountability and openness and transparency that is the hallmark of our democracy, but also recognize that there are adversaries and bad actors out there who want to use that same openness in ways that hurt us, whether that's in trying to commit financial crimes or trying to commit acts of terrorism or folks who want to interfere with our elections.And we're going to have to continually build the kind of architecture that makes sure our—the best of our democracy is preserved; that our national security and intelligence agencies have the ability to carry out policy without advertising to our adversaries what it is that we're doing, but do so in a way that still keeps citizens up to speed on what their Government is doing on their behalf.But with respect to Chelsea Manning, I looked at the particulars of this case the same way I have for the other commutations and pardons that I've done, and I felt that in light of all the circumstances that commuting her sentence was entirely appropriate.Margaret Brennan [CBS News].
Label: Clear Non-Reply

Instance to classify:
Question: If it spreads, what measures are you willing or not willing to take?
Answer: First of all, have you ever known Wall Street not in consternation? Number one.Look, I think we've done a pretty damn good job. People's savings are secure, and even those beyond the $250,000 the FDIC is guaranteeing them. And the American taxpayer is not going to have to pay a penny. The banks are in pretty good shape. What's going on in Europe isn't a direct consequence of what's happening in the United States.And I—what we would do is, if we find that there's more instability than appears, we'd be in a position to have the FDIC use the power it has to guarantee those loans above 250, like they did already.And so I think it's going to take a little while for things to just calm down. But I don't see anything that's on the horizon that's about to explode. But I do understand there's an unease about this. And these mid-sized banks have to be able to survive, and I think they'll be able to do that.

Decide the label from the answer's responsiveness to the question. Do not output explanations.

Return valid JSON only: {""label"": ""<Clear Reply | Ambivalent | Clear Non-Reply>""}","{""label"": ""Clear Reply""}",Clear Reply,True,json,,
5," On Iran, I would like to ask you, Mr. President, there is—seems to be an emerging debate in Israel about a military option against the nuclear installations in Iran. How do you see that debate?","First of all, if you were living in Israel, you'd be a little nervous too if a leader in your neighborhood announced that they—he'd like to destroy you. And one sure way of achieving that means is through the development of a nuclear weapon. Therefore, now is the time for all of us to work together to stop them. There's a lot of urgencies when it comes to dealing with , and the Israeli political folks—and if you go to Israel and listen carefully, you'll hear that urgency in their voice—one of many urgencies. And I'm hopeful we can get it done.And by the way—I don't want to preclude the Prime Minister's answer—I think we can actually get an agreement on global climate change during my Presidency, just so you know. I believe in a global agreement for a joint fight against climate change. This is, as a matter of fact, the only solution. An agreement or a self-commitment of the most developed or industrial countries to reduce greenhouse gas emissions is not enough, especially because some developing countries are developing really fast. China will, in a few years, become the first in terms of the greenhouse gas emissions. And a global agreement without the developing countries would be a short-term solution.So, as a matter of fact, we really need that everybody who is a key stakeholder sits at the table. And I have mentioned already in my introduction, those who are most developed should take the leading role. And therefore, this alliance, these agreements, these discussions on bringing closer the standpoints is of such significance.As President Bush has mentioned, the commitment of the most developed economies—which is mandatory to reduce emissions by a certain deadline—this is a key commitment: how individual economies this reach is less important. However, the goals must be set, and we must have mandatory goals, and this is of key importance. And in this way, we will reduce the threat of climate change.And of course, we should also attract to this task the other countries. Without the leading role of the European Union and the United States of America and without close cooperation, it is not possible to reach a global agreement in short term. Therefore, this discussion is of extreme importance. And the G-8 summit in Japan in next month should represent an important step forward if we wish, in time, before the U.N. conference in Copenhagen, reach this agreement. There is not much time left. The time is running out. All right, we'll take the last one from John McKinnon of the Wall Street Journal. It's called technology. []",Ambivalent,"Classify how clearly the interview answer responds to the question.

Use exactly one of these labels: Clear Reply, Ambivalent, Clear Non-Reply.

Label definitions:
- Clear Reply: The answer directly and substantially addresses the question.
- Ambivalent: The answer only partially addresses the question, is vague, qualified, mixed, or leaves the response unclear.
- Clear Non-Reply: The answer clearly avoids, redirects, refuses, or otherwise does not answer the question.

Examples:
Example 1:
Question: Is ASEAN ready for the more advanced role in world affairs the U.S. would like to see it play?
Answer: I have not--I've been out of town, so I'm just seeing the press reports. I have not had a full briefing on Israel's intentions and what they've communicated to our administration. But this kind of activity is never helpful when it comes to peace negotiations. And I'm concerned that we're not seeing each side make the extra effort involved to get a breakthrough that could finally create a framework for a secure Israel living side and side--side by side in peace with a sovereign Palestine.We're going to keep on working on it, though, because it is in the world's interest, it is in the interest of the people of Israel, and it is in the interest of the Palestinian people to achieve that settlement, to achieve that agreement. But each of these incremental steps can end up breaking down trust between the parties.Even though it wasn't directed to me, I do want to just chime in briefly on the issue of China. We want China to succeed and prosper. It's good for the United States if China continues on the path of development that it's on.That means that, first of all, just from a humanitarian point of view, lifting millions of people out of poverty is a good thing. It is also a huge expanding market where America then can sell goods and services, and so we think China being prosperous and secure is a positive. And we're not interested in containing that process. We want China to continue to achieve its development goals.We do want to make sure that everybody is operating within an international framework and sets of rules in which countries recognize their responsibilities to each other. That's true for the United States. That's true for China. That's true for Indonesia. It's true for all of us. And the more that we have international mechanisms in which people say we have rights, we also have responsibilities, we're going to abide by them, we're going to hold each other accountable, the better off we'll all be. Yes, the views that I have of the future of our region, the region of Asia, including East Asia and Southeast Asia, all wish to have a region that is experiencing development, including economic development. This region should continue to be a region that is stable, a region that is peaceful and a region that is safe.In this regard, the community that is built upon in Asia, in East Asia also, and also a framework now through the East Asia summit framework, we have the responsibility to--in one area, to ensure that the cooperation in the region, especially in the area of economic cooperation, can contribute significantly to the development of the global economy that will bring benefit for all humanity.On the other spot of the coin, we also have the responsibility to ensure stability and security in our region. I am not using any theory or the theory of one power to counterbalance the other powers. But I do have the view that there must be some form of dynamic equilibrium in Asia-Pacific, in East and Southeast Asia. And the formation of such regional cooperation such that is East Asia summit, where there are 10 countries from ASEAN and there is also China, Republic of Korea, Japan, India, Australia, New Zealand, and now Russia and the United States, therefore, I have faith that it will be more effective to ensure peace, stability, and order in this region.And in this regard, with such a condition, such cooperation in the area of economic will go effectively, and it is Indonesia's hope that China and the U.S. relations will continue to flow well because if something happens between those two states, it will have severe impacts to not only countries in the region, in Asia, but also to the world.For that reason, I hope that the economic relations between the U.S. and China will continue to proceed well, despite the geopolitical developments. We also hope to contribute to creating a region in East Asia, in Southeast Asia, and especially in Asia-Pacific, to become a region that is stable and productive.That is my views in general on the regional architecture issues and the future cooperation in our region.Thank you very much.
Label: Clear Reply

Example 2:
Question: Possibility of court battle over actions on immigration extending late into the term, what can be done for the people affected by the program and now in limbo, and the view on the possibility of ending the term without accomplishing goals on immigration.
Answer: On Ukraine and Russia and Minsk, there is strong consensus that we need to keep pushing Russia to abide by the terms of the Minsk agreement; we need to continue to support and encourage Ukraine to meet its obligations under Minsk; that until that's completed, sanctions remain in place.There was discussion about additional steps that we might need to take if Russia, working through separatists, doubled down on aggression inside of Ukraine. We—those discussions are taking place at a technical level, not yet at a political level, because I think the first goal here going into a European Council meeting that's coming up is just rolling over the existing sanctions. But I think at a technical level, we want to be prepared.Our hope is, is that we don't have to take additional steps because the Minsk agreement is met. And I want to give enormous credit to Chancellor Merkel, along with President Hollande, who have shown extraordinary stick-to-itiveness and patience in trying to get that done.Ultimately, this is going to be an issue for Mr. Putin. He's got to make a decision: Does he continue to wreck his country's economy and continue Russia's isolation in pursuit of a wrongheaded desire to recreate the glories of the Soviet empire, or does he recognize that Russia's greatness does not depend on violating the territorial integrity and sovereignty of other countries?And as I mentioned earlier, the costs that the Russian people are bearing are severe. That's being felt. It may not always be understood why they're suffering, because of state media inside of Russia and propaganda coming out of state media in Russia and to Russian speakers. But the truth of the matter is, is that the Russian people would greatly benefit. And ironically, one of the rationales that Mr. Putin provided for his incursions into Ukraine was to protect Russian speakers there. Well, Russian speakers inside of Ukraine are precisely the ones who are bearing the brunt of the fighting. Their economy has collapsed. Their lives are disordered. Many of them are displaced. Their homes may have been destroyed. They're suffering. And the best way for them to stop suffering is if the Minsk agreement is fully implemented.Christi—oh, immigration. With respect to immigration, obviously, I'm frustrated by a district court ruling that now is wending its way through the appeals process. We are being as aggressive as we can legally to, first and foremost, appeal that ruling, and then to implement those elements of immigration executive actions that were not challenged in court.But obviously, the centerpiece, one of the key provisions for me was being able to get folks who are undocumented to go through a background check—criminal background check—pay back taxes, and then have a legal status. And that requires an entire administrative apparatus and us getting them to apply and come clean.I made a decision, which I think is the right one, that we should not accept applications until the legal status of this is clarified. I am absolutely convinced this is well within my legal authority, Department of Homeland Security's legal authority. If you look at the precedent, if you look at the traditional discretion that the executive branch possesses when it comes to applying immigration laws, I am convinced that what we're doing is lawful, and our lawyers are convinced that what we're doing is lawful.But the United States is a government of laws and separations of power, and when a—even if it's a individual district court judge who's making this determination, we've got to go through the process to challenge it. And until we get clarity there, I don't want to bring people in, have them apply and jump through a lot of hoops, only to have it deferred and delayed further.Of course, there's one really great way to solve this problem, and that would be Congress going ahead and acting, which would obviate the need for executive actions. The majority of the American people, I think, still want to see that happen. I suspect it will be a major topic of the next Presidential campaign.And so we will continue to push as hard as we can on all fronts to fix a broken immigration system. Administratively, we'll be prepared if and when we get the kind of ruling that I think we should have gotten in the first place about our authorities to go ahead and implement. But ultimately, this has never fully replaced the need for Congress to act. And my hope is, is that after a number of the other issues that we're working on currently get cleared, that there—some quiet conversations start up—back up again, particularly in the Republican Party, about the shortsighted approach that they're taking when it comes to immigration.Okay. Christi Parsons [Los Angeles Times].
Label: Ambivalent

Example 3:
Question: Reconciliation of commuting Manning's sentence with WikiLeaks' connection to Russia's hacking in the last year's election:
Answer: Well, first of all, let's be clear: Chelsea Manning has served a tough prison sentence. So the notion that the average person who was thinking about disclosing vital, classified information would think that it goes unpunished I don't think would get that impression from the sentence that Chelsea Manning has served.It has been my view that given she went to trial, that due process was carried out, that she took responsibility for her crime, that the sentence that she received was very disproportional—disproportionate relative to what other leakers had received, and that she had served a significant amount of time, that it made it sense to commute and not pardon her sentence.And I feel very comfortable that justice has been served and that a message has still been sent that when it comes to our national security, that wherever possible, we need folks who may have legitimate concerns about the actions of Government or their superiors or the agencies in which they work, that they try to work through the established channels and avail themselves of the whistleblower protections that had been put in place.I recognize that there's some folks who think they're not enough, and I think all of us, when we're working in big institutions, may find ourselves at times at odds with policies that are set. But when it comes to national security, we're often dealing with people in the field whose lives may be put at risk or the safety and security and the ability of our military or our intelligence teams or Embassies to function effectively. And that has to be kept in mind.So with respect to WikiLeaks, I don't see a contradiction. First of all, I haven't commented on WikiLeaks, generally. The conclusions of the intelligence community with respect to the Russian hacking were not conclusive as to whether WikiLeaks was witting or not in being the conduit through which we heard about the DNC e-mails that were leaked. I don't pay a lot of attention to Mr. Assange's tweets, so that wasn't a consideration in this instance. And I'd refer you to the Justice Department for any criminal investigations, indictments, extradition issues that may come up with him.What I can say broadly is that, in this new cyber age, we're going to have to make sure that we continually work to find the right balance of accountability and openness and transparency that is the hallmark of our democracy, but also recognize that there are adversaries and bad actors out there who want to use that same openness in ways that hurt us, whether that's in trying to commit financial crimes or trying to commit acts of terrorism or folks who want to interfere with our elections.And we're going to have to continually build the kind of architecture that makes sure our—the best of our democracy is preserved; that our national security and intelligence agencies have the ability to carry out policy without advertising to our adversaries what it is that we're doing, but do so in a way that still keeps citizens up to speed on what their Government is doing on their behalf.But with respect to Chelsea Manning, I looked at the particulars of this case the same way I have for the other commutations and pardons that I've done, and I felt that in light of all the circumstances that commuting her sentence was entirely appropriate.Margaret Brennan [CBS News].
Label: Clear Non-Reply

Instance to classify:
Question: On Iran, I would like to ask you, Mr. President, there is—seems to be an emerging debate in Israel about a military option against the nuclear installations in Iran. How do you see that debate?
Answer: First of all, if you were living in Israel, you'd be a little nervous too if a leader in your neighborhood announced that they—he'd like to destroy you. And one sure way of achieving that means is through the development of a nuclear weapon. Therefore, now is the time for all of us to work together to stop them. There's a lot of urgencies when it comes to dealing with , and the Israeli political folks—and if you go to Israel and listen carefully, you'll hear that urgency in their voice—one of many urgencies. And I'm hopeful we can get it done.And by the way—I don't want to preclude the Prime Minister's answer—I think we can actually get an agreement on global climate change during my Presidency, just so you know. I believe in a global agreement for a joint fight against climate change. This is, as a matter of fact, the only solution. An agreement or a self-commitment of the most developed or industrial countries to reduce greenhouse gas emissions is not enough, especially because some developing countries are developing really fast. China will, in a few years, become the first in terms of the greenhouse gas emissions. And a global agreement without the developing countries would be a short-term solution.So, as a matter of fact, we really need that everybody who is a key stakeholder sits at the table. And I have mentioned already in my introduction, those who are most developed should take the leading role. And therefore, this alliance, these agreements, these discussions on bringing closer the standpoints is of such significance.As President Bush has mentioned, the commitment of the most developed economies—which is mandatory to reduce emissions by a certain deadline—this is a key commitment: how individual economies this reach is less important. However, the goals must be set, and we must have mandatory goals, and this is of key importance. And in this way, we will reduce the threat of climate change.And of course, we should also attract to this task the other countries. Without the leading role of the European Union and the United States of America and without close cooperation, it is not possible to reach a global agreement in short term. Therefore, this discussion is of extreme importance. And the G-8 summit in Japan in next month should represent an important step forward if we wish, in time, before the U.N. conference in Copenhagen, reach this agreement. There is not much time left. The time is running out. All right, we'll take the last one from John McKinnon of the Wall Street Journal. It's called technology. []

Decide the label from the answer's responsiveness to the question. Do not output explanations.

Return valid JSON only: {""label"": ""<Clear Reply | Ambivalent | Clear Non-Reply>""}","{""label"": ""Clear Reply""}",Clear Reply,True,json,,
6,Did he brief you on his plans?,"And if you ask him, he will tell you, and he'll tell you very nicely: You have the money, it's sitting there, it's ready to go. The Democrats don't want to approve it, but I want money for other things too. I want money to go to people so they can live very nicely, because China caused the problem; they didn't.Go ahead.",Ambivalent,"Classify how clearly the interview answer responds to the question.

Use exactly one of these labels: Clear Reply, Ambivalent, Clear Non-Reply.

Label definitions:
- Clear Reply: The answer directly and substantially addresses the question.
- Ambivalent: The answer only partially addresses the question, is vague, qualified, mixed, or leaves the response unclear.
- Clear Non-Reply: The answer clearly avoids, redirects, refuses, or otherwise does not answer the question.

Examples:
Example 1:
Question: Is ASEAN ready for the more advanced role in world affairs the U.S. would like to see it play?
Answer: I have not--I've been out of town, so I'm just seeing the press reports. I have not had a full briefing on Israel's intentions and what they've communicated to our administration. But this kind of activity is never helpful when it comes to peace negotiations. And I'm concerned that we're not seeing each side make the extra effort involved to get a breakthrough that could finally create a framework for a secure Israel living side and side--side by side in peace with a sovereign Palestine.We're going to keep on working on it, though, because it is in the world's interest, it is in the interest of the people of Israel, and it is in the interest of the Palestinian people to achieve that settlement, to achieve that agreement. But each of these incremental steps can end up breaking down trust between the parties.Even though it wasn't directed to me, I do want to just chime in briefly on the issue of China. We want China to succeed and prosper. It's good for the United States if China continues on the path of development that it's on.That means that, first of all, just from a humanitarian point of view, lifting millions of people out of poverty is a good thing. It is also a huge expanding market where America then can sell goods and services, and so we think China being prosperous and secure is a positive. And we're not interested in containing that process. We want China to continue to achieve its development goals.We do want to make sure that everybody is operating within an international framework and sets of rules in which countries recognize their responsibilities to each other. That's true for the United States. That's true for China. That's true for Indonesia. It's true for all of us. And the more that we have international mechanisms in which people say we have rights, we also have responsibilities, we're going to abide by them, we're going to hold each other accountable, the better off we'll all be. Yes, the views that I have of the future of our region, the region of Asia, including East Asia and Southeast Asia, all wish to have a region that is experiencing development, including economic development. This region should continue to be a region that is stable, a region that is peaceful and a region that is safe.In this regard, the community that is built upon in Asia, in East Asia also, and also a framework now through the East Asia summit framework, we have the responsibility to--in one area, to ensure that the cooperation in the region, especially in the area of economic cooperation, can contribute significantly to the development of the global economy that will bring benefit for all humanity.On the other spot of the coin, we also have the responsibility to ensure stability and security in our region. I am not using any theory or the theory of one power to counterbalance the other powers. But I do have the view that there must be some form of dynamic equilibrium in Asia-Pacific, in East and Southeast Asia. And the formation of such regional cooperation such that is East Asia summit, where there are 10 countries from ASEAN and there is also China, Republic of Korea, Japan, India, Australia, New Zealand, and now Russia and the United States, therefore, I have faith that it will be more effective to ensure peace, stability, and order in this region.And in this regard, with such a condition, such cooperation in the area of economic will go effectively, and it is Indonesia's hope that China and the U.S. relations will continue to flow well because if something happens between those two states, it will have severe impacts to not only countries in the region, in Asia, but also to the world.For that reason, I hope that the economic relations between the U.S. and China will continue to proceed well, despite the geopolitical developments. We also hope to contribute to creating a region in East Asia, in Southeast Asia, and especially in Asia-Pacific, to become a region that is stable and productive.That is my views in general on the regional architecture issues and the future cooperation in our region.Thank you very much.
Label: Clear Reply

Example 2:
Question: Possibility of court battle over actions on immigration extending late into the term, what can be done for the people affected by the program and now in limbo, and the view on the possibility of ending the term without accomplishing goals on immigration.
Answer: On Ukraine and Russia and Minsk, there is strong consensus that we need to keep pushing Russia to abide by the terms of the Minsk agreement; we need to continue to support and encourage Ukraine to meet its obligations under Minsk; that until that's completed, sanctions remain in place.There was discussion about additional steps that we might need to take if Russia, working through separatists, doubled down on aggression inside of Ukraine. We—those discussions are taking place at a technical level, not yet at a political level, because I think the first goal here going into a European Council meeting that's coming up is just rolling over the existing sanctions. But I think at a technical level, we want to be prepared.Our hope is, is that we don't have to take additional steps because the Minsk agreement is met. And I want to give enormous credit to Chancellor Merkel, along with President Hollande, who have shown extraordinary stick-to-itiveness and patience in trying to get that done.Ultimately, this is going to be an issue for Mr. Putin. He's got to make a decision: Does he continue to wreck his country's economy and continue Russia's isolation in pursuit of a wrongheaded desire to recreate the glories of the Soviet empire, or does he recognize that Russia's greatness does not depend on violating the territorial integrity and sovereignty of other countries?And as I mentioned earlier, the costs that the Russian people are bearing are severe. That's being felt. It may not always be understood why they're suffering, because of state media inside of Russia and propaganda coming out of state media in Russia and to Russian speakers. But the truth of the matter is, is that the Russian people would greatly benefit. And ironically, one of the rationales that Mr. Putin provided for his incursions into Ukraine was to protect Russian speakers there. Well, Russian speakers inside of Ukraine are precisely the ones who are bearing the brunt of the fighting. Their economy has collapsed. Their lives are disordered. Many of them are displaced. Their homes may have been destroyed. They're suffering. And the best way for them to stop suffering is if the Minsk agreement is fully implemented.Christi—oh, immigration. With respect to immigration, obviously, I'm frustrated by a district court ruling that now is wending its way through the appeals process. We are being as aggressive as we can legally to, first and foremost, appeal that ruling, and then to implement those elements of immigration executive actions that were not challenged in court.But obviously, the centerpiece, one of the key provisions for me was being able to get folks who are undocumented to go through a background check—criminal background check—pay back taxes, and then have a legal status. And that requires an entire administrative apparatus and us getting them to apply and come clean.I made a decision, which I think is the right one, that we should not accept applications until the legal status of this is clarified. I am absolutely convinced this is well within my legal authority, Department of Homeland Security's legal authority. If you look at the precedent, if you look at the traditional discretion that the executive branch possesses when it comes to applying immigration laws, I am convinced that what we're doing is lawful, and our lawyers are convinced that what we're doing is lawful.But the United States is a government of laws and separations of power, and when a—even if it's a individual district court judge who's making this determination, we've got to go through the process to challenge it. And until we get clarity there, I don't want to bring people in, have them apply and jump through a lot of hoops, only to have it deferred and delayed further.Of course, there's one really great way to solve this problem, and that would be Congress going ahead and acting, which would obviate the need for executive actions. The majority of the American people, I think, still want to see that happen. I suspect it will be a major topic of the next Presidential campaign.And so we will continue to push as hard as we can on all fronts to fix a broken immigration system. Administratively, we'll be prepared if and when we get the kind of ruling that I think we should have gotten in the first place about our authorities to go ahead and implement. But ultimately, this has never fully replaced the need for Congress to act. And my hope is, is that after a number of the other issues that we're working on currently get cleared, that there—some quiet conversations start up—back up again, particularly in the Republican Party, about the shortsighted approach that they're taking when it comes to immigration.Okay. Christi Parsons [Los Angeles Times].
Label: Ambivalent

Example 3:
Question: Reconciliation of commuting Manning's sentence with WikiLeaks' connection to Russia's hacking in the last year's election:
Answer: Well, first of all, let's be clear: Chelsea Manning has served a tough prison sentence. So the notion that the average person who was thinking about disclosing vital, classified information would think that it goes unpunished I don't think would get that impression from the sentence that Chelsea Manning has served.It has been my view that given she went to trial, that due process was carried out, that she took responsibility for her crime, that the sentence that she received was very disproportional—disproportionate relative to what other leakers had received, and that she had served a significant amount of time, that it made it sense to commute and not pardon her sentence.And I feel very comfortable that justice has been served and that a message has still been sent that when it comes to our national security, that wherever possible, we need folks who may have legitimate concerns about the actions of Government or their superiors or the agencies in which they work, that they try to work through the established channels and avail themselves of the whistleblower protections that had been put in place.I recognize that there's some folks who think they're not enough, and I think all of us, when we're working in big institutions, may find ourselves at times at odds with policies that are set. But when it comes to national security, we're often dealing with people in the field whose lives may be put at risk or the safety and security and the ability of our military or our intelligence teams or Embassies to function effectively. And that has to be kept in mind.So with respect to WikiLeaks, I don't see a contradiction. First of all, I haven't commented on WikiLeaks, generally. The conclusions of the intelligence community with respect to the Russian hacking were not conclusive as to whether WikiLeaks was witting or not in being the conduit through which we heard about the DNC e-mails that were leaked. I don't pay a lot of attention to Mr. Assange's tweets, so that wasn't a consideration in this instance. And I'd refer you to the Justice Department for any criminal investigations, indictments, extradition issues that may come up with him.What I can say broadly is that, in this new cyber age, we're going to have to make sure that we continually work to find the right balance of accountability and openness and transparency that is the hallmark of our democracy, but also recognize that there are adversaries and bad actors out there who want to use that same openness in ways that hurt us, whether that's in trying to commit financial crimes or trying to commit acts of terrorism or folks who want to interfere with our elections.And we're going to have to continually build the kind of architecture that makes sure our—the best of our democracy is preserved; that our national security and intelligence agencies have the ability to carry out policy without advertising to our adversaries what it is that we're doing, but do so in a way that still keeps citizens up to speed on what their Government is doing on their behalf.But with respect to Chelsea Manning, I looked at the particulars of this case the same way I have for the other commutations and pardons that I've done, and I felt that in light of all the circumstances that commuting her sentence was entirely appropriate.Margaret Brennan [CBS News].
Label: Clear Non-Reply

Instance to classify:
Question: Did he brief you on his plans?
Answer: And if you ask him, he will tell you, and he'll tell you very nicely: You have the money, it's sitting there, it's ready to go. The Democrats don't want to approve it, but I want money for other things too. I want money to go to people so they can live very nicely, because China caused the problem; they didn't.Go ahead.

Decide the label from the answer's responsiveness to the question. Do not output explanations.

Return valid JSON only: {""label"": ""<Clear Reply | Ambivalent | Clear Non-Reply>""}","{""label"": ""Clear Reply""}",Clear Reply,True,json,,
7,What does it mean for the prospect of future relations between Britain and America when the leader of the opposition dare not set foot in Washington?,"Well, I can just tell you, my relationship with the leader of Great Britain has been unbelievably productive, and I have enjoyed working with Tony Blair more than I could have possibly imagined.It's hard to define our relationship in sound bites or press conferences, or to— in a way that really reflects the depth of what we have done together. And so I— you know, I don't regret things about what may or may not have happened over the past 5 years. I honor a relationship that I truly believe has been laying the foundation for peace.This may not interest you, but I'll tell you anyway. I read three histories on George Washington last year. It's interesting to me that they're still analyzing the Presidency of our first President. And my attitude is, if they're still analyzing 1, 43 doesn't need to worry about it. [] I'm not going to be around to see the final history written on my administration.When you work on big items, items to— agendas based upon sound philosophy that will transform parts of the world to make it more peaceful, we're not going to be around to see it. So my—let me finish. My relationship with this good man is where I've been focused, and that's where my concentration is. And I don't regret any other aspect of it.And so I—we filled a lot of space together. We have had a unique ability to speak in terms that help design common strategies and tactics to achieve big objectives. And it's—will I miss working with Tony Blair? You bet I will. Absolutely. Can I work with the next guy? Of course.And I'm here to make it clear to the people of our respective countries that this relationship is one that is vital to accomplish big objectives. It has been vital in the past; it has stood the free world—it has enabled the free world to do hard things. And it's a relationship that I believe is necessary to do the hard things in the 21st century. And so I honor Tony Blair.",Ambivalent,"Classify how clearly the interview answer responds to the question.

Use exactly one of these labels: Clear Reply, Ambivalent, Clear Non-Reply.

Label definitions:
- Clear Reply: The answer directly and substantially addresses the question.
- Ambivalent: The answer only partially addresses the question, is vague, qualified, mixed, or leaves the response unclear.
- Clear Non-Reply: The answer clearly avoids, redirects, refuses, or otherwise does not answer the question.

Examples:
Example 1:
Question: Is ASEAN ready for the more advanced role in world affairs the U.S. would like to see it play?
Answer: I have not--I've been out of town, so I'm just seeing the press reports. I have not had a full briefing on Israel's intentions and what they've communicated to our administration. But this kind of activity is never helpful when it comes to peace negotiations. And I'm concerned that we're not seeing each side make the extra effort involved to get a breakthrough that could finally create a framework for a secure Israel living side and side--side by side in peace with a sovereign Palestine.We're going to keep on working on it, though, because it is in the world's interest, it is in the interest of the people of Israel, and it is in the interest of the Palestinian people to achieve that settlement, to achieve that agreement. But each of these incremental steps can end up breaking down trust between the parties.Even though it wasn't directed to me, I do want to just chime in briefly on the issue of China. We want China to succeed and prosper. It's good for the United States if China continues on the path of development that it's on.That means that, first of all, just from a humanitarian point of view, lifting millions of people out of poverty is a good thing. It is also a huge expanding market where America then can sell goods and services, and so we think China being prosperous and secure is a positive. And we're not interested in containing that process. We want China to continue to achieve its development goals.We do want to make sure that everybody is operating within an international framework and sets of rules in which countries recognize their responsibilities to each other. That's true for the United States. That's true for China. That's true for Indonesia. It's true for all of us. And the more that we have international mechanisms in which people say we have rights, we also have responsibilities, we're going to abide by them, we're going to hold each other accountable, the better off we'll all be. Yes, the views that I have of the future of our region, the region of Asia, including East Asia and Southeast Asia, all wish to have a region that is experiencing development, including economic development. This region should continue to be a region that is stable, a region that is peaceful and a region that is safe.In this regard, the community that is built upon in Asia, in East Asia also, and also a framework now through the East Asia summit framework, we have the responsibility to--in one area, to ensure that the cooperation in the region, especially in the area of economic cooperation, can contribute significantly to the development of the global economy that will bring benefit for all humanity.On the other spot of the coin, we also have the responsibility to ensure stability and security in our region. I am not using any theory or the theory of one power to counterbalance the other powers. But I do have the view that there must be some form of dynamic equilibrium in Asia-Pacific, in East and Southeast Asia. And the formation of such regional cooperation such that is East Asia summit, where there are 10 countries from ASEAN and there is also China, Republic of Korea, Japan, India, Australia, New Zealand, and now Russia and the United States, therefore, I have faith that it will be more effective to ensure peace, stability, and order in this region.And in this regard, with such a condition, such cooperation in the area of economic will go effectively, and it is Indonesia's hope that China and the U.S. relations will continue to flow well because if something happens between those two states, it will have severe impacts to not only countries in the region, in Asia, but also to the world.For that reason, I hope that the economic relations between the U.S. and China will continue to proceed well, despite the geopolitical developments. We also hope to contribute to creating a region in East Asia, in Southeast Asia, and especially in Asia-Pacific, to become a region that is stable and productive.That is my views in general on the regional architecture issues and the future cooperation in our region.Thank you very much.
Label: Clear Reply

Example 2:
Question: Possibility of court battle over actions on immigration extending late into the term, what can be done for the people affected by the program and now in limbo, and the view on the possibility of ending the term without accomplishing goals on immigration.
Answer: On Ukraine and Russia and Minsk, there is strong consensus that we need to keep pushing Russia to abide by the terms of the Minsk agreement; we need to continue to support and encourage Ukraine to meet its obligations under Minsk; that until that's completed, sanctions remain in place.There was discussion about additional steps that we might need to take if Russia, working through separatists, doubled down on aggression inside of Ukraine. We—those discussions are taking place at a technical level, not yet at a political level, because I think the first goal here going into a European Council meeting that's coming up is just rolling over the existing sanctions. But I think at a technical level, we want to be prepared.Our hope is, is that we don't have to take additional steps because the Minsk agreement is met. And I want to give enormous credit to Chancellor Merkel, along with President Hollande, who have shown extraordinary stick-to-itiveness and patience in trying to get that done.Ultimately, this is going to be an issue for Mr. Putin. He's got to make a decision: Does he continue to wreck his country's economy and continue Russia's isolation in pursuit of a wrongheaded desire to recreate the glories of the Soviet empire, or does he recognize that Russia's greatness does not depend on violating the territorial integrity and sovereignty of other countries?And as I mentioned earlier, the costs that the Russian people are bearing are severe. That's being felt. It may not always be understood why they're suffering, because of state media inside of Russia and propaganda coming out of state media in Russia and to Russian speakers. But the truth of the matter is, is that the Russian people would greatly benefit. And ironically, one of the rationales that Mr. Putin provided for his incursions into Ukraine was to protect Russian speakers there. Well, Russian speakers inside of Ukraine are precisely the ones who are bearing the brunt of the fighting. Their economy has collapsed. Their lives are disordered. Many of them are displaced. Their homes may have been destroyed. They're suffering. And the best way for them to stop suffering is if the Minsk agreement is fully implemented.Christi—oh, immigration. With respect to immigration, obviously, I'm frustrated by a district court ruling that now is wending its way through the appeals process. We are being as aggressive as we can legally to, first and foremost, appeal that ruling, and then to implement those elements of immigration executive actions that were not challenged in court.But obviously, the centerpiece, one of the key provisions for me was being able to get folks who are undocumented to go through a background check—criminal background check—pay back taxes, and then have a legal status. And that requires an entire administrative apparatus and us getting them to apply and come clean.I made a decision, which I think is the right one, that we should not accept applications until the legal status of this is clarified. I am absolutely convinced this is well within my legal authority, Department of Homeland Security's legal authority. If you look at the precedent, if you look at the traditional discretion that the executive branch possesses when it comes to applying immigration laws, I am convinced that what we're doing is lawful, and our lawyers are convinced that what we're doing is lawful.But the United States is a government of laws and separations of power, and when a—even if it's a individual district court judge who's making this determination, we've got to go through the process to challenge it. And until we get clarity there, I don't want to bring people in, have them apply and jump through a lot of hoops, only to have it deferred and delayed further.Of course, there's one really great way to solve this problem, and that would be Congress going ahead and acting, which would obviate the need for executive actions. The majority of the American people, I think, still want to see that happen. I suspect it will be a major topic of the next Presidential campaign.And so we will continue to push as hard as we can on all fronts to fix a broken immigration system. Administratively, we'll be prepared if and when we get the kind of ruling that I think we should have gotten in the first place about our authorities to go ahead and implement. But ultimately, this has never fully replaced the need for Congress to act. And my hope is, is that after a number of the other issues that we're working on currently get cleared, that there—some quiet conversations start up—back up again, particularly in the Republican Party, about the shortsighted approach that they're taking when it comes to immigration.Okay. Christi Parsons [Los Angeles Times].
Label: Ambivalent

Example 3:
Question: Reconciliation of commuting Manning's sentence with WikiLeaks' connection to Russia's hacking in the last year's election:
Answer: Well, first of all, let's be clear: Chelsea Manning has served a tough prison sentence. So the notion that the average person who was thinking about disclosing vital, classified information would think that it goes unpunished I don't think would get that impression from the sentence that Chelsea Manning has served.It has been my view that given she went to trial, that due process was carried out, that she took responsibility for her crime, that the sentence that she received was very disproportional—disproportionate relative to what other leakers had received, and that she had served a significant amount of time, that it made it sense to commute and not pardon her sentence.And I feel very comfortable that justice has been served and that a message has still been sent that when it comes to our national security, that wherever possible, we need folks who may have legitimate concerns about the actions of Government or their superiors or the agencies in which they work, that they try to work through the established channels and avail themselves of the whistleblower protections that had been put in place.I recognize that there's some folks who think they're not enough, and I think all of us, when we're working in big institutions, may find ourselves at times at odds with policies that are set. But when it comes to national security, we're often dealing with people in the field whose lives may be put at risk or the safety and security and the ability of our military or our intelligence teams or Embassies to function effectively. And that has to be kept in mind.So with respect to WikiLeaks, I don't see a contradiction. First of all, I haven't commented on WikiLeaks, generally. The conclusions of the intelligence community with respect to the Russian hacking were not conclusive as to whether WikiLeaks was witting or not in being the conduit through which we heard about the DNC e-mails that were leaked. I don't pay a lot of attention to Mr. Assange's tweets, so that wasn't a consideration in this instance. And I'd refer you to the Justice Department for any criminal investigations, indictments, extradition issues that may come up with him.What I can say broadly is that, in this new cyber age, we're going to have to make sure that we continually work to find the right balance of accountability and openness and transparency that is the hallmark of our democracy, but also recognize that there are adversaries and bad actors out there who want to use that same openness in ways that hurt us, whether that's in trying to commit financial crimes or trying to commit acts of terrorism or folks who want to interfere with our elections.And we're going to have to continually build the kind of architecture that makes sure our—the best of our democracy is preserved; that our national security and intelligence agencies have the ability to carry out policy without advertising to our adversaries what it is that we're doing, but do so in a way that still keeps citizens up to speed on what their Government is doing on their behalf.But with respect to Chelsea Manning, I looked at the particulars of this case the same way I have for the other commutations and pardons that I've done, and I felt that in light of all the circumstances that commuting her sentence was entirely appropriate.Margaret Brennan [CBS News].
Label: Clear Non-Reply

Instance to classify:
Question: What does it mean for the prospect of future relations between Britain and America when the leader of the opposition dare not set foot in Washington?
Answer: Well, I can just tell you, my relationship with the leader of Great Britain has been unbelievably productive, and I have enjoyed working with Tony Blair more than I could have possibly imagined.It's hard to define our relationship in sound bites or press conferences, or to— in a way that really reflects the depth of what we have done together. And so I— you know, I don't regret things about what may or may not have happened over the past 5 years. I honor a relationship that I truly believe has been laying the foundation for peace.This may not interest you, but I'll tell you anyway. I read three histories on George Washington last year. It's interesting to me that they're still analyzing the Presidency of our first President. And my attitude is, if they're still analyzing 1, 43 doesn't need to worry about it. [] I'm not going to be around to see the final history written on my administration.When you work on big items, items to— agendas based upon sound philosophy that will transform parts of the world to make it more peaceful, we're not going to be around to see it. So my—let me finish. My relationship with this good man is where I've been focused, and that's where my concentration is. And I don't regret any other aspect of it.And so I—we filled a lot of space together. We have had a unique ability to speak in terms that help design common strategies and tactics to achieve big objectives. And it's—will I miss working with Tony Blair? You bet I will. Absolutely. Can I work with the next guy? Of course.And I'm here to make it clear to the people of our respective countries that this relationship is one that is vital to accomplish big objectives. It has been vital in the past; it has stood the free world—it has enabled the free world to do hard things. And it's a relationship that I believe is necessary to do the hard things in the 21st century. And so I honor Tony Blair.

Decide the label from the answer's responsiveness to the question. Do not output explanations.

Return valid JSON only: {""label"": ""<Clear Reply | Ambivalent | Clear Non-Reply>""}","{""label"": ""Clear Reply""}",Clear Reply,True,json,,
8," Does the lack of clear procedures for handling captured terrorists increase the risk of American forces being more inclined to kill them in the field rather than capturing them alive, which would deprive the U.S. of potential intelligence?","Well, first of all, my top priority in each and every one of these situations is to make sure that we're apprehending those who would attack the United States; that we are getting all the intelligence that we can out of these individuals, in a way that's consistent with due process of law; and that we try them, we prosecute them, in a way that's consistent with rule of law.And frankly, there are going to be different dispositions of the case depending on the situation. And there are going to be some times where a military commission may be appropriate. There are going to be some times where Article III courts are appropriate in terms of prosecution. And we do have a process to work through all the agencies--Department of Defense, Department of Justice, FBI, anybody else who might be involved in these kinds of operations--to think through on a case-by-case basis how a particular individual should be dealt with.And I think that when it comes to our men and women in uniform who might be carrying out these missions, the instructions are not going to be based on whether or not the lawyers can sort out how we detain them or how we prosecute them. Their mission is to make sure that they apprehend the individual; they do so safely with minimum risk to American lives. And that's always going to be the priority, is just carrying out the mission. And that message is sent consistently to our men and women in uniform anytime they start carrying out one of these missions.But I think it's important to understand, and the American people need to be assured, that any time we initiate a mission like this, our top priorities are making sure this person is not able to carry out attacks against the United States and that we're able to obtain actionable intelligence from those individuals. And so that mitigates against this danger that you're suggesting that our main goal is going to be to kill these individuals as opposed to potentially capturing them. Okay?Mike Emanuel, FOX.",Ambivalent,"Classify how clearly the interview answer responds to the question.

Use exactly one of these labels: Clear Reply, Ambivalent, Clear Non-Reply.

Label definitions:
- Clear Reply: The answer directly and substantially addresses the question.
- Ambivalent: The answer only partially addresses the question, is vague, qualified, mixed, or leaves the response unclear.
- Clear Non-Reply: The answer clearly avoids, redirects, refuses, or otherwise does not answer the question.

Examples:
Example 1:
Question: Is ASEAN ready for the more advanced role in world affairs the U.S. would like to see it play?
Answer: I have not--I've been out of town, so I'm just seeing the press reports. I have not had a full briefing on Israel's intentions and what they've communicated to our administration. But this kind of activity is never helpful when it comes to peace negotiations. And I'm concerned that we're not seeing each side make the extra effort involved to get a breakthrough that could finally create a framework for a secure Israel living side and side--side by side in peace with a sovereign Palestine.We're going to keep on working on it, though, because it is in the world's interest, it is in the interest of the people of Israel, and it is in the interest of the Palestinian people to achieve that settlement, to achieve that agreement. But each of these incremental steps can end up breaking down trust between the parties.Even though it wasn't directed to me, I do want to just chime in briefly on the issue of China. We want China to succeed and prosper. It's good for the United States if China continues on the path of development that it's on.That means that, first of all, just from a humanitarian point of view, lifting millions of people out of poverty is a good thing. It is also a huge expanding market where America then can sell goods and services, and so we think China being prosperous and secure is a positive. And we're not interested in containing that process. We want China to continue to achieve its development goals.We do want to make sure that everybody is operating within an international framework and sets of rules in which countries recognize their responsibilities to each other. That's true for the United States. That's true for China. That's true for Indonesia. It's true for all of us. And the more that we have international mechanisms in which people say we have rights, we also have responsibilities, we're going to abide by them, we're going to hold each other accountable, the better off we'll all be. Yes, the views that I have of the future of our region, the region of Asia, including East Asia and Southeast Asia, all wish to have a region that is experiencing development, including economic development. This region should continue to be a region that is stable, a region that is peaceful and a region that is safe.In this regard, the community that is built upon in Asia, in East Asia also, and also a framework now through the East Asia summit framework, we have the responsibility to--in one area, to ensure that the cooperation in the region, especially in the area of economic cooperation, can contribute significantly to the development of the global economy that will bring benefit for all humanity.On the other spot of the coin, we also have the responsibility to ensure stability and security in our region. I am not using any theory or the theory of one power to counterbalance the other powers. But I do have the view that there must be some form of dynamic equilibrium in Asia-Pacific, in East and Southeast Asia. And the formation of such regional cooperation such that is East Asia summit, where there are 10 countries from ASEAN and there is also China, Republic of Korea, Japan, India, Australia, New Zealand, and now Russia and the United States, therefore, I have faith that it will be more effective to ensure peace, stability, and order in this region.And in this regard, with such a condition, such cooperation in the area of economic will go effectively, and it is Indonesia's hope that China and the U.S. relations will continue to flow well because if something happens between those two states, it will have severe impacts to not only countries in the region, in Asia, but also to the world.For that reason, I hope that the economic relations between the U.S. and China will continue to proceed well, despite the geopolitical developments. We also hope to contribute to creating a region in East Asia, in Southeast Asia, and especially in Asia-Pacific, to become a region that is stable and productive.That is my views in general on the regional architecture issues and the future cooperation in our region.Thank you very much.
Label: Clear Reply

Example 2:
Question: Possibility of court battle over actions on immigration extending late into the term, what can be done for the people affected by the program and now in limbo, and the view on the possibility of ending the term without accomplishing goals on immigration.
Answer: On Ukraine and Russia and Minsk, there is strong consensus that we need to keep pushing Russia to abide by the terms of the Minsk agreement; we need to continue to support and encourage Ukraine to meet its obligations under Minsk; that until that's completed, sanctions remain in place.There was discussion about additional steps that we might need to take if Russia, working through separatists, doubled down on aggression inside of Ukraine. We—those discussions are taking place at a technical level, not yet at a political level, because I think the first goal here going into a European Council meeting that's coming up is just rolling over the existing sanctions. But I think at a technical level, we want to be prepared.Our hope is, is that we don't have to take additional steps because the Minsk agreement is met. And I want to give enormous credit to Chancellor Merkel, along with President Hollande, who have shown extraordinary stick-to-itiveness and patience in trying to get that done.Ultimately, this is going to be an issue for Mr. Putin. He's got to make a decision: Does he continue to wreck his country's economy and continue Russia's isolation in pursuit of a wrongheaded desire to recreate the glories of the Soviet empire, or does he recognize that Russia's greatness does not depend on violating the territorial integrity and sovereignty of other countries?And as I mentioned earlier, the costs that the Russian people are bearing are severe. That's being felt. It may not always be understood why they're suffering, because of state media inside of Russia and propaganda coming out of state media in Russia and to Russian speakers. But the truth of the matter is, is that the Russian people would greatly benefit. And ironically, one of the rationales that Mr. Putin provided for his incursions into Ukraine was to protect Russian speakers there. Well, Russian speakers inside of Ukraine are precisely the ones who are bearing the brunt of the fighting. Their economy has collapsed. Their lives are disordered. Many of them are displaced. Their homes may have been destroyed. They're suffering. And the best way for them to stop suffering is if the Minsk agreement is fully implemented.Christi—oh, immigration. With respect to immigration, obviously, I'm frustrated by a district court ruling that now is wending its way through the appeals process. We are being as aggressive as we can legally to, first and foremost, appeal that ruling, and then to implement those elements of immigration executive actions that were not challenged in court.But obviously, the centerpiece, one of the key provisions for me was being able to get folks who are undocumented to go through a background check—criminal background check—pay back taxes, and then have a legal status. And that requires an entire administrative apparatus and us getting them to apply and come clean.I made a decision, which I think is the right one, that we should not accept applications until the legal status of this is clarified. I am absolutely convinced this is well within my legal authority, Department of Homeland Security's legal authority. If you look at the precedent, if you look at the traditional discretion that the executive branch possesses when it comes to applying immigration laws, I am convinced that what we're doing is lawful, and our lawyers are convinced that what we're doing is lawful.But the United States is a government of laws and separations of power, and when a—even if it's a individual district court judge who's making this determination, we've got to go through the process to challenge it. And until we get clarity there, I don't want to bring people in, have them apply and jump through a lot of hoops, only to have it deferred and delayed further.Of course, there's one really great way to solve this problem, and that would be Congress going ahead and acting, which would obviate the need for executive actions. The majority of the American people, I think, still want to see that happen. I suspect it will be a major topic of the next Presidential campaign.And so we will continue to push as hard as we can on all fronts to fix a broken immigration system. Administratively, we'll be prepared if and when we get the kind of ruling that I think we should have gotten in the first place about our authorities to go ahead and implement. But ultimately, this has never fully replaced the need for Congress to act. And my hope is, is that after a number of the other issues that we're working on currently get cleared, that there—some quiet conversations start up—back up again, particularly in the Republican Party, about the shortsighted approach that they're taking when it comes to immigration.Okay. Christi Parsons [Los Angeles Times].
Label: Ambivalent

Example 3:
Question: Reconciliation of commuting Manning's sentence with WikiLeaks' connection to Russia's hacking in the last year's election:
Answer: Well, first of all, let's be clear: Chelsea Manning has served a tough prison sentence. So the notion that the average person who was thinking about disclosing vital, classified information would think that it goes unpunished I don't think would get that impression from the sentence that Chelsea Manning has served.It has been my view that given she went to trial, that due process was carried out, that she took responsibility for her crime, that the sentence that she received was very disproportional—disproportionate relative to what other leakers had received, and that she had served a significant amount of time, that it made it sense to commute and not pardon her sentence.And I feel very comfortable that justice has been served and that a message has still been sent that when it comes to our national security, that wherever possible, we need folks who may have legitimate concerns about the actions of Government or their superiors or the agencies in which they work, that they try to work through the established channels and avail themselves of the whistleblower protections that had been put in place.I recognize that there's some folks who think they're not enough, and I think all of us, when we're working in big institutions, may find ourselves at times at odds with policies that are set. But when it comes to national security, we're often dealing with people in the field whose lives may be put at risk or the safety and security and the ability of our military or our intelligence teams or Embassies to function effectively. And that has to be kept in mind.So with respect to WikiLeaks, I don't see a contradiction. First of all, I haven't commented on WikiLeaks, generally. The conclusions of the intelligence community with respect to the Russian hacking were not conclusive as to whether WikiLeaks was witting or not in being the conduit through which we heard about the DNC e-mails that were leaked. I don't pay a lot of attention to Mr. Assange's tweets, so that wasn't a consideration in this instance. And I'd refer you to the Justice Department for any criminal investigations, indictments, extradition issues that may come up with him.What I can say broadly is that, in this new cyber age, we're going to have to make sure that we continually work to find the right balance of accountability and openness and transparency that is the hallmark of our democracy, but also recognize that there are adversaries and bad actors out there who want to use that same openness in ways that hurt us, whether that's in trying to commit financial crimes or trying to commit acts of terrorism or folks who want to interfere with our elections.And we're going to have to continually build the kind of architecture that makes sure our—the best of our democracy is preserved; that our national security and intelligence agencies have the ability to carry out policy without advertising to our adversaries what it is that we're doing, but do so in a way that still keeps citizens up to speed on what their Government is doing on their behalf.But with respect to Chelsea Manning, I looked at the particulars of this case the same way I have for the other commutations and pardons that I've done, and I felt that in light of all the circumstances that commuting her sentence was entirely appropriate.Margaret Brennan [CBS News].
Label: Clear Non-Reply

Instance to classify:
Question: Does the lack of clear procedures for handling captured terrorists increase the risk of American forces being more inclined to kill them in the field rather than capturing them alive, which would deprive the U.S. of potential intelligence?
Answer: Well, first of all, my top priority in each and every one of these situations is to make sure that we're apprehending those who would attack the United States; that we are getting all the intelligence that we can out of these individuals, in a way that's consistent with due process of law; and that we try them, we prosecute them, in a way that's consistent with rule of law.And frankly, there are going to be different dispositions of the case depending on the situation. And there are going to be some times where a military commission may be appropriate. There are going to be some times where Article III courts are appropriate in terms of prosecution. And we do have a process to work through all the agencies--Department of Defense, Department of Justice, FBI, anybody else who might be involved in these kinds of operations--to think through on a case-by-case basis how a particular individual should be dealt with.And I think that when it comes to our men and women in uniform who might be carrying out these missions, the instructions are not going to be based on whether or not the lawyers can sort out how we detain them or how we prosecute them. Their mission is to make sure that they apprehend the individual; they do so safely with minimum risk to American lives. And that's always going to be the priority, is just carrying out the mission. And that message is sent consistently to our men and women in uniform anytime they start carrying out one of these missions.But I think it's important to understand, and the American people need to be assured, that any time we initiate a mission like this, our top priorities are making sure this person is not able to carry out attacks against the United States and that we're able to obtain actionable intelligence from those individuals. And so that mitigates against this danger that you're suggesting that our main goal is going to be to kill these individuals as opposed to potentially capturing them. Okay?Mike Emanuel, FOX.

Decide the label from the answer's responsiveness to the question. Do not output explanations.

Return valid JSON only: {""label"": ""<Clear Reply | Ambivalent | Clear Non-Reply>""}","{""label"": ""Clear Reply""}",Clear Reply,True,json,,
9, Are you worried about how your administration is running based on the e-mails indicating concerns at the Office of Management and Budget and the Attorney General's lack of knowledge about Fast and Furious?,"Well, first on the issue of prosecutions on Wall Street, one of the biggest problems about the collapse of Lehmans and the subsequent financial crisis and the whole subprime lending fiasco is that a lot of that stuff wasn't necessarily illegal, it was just immoral or inappropriate or reckless. That's exactly why we needed to pass Dodd-Frank, to prohibit some of these practices.The financial sector is very creative, and they are always looking for ways to make money. That's their job. And if there are loopholes and rules that can be bent and arbitrage to be had, they will take advantage of it. So without commenting on particular prosecutions--obviously, that's not my job, that's the Attorney General's job--I think part of people's frustrations, part of my frustration, was a lot of practices that should not have been allowed weren't necessarily against the law, but they had a huge destructive impact. And that's why it was important for us to put in place financial rules that protect the American people from reckless decisionmaking and irresponsible behavior.Now, with respect to Solyndra and Fast and Furious, I think I've been very clear that I have complete confidence in Attorney General Holder in how he handles his office. He has been very aggressive in going after gun running and cash transactions that are going to these transnational drug cartels in Mexico. There has been a lot of cooperation between the United States and Mexico on this front. He's indicated that he was not aware of what was happening in Fast and Furious. Certainly, I was not. And I think both he and I would have been very unhappy if somebody had suggested that guns were allowed to pass through that could have been prevented by the United States of America.He has assigned an Inspector General to look into how exactly this happened, and I have complete confidence in him and I've got complete confidence in the process to figure out who, in fact, was responsible for that decision and how it got made.Solyndra, this is a loan guarantee program that predates me that historically has had support from Democrats and Republicans as well. And the idea is pretty straightforward: If we are going to be able to compete in the 21st century, then we've got to dominate cutting-edge technologies, we've got to dominate cutting-edge manufacturing. Clean energy is part of that package of technologies of the future that have to be based here in the United States if we're going to be able to succeed.Now, the loan guarantee program is designed to meet a particular need in the marketplace, which is, a lot of these small startups, they can get angel investors, they can get several million dollars to get a company going, but it's very hard for them to then scale up, particularly if these are new cutting-edge technologies. It's hard for them to find private investors. And part of what's happening is China and Europe, other countries, are putting enormous subsidies into these companies and giving them incentives to move offshore. Even if the technology was developed in the United States, they end up going to China because the Chinese Government will say, we're going to help you get started. We'll help you scale up. We'll give you low-interest loans or no-interest loans. We will give siting. We will do whatever it takes for you to get started here.And that's part of the reason why a lot of technologies that developed here, we've now lost the lead in: solar energy, wind energy. And so what the loan guarantee program was designed to do was to close that gap and say, let's see if we can help some of those folks locate here and create jobs here in the United States.Now, we knew from the start that the loan guarantee program was going to entail some risk, by definition. If it was a risk-free proposition, then we wouldn't have to worry about it. But the overall portfolio has been successful. It has allowed us to help companies, for example, start advanced battery manufacturing here in the United States. It's helped to create jobs. There were going to be some companies that did not work out; Solyndra was one of them. But the process by which the decision was made was on the merits. It was straightforward. And of course, there were going to be debates internally when you're dealing with something as complicated as this.But I have confidence that the decisions were made based on what would be good for the American economy and the American people and putting people back to work.And by the way, let me make one last point about this. I heard there was a Republican Member of Congress who's engaging in oversight on this, and despite the fact that all of them in the past have been supportive of this loan guarantee program, he concluded, you know what, we can't compete against China when it comes to solar energy. Well, you know what, I don't buy that. I'm not going to surrender to other countries' technological leads that could end up determining whether or not we're building a strong middle class in this country. And so we're going to have to keep on pushing hard to make sure that manufacturing is located here, new businesses are located here, and new technologies are developed here. And there are going to be times where it doesn't work out, but I'm not going to cave to the competition when they are heavily subsidizing all these industries.",Ambivalent,"Classify how clearly the interview answer responds to the question.

Use exactly one of these labels: Clear Reply, Ambivalent, Clear Non-Reply.

Label definitions:
- Clear Reply: The answer directly and substantially addresses the question.
- Ambivalent: The answer only partially addresses the question, is vague, qualified, mixed, or leaves the response unclear.
- Clear Non-Reply: The answer clearly avoids, redirects, refuses, or otherwise does not answer the question.

Examples:
Example 1:
Question: Is ASEAN ready for the more advanced role in world affairs the U.S. would like to see it play?
Answer: I have not--I've been out of town, so I'm just seeing the press reports. I have not had a full briefing on Israel's intentions and what they've communicated to our administration. But this kind of activity is never helpful when it comes to peace negotiations. And I'm concerned that we're not seeing each side make the extra effort involved to get a breakthrough that could finally create a framework for a secure Israel living side and side--side by side in peace with a sovereign Palestine.We're going to keep on working on it, though, because it is in the world's interest, it is in the interest of the people of Israel, and it is in the interest of the Palestinian people to achieve that settlement, to achieve that agreement. But each of these incremental steps can end up breaking down trust between the parties.Even though it wasn't directed to me, I do want to just chime in briefly on the issue of China. We want China to succeed and prosper. It's good for the United States if China continues on the path of development that it's on.That means that, first of all, just from a humanitarian point of view, lifting millions of people out of poverty is a good thing. It is also a huge expanding market where America then can sell goods and services, and so we think China being prosperous and secure is a positive. And we're not interested in containing that process. We want China to continue to achieve its development goals.We do want to make sure that everybody is operating within an international framework and sets of rules in which countries recognize their responsibilities to each other. That's true for the United States. That's true for China. That's true for Indonesia. It's true for all of us. And the more that we have international mechanisms in which people say we have rights, we also have responsibilities, we're going to abide by them, we're going to hold each other accountable, the better off we'll all be. Yes, the views that I have of the future of our region, the region of Asia, including East Asia and Southeast Asia, all wish to have a region that is experiencing development, including economic development. This region should continue to be a region that is stable, a region that is peaceful and a region that is safe.In this regard, the community that is built upon in Asia, in East Asia also, and also a framework now through the East Asia summit framework, we have the responsibility to--in one area, to ensure that the cooperation in the region, especially in the area of economic cooperation, can contribute significantly to the development of the global economy that will bring benefit for all humanity.On the other spot of the coin, we also have the responsibility to ensure stability and security in our region. I am not using any theory or the theory of one power to counterbalance the other powers. But I do have the view that there must be some form of dynamic equilibrium in Asia-Pacific, in East and Southeast Asia. And the formation of such regional cooperation such that is East Asia summit, where there are 10 countries from ASEAN and there is also China, Republic of Korea, Japan, India, Australia, New Zealand, and now Russia and the United States, therefore, I have faith that it will be more effective to ensure peace, stability, and order in this region.And in this regard, with such a condition, such cooperation in the area of economic will go effectively, and it is Indonesia's hope that China and the U.S. relations will continue to flow well because if something happens between those two states, it will have severe impacts to not only countries in the region, in Asia, but also to the world.For that reason, I hope that the economic relations between the U.S. and China will continue to proceed well, despite the geopolitical developments. We also hope to contribute to creating a region in East Asia, in Southeast Asia, and especially in Asia-Pacific, to become a region that is stable and productive.That is my views in general on the regional architecture issues and the future cooperation in our region.Thank you very much.
Label: Clear Reply

Example 2:
Question: Possibility of court battle over actions on immigration extending late into the term, what can be done for the people affected by the program and now in limbo, and the view on the possibility of ending the term without accomplishing goals on immigration.
Answer: On Ukraine and Russia and Minsk, there is strong consensus that we need to keep pushing Russia to abide by the terms of the Minsk agreement; we need to continue to support and encourage Ukraine to meet its obligations under Minsk; that until that's completed, sanctions remain in place.There was discussion about additional steps that we might need to take if Russia, working through separatists, doubled down on aggression inside of Ukraine. We—those discussions are taking place at a technical level, not yet at a political level, because I think the first goal here going into a European Council meeting that's coming up is just rolling over the existing sanctions. But I think at a technical level, we want to be prepared.Our hope is, is that we don't have to take additional steps because the Minsk agreement is met. And I want to give enormous credit to Chancellor Merkel, along with President Hollande, who have shown extraordinary stick-to-itiveness and patience in trying to get that done.Ultimately, this is going to be an issue for Mr. Putin. He's got to make a decision: Does he continue to wreck his country's economy and continue Russia's isolation in pursuit of a wrongheaded desire to recreate the glories of the Soviet empire, or does he recognize that Russia's greatness does not depend on violating the territorial integrity and sovereignty of other countries?And as I mentioned earlier, the costs that the Russian people are bearing are severe. That's being felt. It may not always be understood why they're suffering, because of state media inside of Russia and propaganda coming out of state media in Russia and to Russian speakers. But the truth of the matter is, is that the Russian people would greatly benefit. And ironically, one of the rationales that Mr. Putin provided for his incursions into Ukraine was to protect Russian speakers there. Well, Russian speakers inside of Ukraine are precisely the ones who are bearing the brunt of the fighting. Their economy has collapsed. Their lives are disordered. Many of them are displaced. Their homes may have been destroyed. They're suffering. And the best way for them to stop suffering is if the Minsk agreement is fully implemented.Christi—oh, immigration. With respect to immigration, obviously, I'm frustrated by a district court ruling that now is wending its way through the appeals process. We are being as aggressive as we can legally to, first and foremost, appeal that ruling, and then to implement those elements of immigration executive actions that were not challenged in court.But obviously, the centerpiece, one of the key provisions for me was being able to get folks who are undocumented to go through a background check—criminal background check—pay back taxes, and then have a legal status. And that requires an entire administrative apparatus and us getting them to apply and come clean.I made a decision, which I think is the right one, that we should not accept applications until the legal status of this is clarified. I am absolutely convinced this is well within my legal authority, Department of Homeland Security's legal authority. If you look at the precedent, if you look at the traditional discretion that the executive branch possesses when it comes to applying immigration laws, I am convinced that what we're doing is lawful, and our lawyers are convinced that what we're doing is lawful.But the United States is a government of laws and separations of power, and when a—even if it's a individual district court judge who's making this determination, we've got to go through the process to challenge it. And until we get clarity there, I don't want to bring people in, have them apply and jump through a lot of hoops, only to have it deferred and delayed further.Of course, there's one really great way to solve this problem, and that would be Congress going ahead and acting, which would obviate the need for executive actions. The majority of the American people, I think, still want to see that happen. I suspect it will be a major topic of the next Presidential campaign.And so we will continue to push as hard as we can on all fronts to fix a broken immigration system. Administratively, we'll be prepared if and when we get the kind of ruling that I think we should have gotten in the first place about our authorities to go ahead and implement. But ultimately, this has never fully replaced the need for Congress to act. And my hope is, is that after a number of the other issues that we're working on currently get cleared, that there—some quiet conversations start up—back up again, particularly in the Republican Party, about the shortsighted approach that they're taking when it comes to immigration.Okay. Christi Parsons [Los Angeles Times].
Label: Ambivalent

Example 3:
Question: Reconciliation of commuting Manning's sentence with WikiLeaks' connection to Russia's hacking in the last year's election:
Answer: Well, first of all, let's be clear: Chelsea Manning has served a tough prison sentence. So the notion that the average person who was thinking about disclosing vital, classified information would think that it goes unpunished I don't think would get that impression from the sentence that Chelsea Manning has served.It has been my view that given she went to trial, that due process was carried out, that she took responsibility for her crime, that the sentence that she received was very disproportional—disproportionate relative to what other leakers had received, and that she had served a significant amount of time, that it made it sense to commute and not pardon her sentence.And I feel very comfortable that justice has been served and that a message has still been sent that when it comes to our national security, that wherever possible, we need folks who may have legitimate concerns about the actions of Government or their superiors or the agencies in which they work, that they try to work through the established channels and avail themselves of the whistleblower protections that had been put in place.I recognize that there's some folks who think they're not enough, and I think all of us, when we're working in big institutions, may find ourselves at times at odds with policies that are set. But when it comes to national security, we're often dealing with people in the field whose lives may be put at risk or the safety and security and the ability of our military or our intelligence teams or Embassies to function effectively. And that has to be kept in mind.So with respect to WikiLeaks, I don't see a contradiction. First of all, I haven't commented on WikiLeaks, generally. The conclusions of the intelligence community with respect to the Russian hacking were not conclusive as to whether WikiLeaks was witting or not in being the conduit through which we heard about the DNC e-mails that were leaked. I don't pay a lot of attention to Mr. Assange's tweets, so that wasn't a consideration in this instance. And I'd refer you to the Justice Department for any criminal investigations, indictments, extradition issues that may come up with him.What I can say broadly is that, in this new cyber age, we're going to have to make sure that we continually work to find the right balance of accountability and openness and transparency that is the hallmark of our democracy, but also recognize that there are adversaries and bad actors out there who want to use that same openness in ways that hurt us, whether that's in trying to commit financial crimes or trying to commit acts of terrorism or folks who want to interfere with our elections.And we're going to have to continually build the kind of architecture that makes sure our—the best of our democracy is preserved; that our national security and intelligence agencies have the ability to carry out policy without advertising to our adversaries what it is that we're doing, but do so in a way that still keeps citizens up to speed on what their Government is doing on their behalf.But with respect to Chelsea Manning, I looked at the particulars of this case the same way I have for the other commutations and pardons that I've done, and I felt that in light of all the circumstances that commuting her sentence was entirely appropriate.Margaret Brennan [CBS News].
Label: Clear Non-Reply

Instance to classify:
Question: Are you worried about how your administration is running based on the e-mails indicating concerns at the Office of Management and Budget and the Attorney General's lack of knowledge about Fast and Furious?
Answer: Well, first on the issue of prosecutions on Wall Street, one of the biggest problems about the collapse of Lehmans and the subsequent financial crisis and the whole subprime lending fiasco is that a lot of that stuff wasn't necessarily illegal, it was just immoral or inappropriate or reckless. That's exactly why we needed to pass Dodd-Frank, to prohibit some of these practices.The financial sector is very creative, and they are always looking for ways to make money. That's their job. And if there are loopholes and rules that can be bent and arbitrage to be had, they will take advantage of it. So without commenting on particular prosecutions--obviously, that's not my job, that's the Attorney General's job--I think part of people's frustrations, part of my frustration, was a lot of practices that should not have been allowed weren't necessarily against the law, but they had a huge destructive impact. And that's why it was important for us to put in place financial rules that protect the American people from reckless decisionmaking and irresponsible behavior.Now, with respect to Solyndra and Fast and Furious, I think I've been very clear that I have complete confidence in Attorney General Holder in how he handles his office. He has been very aggressive in going after gun running and cash transactions that are going to these transnational drug cartels in Mexico. There has been a lot of cooperation between the United States and Mexico on this front. He's indicated that he was not aware of what was happening in Fast and Furious. Certainly, I was not. And I think both he and I would have been very unhappy if somebody had suggested that guns were allowed to pass through that could have been prevented by the United States of America.He has assigned an Inspector General to look into how exactly this happened, and I have complete confidence in him and I've got complete confidence in the process to figure out who, in fact, was responsible for that decision and how it got made.Solyndra, this is a loan guarantee program that predates me that historically has had support from Democrats and Republicans as well. And the idea is pretty straightforward: If we are going to be able to compete in the 21st century, then we've got to dominate cutting-edge technologies, we've got to dominate cutting-edge manufacturing. Clean energy is part of that package of technologies of the future that have to be based here in the United States if we're going to be able to succeed.Now, the loan guarantee program is designed to meet a particular need in the marketplace, which is, a lot of these small startups, they can get angel investors, they can get several million dollars to get a company going, but it's very hard for them to then scale up, particularly if these are new cutting-edge technologies. It's hard for them to find private investors. And part of what's happening is China and Europe, other countries, are putting enormous subsidies into these companies and giving them incentives to move offshore. Even if the technology was developed in the United States, they end up going to China because the Chinese Government will say, we're going to help you get started. We'll help you scale up. We'll give you low-interest loans or no-interest loans. We will give siting. We will do whatever it takes for you to get started here.And that's part of the reason why a lot of technologies that developed here, we've now lost the lead in: solar energy, wind energy. And so what the loan guarantee program was designed to do was to close that gap and say, let's see if we can help some of those folks locate here and create jobs here in the United States.Now, we knew from the start that the loan guarantee program was going to entail some risk, by definition. If it was a risk-free proposition, then we wouldn't have to worry about it. But the overall portfolio has been successful. It has allowed us to help companies, for example, start advanced battery manufacturing here in the United States. It's helped to create jobs. There were going to be some companies that did not work out; Solyndra was one of them. But the process by which the decision was made was on the merits. It was straightforward. And of course, there were going to be debates internally when you're dealing with something as complicated as this.But I have confidence that the decisions were made based on what would be good for the American economy and the American people and putting people back to work.And by the way, let me make one last point about this. I heard there was a Republican Member of Congress who's engaging in oversight on this, and despite the fact that all of them in the past have been supportive of this loan guarantee program, he concluded, you know what, we can't compete against China when it comes to solar energy. Well, you know what, I don't buy that. I'm not going to surrender to other countries' technological leads that could end up determining whether or not we're building a strong middle class in this country. And so we're going to have to keep on pushing hard to make sure that manufacturing is located here, new businesses are located here, and new technologies are developed here. And there are going to be times where it doesn't work out, but I'm not going to cave to the competition when they are heavily subsidizing all these industries.

Decide the label from the answer's responsiveness to the question. Do not output explanations.

Return valid JSON only: {""label"": ""<Clear Reply | Ambivalent | Clear Non-Reply>""}","{""label"": ""Clear Reply""}",Clear Reply,True,json,,
10, Do you back President Karzai when he says he may send his troops into Pakistan to take care of some of the militants who are launching attacks on his territory?,"Our strategy is to deny safe haven to extremists who would do harm to innocent people. And that's the strategy of Afghanistan. It needs to be the strategy of Pakistan. It's in all our interests to prevent those who murder innocent people to achieve political objectives to gain safe haven.And so we'd look forward to working— I mean, one thing that can happen is, there can be, you know, more dialogue between the Pak Government and the Afghan Government. Now, there was—in the past, they had a jirga amongst tribal leaders in the region on both—from both sides of the border that made a difference. And I think that would be a good idea to restart the jirga process.I know there needs to be dialogue between the intel services between the respective countries. And I know there needs to be better cooperation, and there needs to be trilateral cooperation on the border— trilateral being Pak, Afghan, and coalition border patrols—to prevent people from coming back and forth across the border.And there's a lot of common ground. I repeat: It is in no one's interest that extremists have a safe haven from which to operate. And I'm, you know—I mean—and obviously, it's a testy situation there. And if I'm the President of a country and people are coming from one country to another—allegedly coming from one country to another—to kill innocent civilians on my side, I'd be concerned about it. But we can help. We can help calm the situation down and develop a strategy that will prevent these extremists from, you know, from developing safe haven and having freedom of movement. Can I say, I'm traveling to Jeddah next Sunday at the invitation of the King of Saudi Arabia. And I want a long-term dialogue, and this is part of a process, not an event, between oil producers and oil consumers. I think there is a view developing that the price of oil is increasingly dependent not just on today's demand and supply factors but on what people perceive as demand outstripping supply next year, in the medium term, and in the long term.And I want to tell the King of Saudi Arabia and others who are there that the world will build more nuclear power. And I have suggested that on present trends, it would be about 1,000 nuclear power stations over the next 30 years. The world will increase its use of renewables. The world will increase its use of coal. It will lessen its dependence on oil, and that the world is determined to make a more efficient use of oil.And I think this dialogue between producers and consumers is absolutely essential. President Bush has just been in Saudi Arabia. I have not been there recently. I want to go and talk to the King and talk to others there about what I believe should be a process whereby we understand what are the pressures on demand in future years, as well as we understand the pressures on supply. And I believe that that long-term debate about the future can have an effect on today's markets.Now, that's what the debate is about. And that is part of a process that I hope will continue, if necessary, with a meeting in London later and with further meetings, so that there is a genuine dialogue between producers and consumers about what is the most worrying situation in the world at the moment, and that is the trebling of the price of oil.",Ambivalent,"Classify how clearly the interview answer responds to the question.

Use exactly one of these labels: Clear Reply, Ambivalent, Clear Non-Reply.

Label definitions:
- Clear Reply: The answer directly and substantially addresses the question.
- Ambivalent: The answer only partially addresses the question, is vague, qualified, mixed, or leaves the response unclear.
- Clear Non-Reply: The answer clearly avoids, redirects, refuses, or otherwise does not answer the question.

Examples:
Example 1:
Question: Is ASEAN ready for the more advanced role in world affairs the U.S. would like to see it play?
Answer: I have not--I've been out of town, so I'm just seeing the press reports. I have not had a full briefing on Israel's intentions and what they've communicated to our administration. But this kind of activity is never helpful when it comes to peace negotiations. And I'm concerned that we're not seeing each side make the extra effort involved to get a breakthrough that could finally create a framework for a secure Israel living side and side--side by side in peace with a sovereign Palestine.We're going to keep on working on it, though, because it is in the world's interest, it is in the interest of the people of Israel, and it is in the interest of the Palestinian people to achieve that settlement, to achieve that agreement. But each of these incremental steps can end up breaking down trust between the parties.Even though it wasn't directed to me, I do want to just chime in briefly on the issue of China. We want China to succeed and prosper. It's good for the United States if China continues on the path of development that it's on.That means that, first of all, just from a humanitarian point of view, lifting millions of people out of poverty is a good thing. It is also a huge expanding market where America then can sell goods and services, and so we think China being prosperous and secure is a positive. And we're not interested in containing that process. We want China to continue to achieve its development goals.We do want to make sure that everybody is operating within an international framework and sets of rules in which countries recognize their responsibilities to each other. That's true for the United States. That's true for China. That's true for Indonesia. It's true for all of us. And the more that we have international mechanisms in which people say we have rights, we also have responsibilities, we're going to abide by them, we're going to hold each other accountable, the better off we'll all be. Yes, the views that I have of the future of our region, the region of Asia, including East Asia and Southeast Asia, all wish to have a region that is experiencing development, including economic development. This region should continue to be a region that is stable, a region that is peaceful and a region that is safe.In this regard, the community that is built upon in Asia, in East Asia also, and also a framework now through the East Asia summit framework, we have the responsibility to--in one area, to ensure that the cooperation in the region, especially in the area of economic cooperation, can contribute significantly to the development of the global economy that will bring benefit for all humanity.On the other spot of the coin, we also have the responsibility to ensure stability and security in our region. I am not using any theory or the theory of one power to counterbalance the other powers. But I do have the view that there must be some form of dynamic equilibrium in Asia-Pacific, in East and Southeast Asia. And the formation of such regional cooperation such that is East Asia summit, where there are 10 countries from ASEAN and there is also China, Republic of Korea, Japan, India, Australia, New Zealand, and now Russia and the United States, therefore, I have faith that it will be more effective to ensure peace, stability, and order in this region.And in this regard, with such a condition, such cooperation in the area of economic will go effectively, and it is Indonesia's hope that China and the U.S. relations will continue to flow well because if something happens between those two states, it will have severe impacts to not only countries in the region, in Asia, but also to the world.For that reason, I hope that the economic relations between the U.S. and China will continue to proceed well, despite the geopolitical developments. We also hope to contribute to creating a region in East Asia, in Southeast Asia, and especially in Asia-Pacific, to become a region that is stable and productive.That is my views in general on the regional architecture issues and the future cooperation in our region.Thank you very much.
Label: Clear Reply

Example 2:
Question: Possibility of court battle over actions on immigration extending late into the term, what can be done for the people affected by the program and now in limbo, and the view on the possibility of ending the term without accomplishing goals on immigration.
Answer: On Ukraine and Russia and Minsk, there is strong consensus that we need to keep pushing Russia to abide by the terms of the Minsk agreement; we need to continue to support and encourage Ukraine to meet its obligations under Minsk; that until that's completed, sanctions remain in place.There was discussion about additional steps that we might need to take if Russia, working through separatists, doubled down on aggression inside of Ukraine. We—those discussions are taking place at a technical level, not yet at a political level, because I think the first goal here going into a European Council meeting that's coming up is just rolling over the existing sanctions. But I think at a technical level, we want to be prepared.Our hope is, is that we don't have to take additional steps because the Minsk agreement is met. And I want to give enormous credit to Chancellor Merkel, along with President Hollande, who have shown extraordinary stick-to-itiveness and patience in trying to get that done.Ultimately, this is going to be an issue for Mr. Putin. He's got to make a decision: Does he continue to wreck his country's economy and continue Russia's isolation in pursuit of a wrongheaded desire to recreate the glories of the Soviet empire, or does he recognize that Russia's greatness does not depend on violating the territorial integrity and sovereignty of other countries?And as I mentioned earlier, the costs that the Russian people are bearing are severe. That's being felt. It may not always be understood why they're suffering, because of state media inside of Russia and propaganda coming out of state media in Russia and to Russian speakers. But the truth of the matter is, is that the Russian people would greatly benefit. And ironically, one of the rationales that Mr. Putin provided for his incursions into Ukraine was to protect Russian speakers there. Well, Russian speakers inside of Ukraine are precisely the ones who are bearing the brunt of the fighting. Their economy has collapsed. Their lives are disordered. Many of them are displaced. Their homes may have been destroyed. They're suffering. And the best way for them to stop suffering is if the Minsk agreement is fully implemented.Christi—oh, immigration. With respect to immigration, obviously, I'm frustrated by a district court ruling that now is wending its way through the appeals process. We are being as aggressive as we can legally to, first and foremost, appeal that ruling, and then to implement those elements of immigration executive actions that were not challenged in court.But obviously, the centerpiece, one of the key provisions for me was being able to get folks who are undocumented to go through a background check—criminal background check—pay back taxes, and then have a legal status. And that requires an entire administrative apparatus and us getting them to apply and come clean.I made a decision, which I think is the right one, that we should not accept applications until the legal status of this is clarified. I am absolutely convinced this is well within my legal authority, Department of Homeland Security's legal authority. If you look at the precedent, if you look at the traditional discretion that the executive branch possesses when it comes to applying immigration laws, I am convinced that what we're doing is lawful, and our lawyers are convinced that what we're doing is lawful.But the United States is a government of laws and separations of power, and when a—even if it's a individual district court judge who's making this determination, we've got to go through the process to challenge it. And until we get clarity there, I don't want to bring people in, have them apply and jump through a lot of hoops, only to have it deferred and delayed further.Of course, there's one really great way to solve this problem, and that would be Congress going ahead and acting, which would obviate the need for executive actions. The majority of the American people, I think, still want to see that happen. I suspect it will be a major topic of the next Presidential campaign.And so we will continue to push as hard as we can on all fronts to fix a broken immigration system. Administratively, we'll be prepared if and when we get the kind of ruling that I think we should have gotten in the first place about our authorities to go ahead and implement. But ultimately, this has never fully replaced the need for Congress to act. And my hope is, is that after a number of the other issues that we're working on currently get cleared, that there—some quiet conversations start up—back up again, particularly in the Republican Party, about the shortsighted approach that they're taking when it comes to immigration.Okay. Christi Parsons [Los Angeles Times].
Label: Ambivalent

Example 3:
Question: Reconciliation of commuting Manning's sentence with WikiLeaks' connection to Russia's hacking in the last year's election:
Answer: Well, first of all, let's be clear: Chelsea Manning has served a tough prison sentence. So the notion that the average person who was thinking about disclosing vital, classified information would think that it goes unpunished I don't think would get that impression from the sentence that Chelsea Manning has served.It has been my view that given she went to trial, that due process was carried out, that she took responsibility for her crime, that the sentence that she received was very disproportional—disproportionate relative to what other leakers had received, and that she had served a significant amount of time, that it made it sense to commute and not pardon her sentence.And I feel very comfortable that justice has been served and that a message has still been sent that when it comes to our national security, that wherever possible, we need folks who may have legitimate concerns about the actions of Government or their superiors or the agencies in which they work, that they try to work through the established channels and avail themselves of the whistleblower protections that had been put in place.I recognize that there's some folks who think they're not enough, and I think all of us, when we're working in big institutions, may find ourselves at times at odds with policies that are set. But when it comes to national security, we're often dealing with people in the field whose lives may be put at risk or the safety and security and the ability of our military or our intelligence teams or Embassies to function effectively. And that has to be kept in mind.So with respect to WikiLeaks, I don't see a contradiction. First of all, I haven't commented on WikiLeaks, generally. The conclusions of the intelligence community with respect to the Russian hacking were not conclusive as to whether WikiLeaks was witting or not in being the conduit through which we heard about the DNC e-mails that were leaked. I don't pay a lot of attention to Mr. Assange's tweets, so that wasn't a consideration in this instance. And I'd refer you to the Justice Department for any criminal investigations, indictments, extradition issues that may come up with him.What I can say broadly is that, in this new cyber age, we're going to have to make sure that we continually work to find the right balance of accountability and openness and transparency that is the hallmark of our democracy, but also recognize that there are adversaries and bad actors out there who want to use that same openness in ways that hurt us, whether that's in trying to commit financial crimes or trying to commit acts of terrorism or folks who want to interfere with our elections.And we're going to have to continually build the kind of architecture that makes sure our—the best of our democracy is preserved; that our national security and intelligence agencies have the ability to carry out policy without advertising to our adversaries what it is that we're doing, but do so in a way that still keeps citizens up to speed on what their Government is doing on their behalf.But with respect to Chelsea Manning, I looked at the particulars of this case the same way I have for the other commutations and pardons that I've done, and I felt that in light of all the circumstances that commuting her sentence was entirely appropriate.Margaret Brennan [CBS News].
Label: Clear Non-Reply

Instance to classify:
Question: Do you back President Karzai when he says he may send his troops into Pakistan to take care of some of the militants who are launching attacks on his territory?
Answer: Our strategy is to deny safe haven to extremists who would do harm to innocent people. And that's the strategy of Afghanistan. It needs to be the strategy of Pakistan. It's in all our interests to prevent those who murder innocent people to achieve political objectives to gain safe haven.And so we'd look forward to working— I mean, one thing that can happen is, there can be, you know, more dialogue between the Pak Government and the Afghan Government. Now, there was—in the past, they had a jirga amongst tribal leaders in the region on both—from both sides of the border that made a difference. And I think that would be a good idea to restart the jirga process.I know there needs to be dialogue between the intel services between the respective countries. And I know there needs to be better cooperation, and there needs to be trilateral cooperation on the border— trilateral being Pak, Afghan, and coalition border patrols—to prevent people from coming back and forth across the border.And there's a lot of common ground. I repeat: It is in no one's interest that extremists have a safe haven from which to operate. And I'm, you know—I mean—and obviously, it's a testy situation there. And if I'm the President of a country and people are coming from one country to another—allegedly coming from one country to another—to kill innocent civilians on my side, I'd be concerned about it. But we can help. We can help calm the situation down and develop a strategy that will prevent these extremists from, you know, from developing safe haven and having freedom of movement. Can I say, I'm traveling to Jeddah next Sunday at the invitation of the King of Saudi Arabia. And I want a long-term dialogue, and this is part of a process, not an event, between oil producers and oil consumers. I think there is a view developing that the price of oil is increasingly dependent not just on today's demand and supply factors but on what people perceive as demand outstripping supply next year, in the medium term, and in the long term.And I want to tell the King of Saudi Arabia and others who are there that the world will build more nuclear power. And I have suggested that on present trends, it would be about 1,000 nuclear power stations over the next 30 years. The world will increase its use of renewables. The world will increase its use of coal. It will lessen its dependence on oil, and that the world is determined to make a more efficient use of oil.And I think this dialogue between producers and consumers is absolutely essential. President Bush has just been in Saudi Arabia. I have not been there recently. I want to go and talk to the King and talk to others there about what I believe should be a process whereby we understand what are the pressures on demand in future years, as well as we understand the pressures on supply. And I believe that that long-term debate about the future can have an effect on today's markets.Now, that's what the debate is about. And that is part of a process that I hope will continue, if necessary, with a meeting in London later and with further meetings, so that there is a genuine dialogue between producers and consumers about what is the most worrying situation in the world at the moment, and that is the trebling of the price of oil.

Decide the label from the answer's responsiveness to the question. Do not output explanations.

Return valid JSON only: {""label"": ""<Clear Reply | Ambivalent | Clear Non-Reply>""}","{""label"": ""Clear Reply""}",Clear Reply,True,json,,
11, Do you support the decision of more than five dozen Democrats to boycott the Inauguration of the incoming President?,"Well, I won't go into details of my conversations with President-elect Trump. As I've said before, they are cordial. At times, they've been fairly lengthy, and they've been substantive. I can't tell you how convincing I've been. I think you'd have to ask him whether I've been convincing or not.I have offered my best advice, counsel about certain issues both foreign and domestic. And my working assumption is, is that having won an election opposed to a number of my initiatives and certain aspects of my vision for where the country needs to go, it is appropriate for him to go forward with his vision and his values. And I don't expect that there's going to be enormous overlap.It may be that on certain issues, once he comes into office and he looks at the complexities of how to, in fact, provide health care for everybody—something he says he wants to do—or wants to make sure that he is encouraging job creation and wage growth in this country, that that may lead him to some of the same conclusions that I arrived at once I got here.But I don't think we'll know until he has an actual chance to get sworn in and sit behind that desk. And I think a lot of his views are going to be shaped by his advisers, the people around him, which is why it's important to pay attention to these confirmation hearings.I can tell you that—and this is something I have told him—that this is a job of such magnitude that you can't do it by yourself. You are enormously reliant on a team: your Cabinet, your senior White House staff, all the way to fairly junior folks in their twenties and thirties, but who are executing on significant responsibilities.And so how you put a team together to make sure that they're getting you the best information and they are teeing up the options from which you will ultimately make decisions, that's probably the most useful advice, the most constructive advice that I've been able to give him. That if you find yourself isolated because the process breaks down, or if you're only hearing from people who agree with you on everything, or if you haven't created a process that is fact-checking and probing and asking hard questions about policies or promises that you've made, that's when you start making mistakes. And as I indicated in some of my previous remarks, reality has a way of biting back if you're not paying attention to it.With respect to the Inauguration, I'm not going to comment on those issues. All I know is I'm going to be there. [] So is Michelle. And I have been checking the weather, and I'm heartened by the fact that it won't be as cold as my first Inauguration—[]—because that was cold.Janet Rodriguez [Univision].'s Post-Presidency Plans/Immigration/Cuba-U.S. Relations",Ambivalent,"Classify how clearly the interview answer responds to the question.

Use exactly one of these labels: Clear Reply, Ambivalent, Clear Non-Reply.

Label definitions:
- Clear Reply: The answer directly and substantially addresses the question.
- Ambivalent: The answer only partially addresses the question, is vague, qualified, mixed, or leaves the response unclear.
- Clear Non-Reply: The answer clearly avoids, redirects, refuses, or otherwise does not answer the question.

Examples:
Example 1:
Question: Is ASEAN ready for the more advanced role in world affairs the U.S. would like to see it play?
Answer: I have not--I've been out of town, so I'm just seeing the press reports. I have not had a full briefing on Israel's intentions and what they've communicated to our administration. But this kind of activity is never helpful when it comes to peace negotiations. And I'm concerned that we're not seeing each side make the extra effort involved to get a breakthrough that could finally create a framework for a secure Israel living side and side--side by side in peace with a sovereign Palestine.We're going to keep on working on it, though, because it is in the world's interest, it is in the interest of the people of Israel, and it is in the interest of the Palestinian people to achieve that settlement, to achieve that agreement. But each of these incremental steps can end up breaking down trust between the parties.Even though it wasn't directed to me, I do want to just chime in briefly on the issue of China. We want China to succeed and prosper. It's good for the United States if China continues on the path of development that it's on.That means that, first of all, just from a humanitarian point of view, lifting millions of people out of poverty is a good thing. It is also a huge expanding market where America then can sell goods and services, and so we think China being prosperous and secure is a positive. And we're not interested in containing that process. We want China to continue to achieve its development goals.We do want to make sure that everybody is operating within an international framework and sets of rules in which countries recognize their responsibilities to each other. That's true for the United States. That's true for China. That's true for Indonesia. It's true for all of us. And the more that we have international mechanisms in which people say we have rights, we also have responsibilities, we're going to abide by them, we're going to hold each other accountable, the better off we'll all be. Yes, the views that I have of the future of our region, the region of Asia, including East Asia and Southeast Asia, all wish to have a region that is experiencing development, including economic development. This region should continue to be a region that is stable, a region that is peaceful and a region that is safe.In this regard, the community that is built upon in Asia, in East Asia also, and also a framework now through the East Asia summit framework, we have the responsibility to--in one area, to ensure that the cooperation in the region, especially in the area of economic cooperation, can contribute significantly to the development of the global economy that will bring benefit for all humanity.On the other spot of the coin, we also have the responsibility to ensure stability and security in our region. I am not using any theory or the theory of one power to counterbalance the other powers. But I do have the view that there must be some form of dynamic equilibrium in Asia-Pacific, in East and Southeast Asia. And the formation of such regional cooperation such that is East Asia summit, where there are 10 countries from ASEAN and there is also China, Republic of Korea, Japan, India, Australia, New Zealand, and now Russia and the United States, therefore, I have faith that it will be more effective to ensure peace, stability, and order in this region.And in this regard, with such a condition, such cooperation in the area of economic will go effectively, and it is Indonesia's hope that China and the U.S. relations will continue to flow well because if something happens between those two states, it will have severe impacts to not only countries in the region, in Asia, but also to the world.For that reason, I hope that the economic relations between the U.S. and China will continue to proceed well, despite the geopolitical developments. We also hope to contribute to creating a region in East Asia, in Southeast Asia, and especially in Asia-Pacific, to become a region that is stable and productive.That is my views in general on the regional architecture issues and the future cooperation in our region.Thank you very much.
Label: Clear Reply

Example 2:
Question: Possibility of court battle over actions on immigration extending late into the term, what can be done for the people affected by the program and now in limbo, and the view on the possibility of ending the term without accomplishing goals on immigration.
Answer: On Ukraine and Russia and Minsk, there is strong consensus that we need to keep pushing Russia to abide by the terms of the Minsk agreement; we need to continue to support and encourage Ukraine to meet its obligations under Minsk; that until that's completed, sanctions remain in place.There was discussion about additional steps that we might need to take if Russia, working through separatists, doubled down on aggression inside of Ukraine. We—those discussions are taking place at a technical level, not yet at a political level, because I think the first goal here going into a European Council meeting that's coming up is just rolling over the existing sanctions. But I think at a technical level, we want to be prepared.Our hope is, is that we don't have to take additional steps because the Minsk agreement is met. And I want to give enormous credit to Chancellor Merkel, along with President Hollande, who have shown extraordinary stick-to-itiveness and patience in trying to get that done.Ultimately, this is going to be an issue for Mr. Putin. He's got to make a decision: Does he continue to wreck his country's economy and continue Russia's isolation in pursuit of a wrongheaded desire to recreate the glories of the Soviet empire, or does he recognize that Russia's greatness does not depend on violating the territorial integrity and sovereignty of other countries?And as I mentioned earlier, the costs that the Russian people are bearing are severe. That's being felt. It may not always be understood why they're suffering, because of state media inside of Russia and propaganda coming out of state media in Russia and to Russian speakers. But the truth of the matter is, is that the Russian people would greatly benefit. And ironically, one of the rationales that Mr. Putin provided for his incursions into Ukraine was to protect Russian speakers there. Well, Russian speakers inside of Ukraine are precisely the ones who are bearing the brunt of the fighting. Their economy has collapsed. Their lives are disordered. Many of them are displaced. Their homes may have been destroyed. They're suffering. And the best way for them to stop suffering is if the Minsk agreement is fully implemented.Christi—oh, immigration. With respect to immigration, obviously, I'm frustrated by a district court ruling that now is wending its way through the appeals process. We are being as aggressive as we can legally to, first and foremost, appeal that ruling, and then to implement those elements of immigration executive actions that were not challenged in court.But obviously, the centerpiece, one of the key provisions for me was being able to get folks who are undocumented to go through a background check—criminal background check—pay back taxes, and then have a legal status. And that requires an entire administrative apparatus and us getting them to apply and come clean.I made a decision, which I think is the right one, that we should not accept applications until the legal status of this is clarified. I am absolutely convinced this is well within my legal authority, Department of Homeland Security's legal authority. If you look at the precedent, if you look at the traditional discretion that the executive branch possesses when it comes to applying immigration laws, I am convinced that what we're doing is lawful, and our lawyers are convinced that what we're doing is lawful.But the United States is a government of laws and separations of power, and when a—even if it's a individual district court judge who's making this determination, we've got to go through the process to challenge it. And until we get clarity there, I don't want to bring people in, have them apply and jump through a lot of hoops, only to have it deferred and delayed further.Of course, there's one really great way to solve this problem, and that would be Congress going ahead and acting, which would obviate the need for executive actions. The majority of the American people, I think, still want to see that happen. I suspect it will be a major topic of the next Presidential campaign.And so we will continue to push as hard as we can on all fronts to fix a broken immigration system. Administratively, we'll be prepared if and when we get the kind of ruling that I think we should have gotten in the first place about our authorities to go ahead and implement. But ultimately, this has never fully replaced the need for Congress to act. And my hope is, is that after a number of the other issues that we're working on currently get cleared, that there—some quiet conversations start up—back up again, particularly in the Republican Party, about the shortsighted approach that they're taking when it comes to immigration.Okay. Christi Parsons [Los Angeles Times].
Label: Ambivalent

Example 3:
Question: Reconciliation of commuting Manning's sentence with WikiLeaks' connection to Russia's hacking in the last year's election:
Answer: Well, first of all, let's be clear: Chelsea Manning has served a tough prison sentence. So the notion that the average person who was thinking about disclosing vital, classified information would think that it goes unpunished I don't think would get that impression from the sentence that Chelsea Manning has served.It has been my view that given she went to trial, that due process was carried out, that she took responsibility for her crime, that the sentence that she received was very disproportional—disproportionate relative to what other leakers had received, and that she had served a significant amount of time, that it made it sense to commute and not pardon her sentence.And I feel very comfortable that justice has been served and that a message has still been sent that when it comes to our national security, that wherever possible, we need folks who may have legitimate concerns about the actions of Government or their superiors or the agencies in which they work, that they try to work through the established channels and avail themselves of the whistleblower protections that had been put in place.I recognize that there's some folks who think they're not enough, and I think all of us, when we're working in big institutions, may find ourselves at times at odds with policies that are set. But when it comes to national security, we're often dealing with people in the field whose lives may be put at risk or the safety and security and the ability of our military or our intelligence teams or Embassies to function effectively. And that has to be kept in mind.So with respect to WikiLeaks, I don't see a contradiction. First of all, I haven't commented on WikiLeaks, generally. The conclusions of the intelligence community with respect to the Russian hacking were not conclusive as to whether WikiLeaks was witting or not in being the conduit through which we heard about the DNC e-mails that were leaked. I don't pay a lot of attention to Mr. Assange's tweets, so that wasn't a consideration in this instance. And I'd refer you to the Justice Department for any criminal investigations, indictments, extradition issues that may come up with him.What I can say broadly is that, in this new cyber age, we're going to have to make sure that we continually work to find the right balance of accountability and openness and transparency that is the hallmark of our democracy, but also recognize that there are adversaries and bad actors out there who want to use that same openness in ways that hurt us, whether that's in trying to commit financial crimes or trying to commit acts of terrorism or folks who want to interfere with our elections.And we're going to have to continually build the kind of architecture that makes sure our—the best of our democracy is preserved; that our national security and intelligence agencies have the ability to carry out policy without advertising to our adversaries what it is that we're doing, but do so in a way that still keeps citizens up to speed on what their Government is doing on their behalf.But with respect to Chelsea Manning, I looked at the particulars of this case the same way I have for the other commutations and pardons that I've done, and I felt that in light of all the circumstances that commuting her sentence was entirely appropriate.Margaret Brennan [CBS News].
Label: Clear Non-Reply

Instance to classify:
Question: Do you support the decision of more than five dozen Democrats to boycott the Inauguration of the incoming President?
Answer: Well, I won't go into details of my conversations with President-elect Trump. As I've said before, they are cordial. At times, they've been fairly lengthy, and they've been substantive. I can't tell you how convincing I've been. I think you'd have to ask him whether I've been convincing or not.I have offered my best advice, counsel about certain issues both foreign and domestic. And my working assumption is, is that having won an election opposed to a number of my initiatives and certain aspects of my vision for where the country needs to go, it is appropriate for him to go forward with his vision and his values. And I don't expect that there's going to be enormous overlap.It may be that on certain issues, once he comes into office and he looks at the complexities of how to, in fact, provide health care for everybody—something he says he wants to do—or wants to make sure that he is encouraging job creation and wage growth in this country, that that may lead him to some of the same conclusions that I arrived at once I got here.But I don't think we'll know until he has an actual chance to get sworn in and sit behind that desk. And I think a lot of his views are going to be shaped by his advisers, the people around him, which is why it's important to pay attention to these confirmation hearings.I can tell you that—and this is something I have told him—that this is a job of such magnitude that you can't do it by yourself. You are enormously reliant on a team: your Cabinet, your senior White House staff, all the way to fairly junior folks in their twenties and thirties, but who are executing on significant responsibilities.And so how you put a team together to make sure that they're getting you the best information and they are teeing up the options from which you will ultimately make decisions, that's probably the most useful advice, the most constructive advice that I've been able to give him. That if you find yourself isolated because the process breaks down, or if you're only hearing from people who agree with you on everything, or if you haven't created a process that is fact-checking and probing and asking hard questions about policies or promises that you've made, that's when you start making mistakes. And as I indicated in some of my previous remarks, reality has a way of biting back if you're not paying attention to it.With respect to the Inauguration, I'm not going to comment on those issues. All I know is I'm going to be there. [] So is Michelle. And I have been checking the weather, and I'm heartened by the fact that it won't be as cold as my first Inauguration—[]—because that was cold.Janet Rodriguez [Univision].'s Post-Presidency Plans/Immigration/Cuba-U.S. Relations

Decide the label from the answer's responsiveness to the question. Do not output explanations.

Return valid JSON only: {""label"": ""<Clear Reply | Ambivalent | Clear Non-Reply>""}","{""label"": ""Clear Reply""}",Clear Reply,True,json,,
12,What would you like to return with to Afghanistan?,"Oh, no. Please.[.] Our expectations were that our cooperation will be enhanced and we will have a clear vision and practical vision for cooperation—for an enduring cooperation with the United States be there. And this change of environment has occurred, and today, the United States Government and—considers the Government of Afghanistan a really reliable partner.Commitments that are made are considerable, and the funding proposal of supporting Afghan security forces by 2017 and it has reached to $4.1 billion. It's nothing less—it's a significant issue, it's a very important issue.And also, yesterday there was a new framework of our economic cooperation was laid out, according to which $800 million were made—a commitment were made, those will be spent through the Afghan budget. But most importantly is the flexibility that has been shown in the area of security cooperation. And this flexibility is going to ensure and provide confidence to our security forces and our people and also is going to send a very strong message to the region that this cooperation is not short term, but is enduring and long term. . Our strategic partnership is based on a very simple principle. We want the Afghan people, through their security forces directed by their President and Commander in Chief, to be able to provide for their own security. And our goal is to make sure that we are a strong partner in helping to build and sustain effective Afghan security forces.So, from the start, when I first came into office, we put additional U.S. troops, coalition troops, and resources into Afghanistan to shift momentum at a time when the Taliban and the enemies of peace and stability inside of Afghanistan, I think, were moving and had momentum.We broke that momentum, elections took place, and the Afghan National Security Forces began to build up and get trained and become more and more effective. And because of a successful election and a national unity Government and the leadership of President Ghani and Dr. Abdullah, we are now in a position where the Afghan security forces are not only more effective, but they're also better directed by the civilian Government.We've been able to draw down and remove ourselves from a combat role, as doctor—as President Ghani indicated, without collapse, as was predicted. And Afghan soldiers have fought, and they've fought well. And obviously, there are still improvements to be made, but they're making significant progress.So the strategic partnership involves us continuing to help support Afghan security forces. That means financially. The international community is going to have to continue to provide assistance to the Afghan Government, which is carrying a significant security load not only for itself, but for the region and, in some ways, the world. And we've made a commitment to do that.We're going to continue to provide the kind of security cooperation and support that is required—training, assisting, advising, helping on logistics, helping on developing enabler capacity—all the things that go into a modern military, a professional military, a professional police force that can provide security on Afghan soil by Afghans.And the cooperation and the strategic partnership involves building up the prosperity and opportunities for the Afghan people through the economic development that was mentioned by the President.So we intend to be working with the Afghan Government and the Afghan people for a long time. And in many ways, our troop presence, our military assistance is just one component of what is a much larger process. And the more successful we are in building Afghan capacity and strengthening the Afghan economy, the more the strategic partnership that we have will be like the partnership that we have with many countries around the world. And it will be based on mutual interest and scientific and educational exchanges and business opportunities and commerce and trade. And that, I think, is the goal that we're all looking for.Josh Lederman [Associated Press].",Clear Reply,"Classify how clearly the interview answer responds to the question.

Use exactly one of these labels: Clear Reply, Ambivalent, Clear Non-Reply.

Label definitions:
- Clear Reply: The answer directly and substantially addresses the question.
- Ambivalent: The answer only partially addresses the question, is vague, qualified, mixed, or leaves the response unclear.
- Clear Non-Reply: The answer clearly avoids, redirects, refuses, or otherwise does not answer the question.

Examples:
Example 1:
Question: Is ASEAN ready for the more advanced role in world affairs the U.S. would like to see it play?
Answer: I have not--I've been out of town, so I'm just seeing the press reports. I have not had a full briefing on Israel's intentions and what they've communicated to our administration. But this kind of activity is never helpful when it comes to peace negotiations. And I'm concerned that we're not seeing each side make the extra effort involved to get a breakthrough that could finally create a framework for a secure Israel living side and side--side by side in peace with a sovereign Palestine.We're going to keep on working on it, though, because it is in the world's interest, it is in the interest of the people of Israel, and it is in the interest of the Palestinian people to achieve that settlement, to achieve that agreement. But each of these incremental steps can end up breaking down trust between the parties.Even though it wasn't directed to me, I do want to just chime in briefly on the issue of China. We want China to succeed and prosper. It's good for the United States if China continues on the path of development that it's on.That means that, first of all, just from a humanitarian point of view, lifting millions of people out of poverty is a good thing. It is also a huge expanding market where America then can sell goods and services, and so we think China being prosperous and secure is a positive. And we're not interested in containing that process. We want China to continue to achieve its development goals.We do want to make sure that everybody is operating within an international framework and sets of rules in which countries recognize their responsibilities to each other. That's true for the United States. That's true for China. That's true for Indonesia. It's true for all of us. And the more that we have international mechanisms in which people say we have rights, we also have responsibilities, we're going to abide by them, we're going to hold each other accountable, the better off we'll all be. Yes, the views that I have of the future of our region, the region of Asia, including East Asia and Southeast Asia, all wish to have a region that is experiencing development, including economic development. This region should continue to be a region that is stable, a region that is peaceful and a region that is safe.In this regard, the community that is built upon in Asia, in East Asia also, and also a framework now through the East Asia summit framework, we have the responsibility to--in one area, to ensure that the cooperation in the region, especially in the area of economic cooperation, can contribute significantly to the development of the global economy that will bring benefit for all humanity.On the other spot of the coin, we also have the responsibility to ensure stability and security in our region. I am not using any theory or the theory of one power to counterbalance the other powers. But I do have the view that there must be some form of dynamic equilibrium in Asia-Pacific, in East and Southeast Asia. And the formation of such regional cooperation such that is East Asia summit, where there are 10 countries from ASEAN and there is also China, Republic of Korea, Japan, India, Australia, New Zealand, and now Russia and the United States, therefore, I have faith that it will be more effective to ensure peace, stability, and order in this region.And in this regard, with such a condition, such cooperation in the area of economic will go effectively, and it is Indonesia's hope that China and the U.S. relations will continue to flow well because if something happens between those two states, it will have severe impacts to not only countries in the region, in Asia, but also to the world.For that reason, I hope that the economic relations between the U.S. and China will continue to proceed well, despite the geopolitical developments. We also hope to contribute to creating a region in East Asia, in Southeast Asia, and especially in Asia-Pacific, to become a region that is stable and productive.That is my views in general on the regional architecture issues and the future cooperation in our region.Thank you very much.
Label: Clear Reply

Example 2:
Question: Possibility of court battle over actions on immigration extending late into the term, what can be done for the people affected by the program and now in limbo, and the view on the possibility of ending the term without accomplishing goals on immigration.
Answer: On Ukraine and Russia and Minsk, there is strong consensus that we need to keep pushing Russia to abide by the terms of the Minsk agreement; we need to continue to support and encourage Ukraine to meet its obligations under Minsk; that until that's completed, sanctions remain in place.There was discussion about additional steps that we might need to take if Russia, working through separatists, doubled down on aggression inside of Ukraine. We—those discussions are taking place at a technical level, not yet at a political level, because I think the first goal here going into a European Council meeting that's coming up is just rolling over the existing sanctions. But I think at a technical level, we want to be prepared.Our hope is, is that we don't have to take additional steps because the Minsk agreement is met. And I want to give enormous credit to Chancellor Merkel, along with President Hollande, who have shown extraordinary stick-to-itiveness and patience in trying to get that done.Ultimately, this is going to be an issue for Mr. Putin. He's got to make a decision: Does he continue to wreck his country's economy and continue Russia's isolation in pursuit of a wrongheaded desire to recreate the glories of the Soviet empire, or does he recognize that Russia's greatness does not depend on violating the territorial integrity and sovereignty of other countries?And as I mentioned earlier, the costs that the Russian people are bearing are severe. That's being felt. It may not always be understood why they're suffering, because of state media inside of Russia and propaganda coming out of state media in Russia and to Russian speakers. But the truth of the matter is, is that the Russian people would greatly benefit. And ironically, one of the rationales that Mr. Putin provided for his incursions into Ukraine was to protect Russian speakers there. Well, Russian speakers inside of Ukraine are precisely the ones who are bearing the brunt of the fighting. Their economy has collapsed. Their lives are disordered. Many of them are displaced. Their homes may have been destroyed. They're suffering. And the best way for them to stop suffering is if the Minsk agreement is fully implemented.Christi—oh, immigration. With respect to immigration, obviously, I'm frustrated by a district court ruling that now is wending its way through the appeals process. We are being as aggressive as we can legally to, first and foremost, appeal that ruling, and then to implement those elements of immigration executive actions that were not challenged in court.But obviously, the centerpiece, one of the key provisions for me was being able to get folks who are undocumented to go through a background check—criminal background check—pay back taxes, and then have a legal status. And that requires an entire administrative apparatus and us getting them to apply and come clean.I made a decision, which I think is the right one, that we should not accept applications until the legal status of this is clarified. I am absolutely convinced this is well within my legal authority, Department of Homeland Security's legal authority. If you look at the precedent, if you look at the traditional discretion that the executive branch possesses when it comes to applying immigration laws, I am convinced that what we're doing is lawful, and our lawyers are convinced that what we're doing is lawful.But the United States is a government of laws and separations of power, and when a—even if it's a individual district court judge who's making this determination, we've got to go through the process to challenge it. And until we get clarity there, I don't want to bring people in, have them apply and jump through a lot of hoops, only to have it deferred and delayed further.Of course, there's one really great way to solve this problem, and that would be Congress going ahead and acting, which would obviate the need for executive actions. The majority of the American people, I think, still want to see that happen. I suspect it will be a major topic of the next Presidential campaign.And so we will continue to push as hard as we can on all fronts to fix a broken immigration system. Administratively, we'll be prepared if and when we get the kind of ruling that I think we should have gotten in the first place about our authorities to go ahead and implement. But ultimately, this has never fully replaced the need for Congress to act. And my hope is, is that after a number of the other issues that we're working on currently get cleared, that there—some quiet conversations start up—back up again, particularly in the Republican Party, about the shortsighted approach that they're taking when it comes to immigration.Okay. Christi Parsons [Los Angeles Times].
Label: Ambivalent

Example 3:
Question: Reconciliation of commuting Manning's sentence with WikiLeaks' connection to Russia's hacking in the last year's election:
Answer: Well, first of all, let's be clear: Chelsea Manning has served a tough prison sentence. So the notion that the average person who was thinking about disclosing vital, classified information would think that it goes unpunished I don't think would get that impression from the sentence that Chelsea Manning has served.It has been my view that given she went to trial, that due process was carried out, that she took responsibility for her crime, that the sentence that she received was very disproportional—disproportionate relative to what other leakers had received, and that she had served a significant amount of time, that it made it sense to commute and not pardon her sentence.And I feel very comfortable that justice has been served and that a message has still been sent that when it comes to our national security, that wherever possible, we need folks who may have legitimate concerns about the actions of Government or their superiors or the agencies in which they work, that they try to work through the established channels and avail themselves of the whistleblower protections that had been put in place.I recognize that there's some folks who think they're not enough, and I think all of us, when we're working in big institutions, may find ourselves at times at odds with policies that are set. But when it comes to national security, we're often dealing with people in the field whose lives may be put at risk or the safety and security and the ability of our military or our intelligence teams or Embassies to function effectively. And that has to be kept in mind.So with respect to WikiLeaks, I don't see a contradiction. First of all, I haven't commented on WikiLeaks, generally. The conclusions of the intelligence community with respect to the Russian hacking were not conclusive as to whether WikiLeaks was witting or not in being the conduit through which we heard about the DNC e-mails that were leaked. I don't pay a lot of attention to Mr. Assange's tweets, so that wasn't a consideration in this instance. And I'd refer you to the Justice Department for any criminal investigations, indictments, extradition issues that may come up with him.What I can say broadly is that, in this new cyber age, we're going to have to make sure that we continually work to find the right balance of accountability and openness and transparency that is the hallmark of our democracy, but also recognize that there are adversaries and bad actors out there who want to use that same openness in ways that hurt us, whether that's in trying to commit financial crimes or trying to commit acts of terrorism or folks who want to interfere with our elections.And we're going to have to continually build the kind of architecture that makes sure our—the best of our democracy is preserved; that our national security and intelligence agencies have the ability to carry out policy without advertising to our adversaries what it is that we're doing, but do so in a way that still keeps citizens up to speed on what their Government is doing on their behalf.But with respect to Chelsea Manning, I looked at the particulars of this case the same way I have for the other commutations and pardons that I've done, and I felt that in light of all the circumstances that commuting her sentence was entirely appropriate.Margaret Brennan [CBS News].
Label: Clear Non-Reply

Instance to classify:
Question: What would you like to return with to Afghanistan?
Answer: Oh, no. Please.[.] Our expectations were that our cooperation will be enhanced and we will have a clear vision and practical vision for cooperation—for an enduring cooperation with the United States be there. And this change of environment has occurred, and today, the United States Government and—considers the Government of Afghanistan a really reliable partner.Commitments that are made are considerable, and the funding proposal of supporting Afghan security forces by 2017 and it has reached to $4.1 billion. It's nothing less—it's a significant issue, it's a very important issue.And also, yesterday there was a new framework of our economic cooperation was laid out, according to which $800 million were made—a commitment were made, those will be spent through the Afghan budget. But most importantly is the flexibility that has been shown in the area of security cooperation. And this flexibility is going to ensure and provide confidence to our security forces and our people and also is going to send a very strong message to the region that this cooperation is not short term, but is enduring and long term. . Our strategic partnership is based on a very simple principle. We want the Afghan people, through their security forces directed by their President and Commander in Chief, to be able to provide for their own security. And our goal is to make sure that we are a strong partner in helping to build and sustain effective Afghan security forces.So, from the start, when I first came into office, we put additional U.S. troops, coalition troops, and resources into Afghanistan to shift momentum at a time when the Taliban and the enemies of peace and stability inside of Afghanistan, I think, were moving and had momentum.We broke that momentum, elections took place, and the Afghan National Security Forces began to build up and get trained and become more and more effective. And because of a successful election and a national unity Government and the leadership of President Ghani and Dr. Abdullah, we are now in a position where the Afghan security forces are not only more effective, but they're also better directed by the civilian Government.We've been able to draw down and remove ourselves from a combat role, as doctor—as President Ghani indicated, without collapse, as was predicted. And Afghan soldiers have fought, and they've fought well. And obviously, there are still improvements to be made, but they're making significant progress.So the strategic partnership involves us continuing to help support Afghan security forces. That means financially. The international community is going to have to continue to provide assistance to the Afghan Government, which is carrying a significant security load not only for itself, but for the region and, in some ways, the world. And we've made a commitment to do that.We're going to continue to provide the kind of security cooperation and support that is required—training, assisting, advising, helping on logistics, helping on developing enabler capacity—all the things that go into a modern military, a professional military, a professional police force that can provide security on Afghan soil by Afghans.And the cooperation and the strategic partnership involves building up the prosperity and opportunities for the Afghan people through the economic development that was mentioned by the President.So we intend to be working with the Afghan Government and the Afghan people for a long time. And in many ways, our troop presence, our military assistance is just one component of what is a much larger process. And the more successful we are in building Afghan capacity and strengthening the Afghan economy, the more the strategic partnership that we have will be like the partnership that we have with many countries around the world. And it will be based on mutual interest and scientific and educational exchanges and business opportunities and commerce and trade. And that, I think, is the goal that we're all looking for.Josh Lederman [Associated Press].

Decide the label from the answer's responsiveness to the question. Do not output explanations.

Return valid JSON only: {""label"": ""<Clear Reply | Ambivalent | Clear Non-Reply>""}","{""label"": ""Clear Reply""}",Clear Reply,True,json,,
13,Does that wording mean that you are thinking about—you're looking at breaking the package up into individual portions?,"No, look, first of all, on the last part of the question: The Supreme Court decision, I think, was a mistake. But you still see thousands and thousands of people who work for major corporations having to be tested as a consequence of the decision made by the corporation and not by the standard I set that is there. I think you'll see that increase, not decrease, number one.What was the first part of your question?",Clear Non-Reply,"Classify how clearly the interview answer responds to the question.

Use exactly one of these labels: Clear Reply, Ambivalent, Clear Non-Reply.

Label definitions:
- Clear Reply: The answer directly and substantially addresses the question.
- Ambivalent: The answer only partially addresses the question, is vague, qualified, mixed, or leaves the response unclear.
- Clear Non-Reply: The answer clearly avoids, redirects, refuses, or otherwise does not answer the question.

Examples:
Example 1:
Question: Is ASEAN ready for the more advanced role in world affairs the U.S. would like to see it play?
Answer: I have not--I've been out of town, so I'm just seeing the press reports. I have not had a full briefing on Israel's intentions and what they've communicated to our administration. But this kind of activity is never helpful when it comes to peace negotiations. And I'm concerned that we're not seeing each side make the extra effort involved to get a breakthrough that could finally create a framework for a secure Israel living side and side--side by side in peace with a sovereign Palestine.We're going to keep on working on it, though, because it is in the world's interest, it is in the interest of the people of Israel, and it is in the interest of the Palestinian people to achieve that settlement, to achieve that agreement. But each of these incremental steps can end up breaking down trust between the parties.Even though it wasn't directed to me, I do want to just chime in briefly on the issue of China. We want China to succeed and prosper. It's good for the United States if China continues on the path of development that it's on.That means that, first of all, just from a humanitarian point of view, lifting millions of people out of poverty is a good thing. It is also a huge expanding market where America then can sell goods and services, and so we think China being prosperous and secure is a positive. And we're not interested in containing that process. We want China to continue to achieve its development goals.We do want to make sure that everybody is operating within an international framework and sets of rules in which countries recognize their responsibilities to each other. That's true for the United States. That's true for China. That's true for Indonesia. It's true for all of us. And the more that we have international mechanisms in which people say we have rights, we also have responsibilities, we're going to abide by them, we're going to hold each other accountable, the better off we'll all be. Yes, the views that I have of the future of our region, the region of Asia, including East Asia and Southeast Asia, all wish to have a region that is experiencing development, including economic development. This region should continue to be a region that is stable, a region that is peaceful and a region that is safe.In this regard, the community that is built upon in Asia, in East Asia also, and also a framework now through the East Asia summit framework, we have the responsibility to--in one area, to ensure that the cooperation in the region, especially in the area of economic cooperation, can contribute significantly to the development of the global economy that will bring benefit for all humanity.On the other spot of the coin, we also have the responsibility to ensure stability and security in our region. I am not using any theory or the theory of one power to counterbalance the other powers. But I do have the view that there must be some form of dynamic equilibrium in Asia-Pacific, in East and Southeast Asia. And the formation of such regional cooperation such that is East Asia summit, where there are 10 countries from ASEAN and there is also China, Republic of Korea, Japan, India, Australia, New Zealand, and now Russia and the United States, therefore, I have faith that it will be more effective to ensure peace, stability, and order in this region.And in this regard, with such a condition, such cooperation in the area of economic will go effectively, and it is Indonesia's hope that China and the U.S. relations will continue to flow well because if something happens between those two states, it will have severe impacts to not only countries in the region, in Asia, but also to the world.For that reason, I hope that the economic relations between the U.S. and China will continue to proceed well, despite the geopolitical developments. We also hope to contribute to creating a region in East Asia, in Southeast Asia, and especially in Asia-Pacific, to become a region that is stable and productive.That is my views in general on the regional architecture issues and the future cooperation in our region.Thank you very much.
Label: Clear Reply

Example 2:
Question: Possibility of court battle over actions on immigration extending late into the term, what can be done for the people affected by the program and now in limbo, and the view on the possibility of ending the term without accomplishing goals on immigration.
Answer: On Ukraine and Russia and Minsk, there is strong consensus that we need to keep pushing Russia to abide by the terms of the Minsk agreement; we need to continue to support and encourage Ukraine to meet its obligations under Minsk; that until that's completed, sanctions remain in place.There was discussion about additional steps that we might need to take if Russia, working through separatists, doubled down on aggression inside of Ukraine. We—those discussions are taking place at a technical level, not yet at a political level, because I think the first goal here going into a European Council meeting that's coming up is just rolling over the existing sanctions. But I think at a technical level, we want to be prepared.Our hope is, is that we don't have to take additional steps because the Minsk agreement is met. And I want to give enormous credit to Chancellor Merkel, along with President Hollande, who have shown extraordinary stick-to-itiveness and patience in trying to get that done.Ultimately, this is going to be an issue for Mr. Putin. He's got to make a decision: Does he continue to wreck his country's economy and continue Russia's isolation in pursuit of a wrongheaded desire to recreate the glories of the Soviet empire, or does he recognize that Russia's greatness does not depend on violating the territorial integrity and sovereignty of other countries?And as I mentioned earlier, the costs that the Russian people are bearing are severe. That's being felt. It may not always be understood why they're suffering, because of state media inside of Russia and propaganda coming out of state media in Russia and to Russian speakers. But the truth of the matter is, is that the Russian people would greatly benefit. And ironically, one of the rationales that Mr. Putin provided for his incursions into Ukraine was to protect Russian speakers there. Well, Russian speakers inside of Ukraine are precisely the ones who are bearing the brunt of the fighting. Their economy has collapsed. Their lives are disordered. Many of them are displaced. Their homes may have been destroyed. They're suffering. And the best way for them to stop suffering is if the Minsk agreement is fully implemented.Christi—oh, immigration. With respect to immigration, obviously, I'm frustrated by a district court ruling that now is wending its way through the appeals process. We are being as aggressive as we can legally to, first and foremost, appeal that ruling, and then to implement those elements of immigration executive actions that were not challenged in court.But obviously, the centerpiece, one of the key provisions for me was being able to get folks who are undocumented to go through a background check—criminal background check—pay back taxes, and then have a legal status. And that requires an entire administrative apparatus and us getting them to apply and come clean.I made a decision, which I think is the right one, that we should not accept applications until the legal status of this is clarified. I am absolutely convinced this is well within my legal authority, Department of Homeland Security's legal authority. If you look at the precedent, if you look at the traditional discretion that the executive branch possesses when it comes to applying immigration laws, I am convinced that what we're doing is lawful, and our lawyers are convinced that what we're doing is lawful.But the United States is a government of laws and separations of power, and when a—even if it's a individual district court judge who's making this determination, we've got to go through the process to challenge it. And until we get clarity there, I don't want to bring people in, have them apply and jump through a lot of hoops, only to have it deferred and delayed further.Of course, there's one really great way to solve this problem, and that would be Congress going ahead and acting, which would obviate the need for executive actions. The majority of the American people, I think, still want to see that happen. I suspect it will be a major topic of the next Presidential campaign.And so we will continue to push as hard as we can on all fronts to fix a broken immigration system. Administratively, we'll be prepared if and when we get the kind of ruling that I think we should have gotten in the first place about our authorities to go ahead and implement. But ultimately, this has never fully replaced the need for Congress to act. And my hope is, is that after a number of the other issues that we're working on currently get cleared, that there—some quiet conversations start up—back up again, particularly in the Republican Party, about the shortsighted approach that they're taking when it comes to immigration.Okay. Christi Parsons [Los Angeles Times].
Label: Ambivalent

Example 3:
Question: Reconciliation of commuting Manning's sentence with WikiLeaks' connection to Russia's hacking in the last year's election:
Answer: Well, first of all, let's be clear: Chelsea Manning has served a tough prison sentence. So the notion that the average person who was thinking about disclosing vital, classified information would think that it goes unpunished I don't think would get that impression from the sentence that Chelsea Manning has served.It has been my view that given she went to trial, that due process was carried out, that she took responsibility for her crime, that the sentence that she received was very disproportional—disproportionate relative to what other leakers had received, and that she had served a significant amount of time, that it made it sense to commute and not pardon her sentence.And I feel very comfortable that justice has been served and that a message has still been sent that when it comes to our national security, that wherever possible, we need folks who may have legitimate concerns about the actions of Government or their superiors or the agencies in which they work, that they try to work through the established channels and avail themselves of the whistleblower protections that had been put in place.I recognize that there's some folks who think they're not enough, and I think all of us, when we're working in big institutions, may find ourselves at times at odds with policies that are set. But when it comes to national security, we're often dealing with people in the field whose lives may be put at risk or the safety and security and the ability of our military or our intelligence teams or Embassies to function effectively. And that has to be kept in mind.So with respect to WikiLeaks, I don't see a contradiction. First of all, I haven't commented on WikiLeaks, generally. The conclusions of the intelligence community with respect to the Russian hacking were not conclusive as to whether WikiLeaks was witting or not in being the conduit through which we heard about the DNC e-mails that were leaked. I don't pay a lot of attention to Mr. Assange's tweets, so that wasn't a consideration in this instance. And I'd refer you to the Justice Department for any criminal investigations, indictments, extradition issues that may come up with him.What I can say broadly is that, in this new cyber age, we're going to have to make sure that we continually work to find the right balance of accountability and openness and transparency that is the hallmark of our democracy, but also recognize that there are adversaries and bad actors out there who want to use that same openness in ways that hurt us, whether that's in trying to commit financial crimes or trying to commit acts of terrorism or folks who want to interfere with our elections.And we're going to have to continually build the kind of architecture that makes sure our—the best of our democracy is preserved; that our national security and intelligence agencies have the ability to carry out policy without advertising to our adversaries what it is that we're doing, but do so in a way that still keeps citizens up to speed on what their Government is doing on their behalf.But with respect to Chelsea Manning, I looked at the particulars of this case the same way I have for the other commutations and pardons that I've done, and I felt that in light of all the circumstances that commuting her sentence was entirely appropriate.Margaret Brennan [CBS News].
Label: Clear Non-Reply

Instance to classify:
Question: Does that wording mean that you are thinking about—you're looking at breaking the package up into individual portions?
Answer: No, look, first of all, on the last part of the question: The Supreme Court decision, I think, was a mistake. But you still see thousands and thousands of people who work for major corporations having to be tested as a consequence of the decision made by the corporation and not by the standard I set that is there. I think you'll see that increase, not decrease, number one.What was the first part of your question?

Decide the label from the answer's responsiveness to the question. Do not output explanations.

Return valid JSON only: {""label"": ""<Clear Reply | Ambivalent | Clear Non-Reply>""}","{""label"": ""Clear Reply""}",Clear Reply,True,json,,
14,Actions to ensure certain events do not happen.,"Well, you have a lot of actions we can take, including the—including the increase. You know, right now people don't know: China is paying a lot of tariffs. We made a China deal, and they bought just—I think the third highest amount of corn ever in our—in world history. They just bought from us the highest amount, which is great for our farmers. But I view it differently than I did before I made the deal. When I made the deal, I thought this was a great deal. After what happened to us—what happened to the world, coming from China—I view it much differently. But we can impose massive tariffs on China if we want—and other countries, if we want. And we'll see. We just want to be treated fairly. We want a level playing field. Our farmers were never treated properly by anybody, and they were targeted by China.You know, I paid our farmers $28 billion over a 2-year period because they were targeted to that amount of money—to that exact amount of money: $28 [billion]*. It was $16 billion, and it was $12 billion—$28 [billion]* over a 2-year period. And we gave $28 billion to our farmers. That's why they're all here.And now they're doing very well. Our farmers are doing very well because we made really great trade deals. USMCA just kicked in. The China deal, they're buying a lot. They are buying a lot. I will say that: They're buying a lot. A lot of people ask, How are they doing on the trade deal? They're buying a lot.So I want to thank everybody, and we'll be having these conferences again.I—we're going to be signing an immigration act very soon; it's going to be based on merit. It's going to be very strong. We're going to work on DACA because we want to make people happy. And I'll tell you, even conservative Republicans want to see something happen with DACA.The Democrats had their chance for 3 years to do something with DACA, and they always turned it down. They always turned it down. They used it as politics. I'm using it to get something done.But we'll be signing a very powerful immigration act. It will be great. It will be merit-based. The country has tried to get it for 25 or 30 years. It will be strong on the border, but you'll come in legally, and you'll be able to come in legally.And very importantly, we'll be taking care of people from DACA in a very Republican way. A Republicans—I've spoken to many Republicans, and some would like to leave it out, but, really, they understand that it's the right thing to do.So we're going to be taking care of DACA. We will be doing for DACA what the Democrats had a chance to do and they never did it. Okay?Thank you all very much.",Ambivalent,"Classify how clearly the interview answer responds to the question.

Use exactly one of these labels: Clear Reply, Ambivalent, Clear Non-Reply.

Label definitions:
- Clear Reply: The answer directly and substantially addresses the question.
- Ambivalent: The answer only partially addresses the question, is vague, qualified, mixed, or leaves the response unclear.
- Clear Non-Reply: The answer clearly avoids, redirects, refuses, or otherwise does not answer the question.

Examples:
Example 1:
Question: Is ASEAN ready for the more advanced role in world affairs the U.S. would like to see it play?
Answer: I have not--I've been out of town, so I'm just seeing the press reports. I have not had a full briefing on Israel's intentions and what they've communicated to our administration. But this kind of activity is never helpful when it comes to peace negotiations. And I'm concerned that we're not seeing each side make the extra effort involved to get a breakthrough that could finally create a framework for a secure Israel living side and side--side by side in peace with a sovereign Palestine.We're going to keep on working on it, though, because it is in the world's interest, it is in the interest of the people of Israel, and it is in the interest of the Palestinian people to achieve that settlement, to achieve that agreement. But each of these incremental steps can end up breaking down trust between the parties.Even though it wasn't directed to me, I do want to just chime in briefly on the issue of China. We want China to succeed and prosper. It's good for the United States if China continues on the path of development that it's on.That means that, first of all, just from a humanitarian point of view, lifting millions of people out of poverty is a good thing. It is also a huge expanding market where America then can sell goods and services, and so we think China being prosperous and secure is a positive. And we're not interested in containing that process. We want China to continue to achieve its development goals.We do want to make sure that everybody is operating within an international framework and sets of rules in which countries recognize their responsibilities to each other. That's true for the United States. That's true for China. That's true for Indonesia. It's true for all of us. And the more that we have international mechanisms in which people say we have rights, we also have responsibilities, we're going to abide by them, we're going to hold each other accountable, the better off we'll all be. Yes, the views that I have of the future of our region, the region of Asia, including East Asia and Southeast Asia, all wish to have a region that is experiencing development, including economic development. This region should continue to be a region that is stable, a region that is peaceful and a region that is safe.In this regard, the community that is built upon in Asia, in East Asia also, and also a framework now through the East Asia summit framework, we have the responsibility to--in one area, to ensure that the cooperation in the region, especially in the area of economic cooperation, can contribute significantly to the development of the global economy that will bring benefit for all humanity.On the other spot of the coin, we also have the responsibility to ensure stability and security in our region. I am not using any theory or the theory of one power to counterbalance the other powers. But I do have the view that there must be some form of dynamic equilibrium in Asia-Pacific, in East and Southeast Asia. And the formation of such regional cooperation such that is East Asia summit, where there are 10 countries from ASEAN and there is also China, Republic of Korea, Japan, India, Australia, New Zealand, and now Russia and the United States, therefore, I have faith that it will be more effective to ensure peace, stability, and order in this region.And in this regard, with such a condition, such cooperation in the area of economic will go effectively, and it is Indonesia's hope that China and the U.S. relations will continue to flow well because if something happens between those two states, it will have severe impacts to not only countries in the region, in Asia, but also to the world.For that reason, I hope that the economic relations between the U.S. and China will continue to proceed well, despite the geopolitical developments. We also hope to contribute to creating a region in East Asia, in Southeast Asia, and especially in Asia-Pacific, to become a region that is stable and productive.That is my views in general on the regional architecture issues and the future cooperation in our region.Thank you very much.
Label: Clear Reply

Example 2:
Question: Possibility of court battle over actions on immigration extending late into the term, what can be done for the people affected by the program and now in limbo, and the view on the possibility of ending the term without accomplishing goals on immigration.
Answer: On Ukraine and Russia and Minsk, there is strong consensus that we need to keep pushing Russia to abide by the terms of the Minsk agreement; we need to continue to support and encourage Ukraine to meet its obligations under Minsk; that until that's completed, sanctions remain in place.There was discussion about additional steps that we might need to take if Russia, working through separatists, doubled down on aggression inside of Ukraine. We—those discussions are taking place at a technical level, not yet at a political level, because I think the first goal here going into a European Council meeting that's coming up is just rolling over the existing sanctions. But I think at a technical level, we want to be prepared.Our hope is, is that we don't have to take additional steps because the Minsk agreement is met. And I want to give enormous credit to Chancellor Merkel, along with President Hollande, who have shown extraordinary stick-to-itiveness and patience in trying to get that done.Ultimately, this is going to be an issue for Mr. Putin. He's got to make a decision: Does he continue to wreck his country's economy and continue Russia's isolation in pursuit of a wrongheaded desire to recreate the glories of the Soviet empire, or does he recognize that Russia's greatness does not depend on violating the territorial integrity and sovereignty of other countries?And as I mentioned earlier, the costs that the Russian people are bearing are severe. That's being felt. It may not always be understood why they're suffering, because of state media inside of Russia and propaganda coming out of state media in Russia and to Russian speakers. But the truth of the matter is, is that the Russian people would greatly benefit. And ironically, one of the rationales that Mr. Putin provided for his incursions into Ukraine was to protect Russian speakers there. Well, Russian speakers inside of Ukraine are precisely the ones who are bearing the brunt of the fighting. Their economy has collapsed. Their lives are disordered. Many of them are displaced. Their homes may have been destroyed. They're suffering. And the best way for them to stop suffering is if the Minsk agreement is fully implemented.Christi—oh, immigration. With respect to immigration, obviously, I'm frustrated by a district court ruling that now is wending its way through the appeals process. We are being as aggressive as we can legally to, first and foremost, appeal that ruling, and then to implement those elements of immigration executive actions that were not challenged in court.But obviously, the centerpiece, one of the key provisions for me was being able to get folks who are undocumented to go through a background check—criminal background check—pay back taxes, and then have a legal status. And that requires an entire administrative apparatus and us getting them to apply and come clean.I made a decision, which I think is the right one, that we should not accept applications until the legal status of this is clarified. I am absolutely convinced this is well within my legal authority, Department of Homeland Security's legal authority. If you look at the precedent, if you look at the traditional discretion that the executive branch possesses when it comes to applying immigration laws, I am convinced that what we're doing is lawful, and our lawyers are convinced that what we're doing is lawful.But the United States is a government of laws and separations of power, and when a—even if it's a individual district court judge who's making this determination, we've got to go through the process to challenge it. And until we get clarity there, I don't want to bring people in, have them apply and jump through a lot of hoops, only to have it deferred and delayed further.Of course, there's one really great way to solve this problem, and that would be Congress going ahead and acting, which would obviate the need for executive actions. The majority of the American people, I think, still want to see that happen. I suspect it will be a major topic of the next Presidential campaign.And so we will continue to push as hard as we can on all fronts to fix a broken immigration system. Administratively, we'll be prepared if and when we get the kind of ruling that I think we should have gotten in the first place about our authorities to go ahead and implement. But ultimately, this has never fully replaced the need for Congress to act. And my hope is, is that after a number of the other issues that we're working on currently get cleared, that there—some quiet conversations start up—back up again, particularly in the Republican Party, about the shortsighted approach that they're taking when it comes to immigration.Okay. Christi Parsons [Los Angeles Times].
Label: Ambivalent

Example 3:
Question: Reconciliation of commuting Manning's sentence with WikiLeaks' connection to Russia's hacking in the last year's election:
Answer: Well, first of all, let's be clear: Chelsea Manning has served a tough prison sentence. So the notion that the average person who was thinking about disclosing vital, classified information would think that it goes unpunished I don't think would get that impression from the sentence that Chelsea Manning has served.It has been my view that given she went to trial, that due process was carried out, that she took responsibility for her crime, that the sentence that she received was very disproportional—disproportionate relative to what other leakers had received, and that she had served a significant amount of time, that it made it sense to commute and not pardon her sentence.And I feel very comfortable that justice has been served and that a message has still been sent that when it comes to our national security, that wherever possible, we need folks who may have legitimate concerns about the actions of Government or their superiors or the agencies in which they work, that they try to work through the established channels and avail themselves of the whistleblower protections that had been put in place.I recognize that there's some folks who think they're not enough, and I think all of us, when we're working in big institutions, may find ourselves at times at odds with policies that are set. But when it comes to national security, we're often dealing with people in the field whose lives may be put at risk or the safety and security and the ability of our military or our intelligence teams or Embassies to function effectively. And that has to be kept in mind.So with respect to WikiLeaks, I don't see a contradiction. First of all, I haven't commented on WikiLeaks, generally. The conclusions of the intelligence community with respect to the Russian hacking were not conclusive as to whether WikiLeaks was witting or not in being the conduit through which we heard about the DNC e-mails that were leaked. I don't pay a lot of attention to Mr. Assange's tweets, so that wasn't a consideration in this instance. And I'd refer you to the Justice Department for any criminal investigations, indictments, extradition issues that may come up with him.What I can say broadly is that, in this new cyber age, we're going to have to make sure that we continually work to find the right balance of accountability and openness and transparency that is the hallmark of our democracy, but also recognize that there are adversaries and bad actors out there who want to use that same openness in ways that hurt us, whether that's in trying to commit financial crimes or trying to commit acts of terrorism or folks who want to interfere with our elections.And we're going to have to continually build the kind of architecture that makes sure our—the best of our democracy is preserved; that our national security and intelligence agencies have the ability to carry out policy without advertising to our adversaries what it is that we're doing, but do so in a way that still keeps citizens up to speed on what their Government is doing on their behalf.But with respect to Chelsea Manning, I looked at the particulars of this case the same way I have for the other commutations and pardons that I've done, and I felt that in light of all the circumstances that commuting her sentence was entirely appropriate.Margaret Brennan [CBS News].
Label: Clear Non-Reply

Instance to classify:
Question: Actions to ensure certain events do not happen.
Answer: Well, you have a lot of actions we can take, including the—including the increase. You know, right now people don't know: China is paying a lot of tariffs. We made a China deal, and they bought just—I think the third highest amount of corn ever in our—in world history. They just bought from us the highest amount, which is great for our farmers. But I view it differently than I did before I made the deal. When I made the deal, I thought this was a great deal. After what happened to us—what happened to the world, coming from China—I view it much differently. But we can impose massive tariffs on China if we want—and other countries, if we want. And we'll see. We just want to be treated fairly. We want a level playing field. Our farmers were never treated properly by anybody, and they were targeted by China.You know, I paid our farmers $28 billion over a 2-year period because they were targeted to that amount of money—to that exact amount of money: $28 [billion]*. It was $16 billion, and it was $12 billion—$28 [billion]* over a 2-year period. And we gave $28 billion to our farmers. That's why they're all here.And now they're doing very well. Our farmers are doing very well because we made really great trade deals. USMCA just kicked in. The China deal, they're buying a lot. They are buying a lot. I will say that: They're buying a lot. A lot of people ask, How are they doing on the trade deal? They're buying a lot.So I want to thank everybody, and we'll be having these conferences again.I—we're going to be signing an immigration act very soon; it's going to be based on merit. It's going to be very strong. We're going to work on DACA because we want to make people happy. And I'll tell you, even conservative Republicans want to see something happen with DACA.The Democrats had their chance for 3 years to do something with DACA, and they always turned it down. They always turned it down. They used it as politics. I'm using it to get something done.But we'll be signing a very powerful immigration act. It will be great. It will be merit-based. The country has tried to get it for 25 or 30 years. It will be strong on the border, but you'll come in legally, and you'll be able to come in legally.And very importantly, we'll be taking care of people from DACA in a very Republican way. A Republicans—I've spoken to many Republicans, and some would like to leave it out, but, really, they understand that it's the right thing to do.So we're going to be taking care of DACA. We will be doing for DACA what the Democrats had a chance to do and they never did it. Okay?Thank you all very much.

Decide the label from the answer's responsiveness to the question. Do not output explanations.

Return valid JSON only: {""label"": ""<Clear Reply | Ambivalent | Clear Non-Reply>""}","{""label"": ""Clear Reply""}",Clear Reply,True,json,,
15,Business advisory for Hong Kong,"That's all? [] I thought I said we'd take two questions, but I guess that translated to, we'd take two questions or more from each person called on.Let me talk about the business advisory. The situation in Hong Kong is deteriorating. And the Chinese Government is not keeping its commitment that it made how it would deal with Hong Kong. And so it is more of an advisory as to what may happen in—on Hong Kong. It's as simple as that and as complicated as that.With regard to am I confident?—I'm supremely confident that everything is going to work out perfectly in terms—[]. Look, I understand why the press, among others, is skeptical that I can actually get this deal done on infrastructure and on human infrastructure. And I've watched and listened, and the press declared my initiative dead at least 10 times so far.I don't think it's dead. I think it's still alive. I still have confidence we're going to be able to get what I proposed and what I've agreed to in the bipartisan agreement on infrastructure. I've gotten—we've each committed—I trust the members of—the Republican Senators who have made the commitments relative to how we should proceed and what would be included in the package for infrastructure. And they're men and women of honor, and I expect they would keep their commitment.With regard to the further issue of what's going on and what will confuse the listening audience—but reconciliation—that is the mechanism by which you have to get every single Democrat to agree to proceed on matters like what I announced today.Today—I don't know whether you have any children; it's none of my business whether you do, but if you do, you're going to get—if you're making less than $150,000—you're going to get a significant stipend that is a tax cut. If you have a child under the age of 7 years old, you're going to get—in your bank account today, you're going to get a payment of one-sixth—12 months divided—$3,600—$3,700 for that child divided by 12 every month, just like a Social Security check. It's expected to reduce poverty—child poverty by over 40 percent. And it could be a significant, significant game changer.We have mechanisms to pay for both these mechanisms. And there may be some last-minute discussion as to who—what mechanism is used to pay for each of these items, both the infrastructure package and the human infrastructure package. But I believe we will get it done.Thank you. We talked about China, and there is a lot of common understanding that China, in many areas, is our competitor; that trade with China needs to rest on the assumption that we have a level playing field so that we all play by the same rules, have the same standards. That, incidentally, was also the driving force behind the EU-China agreement on trade that they abide by the core labor norms of ILO.And we are convinced of ours—needing to be technological leaders for our two countries in many, many areas. Obviously, it's legitimate for China wishing to do this as well, but, forexample, we will cooperate in many technological state-of-the-art technologies, for example, CHIPS. I think the act that the President launched is fundamental in this respect and crucial.And we want to trade together at a time of digitalization where security issues loom very large in our agendas. We ought to have an exchange on this; we ought to talk about this; we ought to talk about norms, standards that govern the internet; whether we can agree on common norms. I think, particularly as regards to the relationship of us with China, we ought to coordinate our efforts. We do that in the European Union, and we should do it with the United States.And then, there are interests, obviously: sometimes divergent interests, but sometimes common interests. But we also have, obviously, areas where American companies compete with European companies, and we have to accept that. But I think, basically, the rules as to how we deal with China ought to rest and do rest on our shared values.And I think, on the pandemic, we are obviously of the opinion that the pandemic—we can only master the pandemic if each and every one is vaccinated. We are trying to boost production. We are trying also to get as many people in our country vaccinated as possible—which obviously opens us up to criticism of those countries who as yet have not had the chance, which is why we invested a lot of money in COVAX, which is why we encourage our companies to increase their production of vaccines.And, in Africa, we are trying to help Africans to upskill people so that they, too, can have their own production sites. We're going to do this, but, de facto, there is an imbalance, I agree. And—but we're overcoming. We're putting our all into that and also together in overcoming that imbalance.I'm sorry. I call on Ms. Schäuble from Der Tagesspiegel newspaper. Thank you.[]",Ambivalent,"Classify how clearly the interview answer responds to the question.

Use exactly one of these labels: Clear Reply, Ambivalent, Clear Non-Reply.

Label definitions:
- Clear Reply: The answer directly and substantially addresses the question.
- Ambivalent: The answer only partially addresses the question, is vague, qualified, mixed, or leaves the response unclear.
- Clear Non-Reply: The answer clearly avoids, redirects, refuses, or otherwise does not answer the question.

Examples:
Example 1:
Question: Is ASEAN ready for the more advanced role in world affairs the U.S. would like to see it play?
Answer: I have not--I've been out of town, so I'm just seeing the press reports. I have not had a full briefing on Israel's intentions and what they've communicated to our administration. But this kind of activity is never helpful when it comes to peace negotiations. And I'm concerned that we're not seeing each side make the extra effort involved to get a breakthrough that could finally create a framework for a secure Israel living side and side--side by side in peace with a sovereign Palestine.We're going to keep on working on it, though, because it is in the world's interest, it is in the interest of the people of Israel, and it is in the interest of the Palestinian people to achieve that settlement, to achieve that agreement. But each of these incremental steps can end up breaking down trust between the parties.Even though it wasn't directed to me, I do want to just chime in briefly on the issue of China. We want China to succeed and prosper. It's good for the United States if China continues on the path of development that it's on.That means that, first of all, just from a humanitarian point of view, lifting millions of people out of poverty is a good thing. It is also a huge expanding market where America then can sell goods and services, and so we think China being prosperous and secure is a positive. And we're not interested in containing that process. We want China to continue to achieve its development goals.We do want to make sure that everybody is operating within an international framework and sets of rules in which countries recognize their responsibilities to each other. That's true for the United States. That's true for China. That's true for Indonesia. It's true for all of us. And the more that we have international mechanisms in which people say we have rights, we also have responsibilities, we're going to abide by them, we're going to hold each other accountable, the better off we'll all be. Yes, the views that I have of the future of our region, the region of Asia, including East Asia and Southeast Asia, all wish to have a region that is experiencing development, including economic development. This region should continue to be a region that is stable, a region that is peaceful and a region that is safe.In this regard, the community that is built upon in Asia, in East Asia also, and also a framework now through the East Asia summit framework, we have the responsibility to--in one area, to ensure that the cooperation in the region, especially in the area of economic cooperation, can contribute significantly to the development of the global economy that will bring benefit for all humanity.On the other spot of the coin, we also have the responsibility to ensure stability and security in our region. I am not using any theory or the theory of one power to counterbalance the other powers. But I do have the view that there must be some form of dynamic equilibrium in Asia-Pacific, in East and Southeast Asia. And the formation of such regional cooperation such that is East Asia summit, where there are 10 countries from ASEAN and there is also China, Republic of Korea, Japan, India, Australia, New Zealand, and now Russia and the United States, therefore, I have faith that it will be more effective to ensure peace, stability, and order in this region.And in this regard, with such a condition, such cooperation in the area of economic will go effectively, and it is Indonesia's hope that China and the U.S. relations will continue to flow well because if something happens between those two states, it will have severe impacts to not only countries in the region, in Asia, but also to the world.For that reason, I hope that the economic relations between the U.S. and China will continue to proceed well, despite the geopolitical developments. We also hope to contribute to creating a region in East Asia, in Southeast Asia, and especially in Asia-Pacific, to become a region that is stable and productive.That is my views in general on the regional architecture issues and the future cooperation in our region.Thank you very much.
Label: Clear Reply

Example 2:
Question: Possibility of court battle over actions on immigration extending late into the term, what can be done for the people affected by the program and now in limbo, and the view on the possibility of ending the term without accomplishing goals on immigration.
Answer: On Ukraine and Russia and Minsk, there is strong consensus that we need to keep pushing Russia to abide by the terms of the Minsk agreement; we need to continue to support and encourage Ukraine to meet its obligations under Minsk; that until that's completed, sanctions remain in place.There was discussion about additional steps that we might need to take if Russia, working through separatists, doubled down on aggression inside of Ukraine. We—those discussions are taking place at a technical level, not yet at a political level, because I think the first goal here going into a European Council meeting that's coming up is just rolling over the existing sanctions. But I think at a technical level, we want to be prepared.Our hope is, is that we don't have to take additional steps because the Minsk agreement is met. And I want to give enormous credit to Chancellor Merkel, along with President Hollande, who have shown extraordinary stick-to-itiveness and patience in trying to get that done.Ultimately, this is going to be an issue for Mr. Putin. He's got to make a decision: Does he continue to wreck his country's economy and continue Russia's isolation in pursuit of a wrongheaded desire to recreate the glories of the Soviet empire, or does he recognize that Russia's greatness does not depend on violating the territorial integrity and sovereignty of other countries?And as I mentioned earlier, the costs that the Russian people are bearing are severe. That's being felt. It may not always be understood why they're suffering, because of state media inside of Russia and propaganda coming out of state media in Russia and to Russian speakers. But the truth of the matter is, is that the Russian people would greatly benefit. And ironically, one of the rationales that Mr. Putin provided for his incursions into Ukraine was to protect Russian speakers there. Well, Russian speakers inside of Ukraine are precisely the ones who are bearing the brunt of the fighting. Their economy has collapsed. Their lives are disordered. Many of them are displaced. Their homes may have been destroyed. They're suffering. And the best way for them to stop suffering is if the Minsk agreement is fully implemented.Christi—oh, immigration. With respect to immigration, obviously, I'm frustrated by a district court ruling that now is wending its way through the appeals process. We are being as aggressive as we can legally to, first and foremost, appeal that ruling, and then to implement those elements of immigration executive actions that were not challenged in court.But obviously, the centerpiece, one of the key provisions for me was being able to get folks who are undocumented to go through a background check—criminal background check—pay back taxes, and then have a legal status. And that requires an entire administrative apparatus and us getting them to apply and come clean.I made a decision, which I think is the right one, that we should not accept applications until the legal status of this is clarified. I am absolutely convinced this is well within my legal authority, Department of Homeland Security's legal authority. If you look at the precedent, if you look at the traditional discretion that the executive branch possesses when it comes to applying immigration laws, I am convinced that what we're doing is lawful, and our lawyers are convinced that what we're doing is lawful.But the United States is a government of laws and separations of power, and when a—even if it's a individual district court judge who's making this determination, we've got to go through the process to challenge it. And until we get clarity there, I don't want to bring people in, have them apply and jump through a lot of hoops, only to have it deferred and delayed further.Of course, there's one really great way to solve this problem, and that would be Congress going ahead and acting, which would obviate the need for executive actions. The majority of the American people, I think, still want to see that happen. I suspect it will be a major topic of the next Presidential campaign.And so we will continue to push as hard as we can on all fronts to fix a broken immigration system. Administratively, we'll be prepared if and when we get the kind of ruling that I think we should have gotten in the first place about our authorities to go ahead and implement. But ultimately, this has never fully replaced the need for Congress to act. And my hope is, is that after a number of the other issues that we're working on currently get cleared, that there—some quiet conversations start up—back up again, particularly in the Republican Party, about the shortsighted approach that they're taking when it comes to immigration.Okay. Christi Parsons [Los Angeles Times].
Label: Ambivalent

Example 3:
Question: Reconciliation of commuting Manning's sentence with WikiLeaks' connection to Russia's hacking in the last year's election:
Answer: Well, first of all, let's be clear: Chelsea Manning has served a tough prison sentence. So the notion that the average person who was thinking about disclosing vital, classified information would think that it goes unpunished I don't think would get that impression from the sentence that Chelsea Manning has served.It has been my view that given she went to trial, that due process was carried out, that she took responsibility for her crime, that the sentence that she received was very disproportional—disproportionate relative to what other leakers had received, and that she had served a significant amount of time, that it made it sense to commute and not pardon her sentence.And I feel very comfortable that justice has been served and that a message has still been sent that when it comes to our national security, that wherever possible, we need folks who may have legitimate concerns about the actions of Government or their superiors or the agencies in which they work, that they try to work through the established channels and avail themselves of the whistleblower protections that had been put in place.I recognize that there's some folks who think they're not enough, and I think all of us, when we're working in big institutions, may find ourselves at times at odds with policies that are set. But when it comes to national security, we're often dealing with people in the field whose lives may be put at risk or the safety and security and the ability of our military or our intelligence teams or Embassies to function effectively. And that has to be kept in mind.So with respect to WikiLeaks, I don't see a contradiction. First of all, I haven't commented on WikiLeaks, generally. The conclusions of the intelligence community with respect to the Russian hacking were not conclusive as to whether WikiLeaks was witting or not in being the conduit through which we heard about the DNC e-mails that were leaked. I don't pay a lot of attention to Mr. Assange's tweets, so that wasn't a consideration in this instance. And I'd refer you to the Justice Department for any criminal investigations, indictments, extradition issues that may come up with him.What I can say broadly is that, in this new cyber age, we're going to have to make sure that we continually work to find the right balance of accountability and openness and transparency that is the hallmark of our democracy, but also recognize that there are adversaries and bad actors out there who want to use that same openness in ways that hurt us, whether that's in trying to commit financial crimes or trying to commit acts of terrorism or folks who want to interfere with our elections.And we're going to have to continually build the kind of architecture that makes sure our—the best of our democracy is preserved; that our national security and intelligence agencies have the ability to carry out policy without advertising to our adversaries what it is that we're doing, but do so in a way that still keeps citizens up to speed on what their Government is doing on their behalf.But with respect to Chelsea Manning, I looked at the particulars of this case the same way I have for the other commutations and pardons that I've done, and I felt that in light of all the circumstances that commuting her sentence was entirely appropriate.Margaret Brennan [CBS News].
Label: Clear Non-Reply

Instance to classify:
Question: Business advisory for Hong Kong
Answer: That's all? [] I thought I said we'd take two questions, but I guess that translated to, we'd take two questions or more from each person called on.Let me talk about the business advisory. The situation in Hong Kong is deteriorating. And the Chinese Government is not keeping its commitment that it made how it would deal with Hong Kong. And so it is more of an advisory as to what may happen in—on Hong Kong. It's as simple as that and as complicated as that.With regard to am I confident?—I'm supremely confident that everything is going to work out perfectly in terms—[]. Look, I understand why the press, among others, is skeptical that I can actually get this deal done on infrastructure and on human infrastructure. And I've watched and listened, and the press declared my initiative dead at least 10 times so far.I don't think it's dead. I think it's still alive. I still have confidence we're going to be able to get what I proposed and what I've agreed to in the bipartisan agreement on infrastructure. I've gotten—we've each committed—I trust the members of—the Republican Senators who have made the commitments relative to how we should proceed and what would be included in the package for infrastructure. And they're men and women of honor, and I expect they would keep their commitment.With regard to the further issue of what's going on and what will confuse the listening audience—but reconciliation—that is the mechanism by which you have to get every single Democrat to agree to proceed on matters like what I announced today.Today—I don't know whether you have any children; it's none of my business whether you do, but if you do, you're going to get—if you're making less than $150,000—you're going to get a significant stipend that is a tax cut. If you have a child under the age of 7 years old, you're going to get—in your bank account today, you're going to get a payment of one-sixth—12 months divided—$3,600—$3,700 for that child divided by 12 every month, just like a Social Security check. It's expected to reduce poverty—child poverty by over 40 percent. And it could be a significant, significant game changer.We have mechanisms to pay for both these mechanisms. And there may be some last-minute discussion as to who—what mechanism is used to pay for each of these items, both the infrastructure package and the human infrastructure package. But I believe we will get it done.Thank you. We talked about China, and there is a lot of common understanding that China, in many areas, is our competitor; that trade with China needs to rest on the assumption that we have a level playing field so that we all play by the same rules, have the same standards. That, incidentally, was also the driving force behind the EU-China agreement on trade that they abide by the core labor norms of ILO.And we are convinced of ours—needing to be technological leaders for our two countries in many, many areas. Obviously, it's legitimate for China wishing to do this as well, but, forexample, we will cooperate in many technological state-of-the-art technologies, for example, CHIPS. I think the act that the President launched is fundamental in this respect and crucial.And we want to trade together at a time of digitalization where security issues loom very large in our agendas. We ought to have an exchange on this; we ought to talk about this; we ought to talk about norms, standards that govern the internet; whether we can agree on common norms. I think, particularly as regards to the relationship of us with China, we ought to coordinate our efforts. We do that in the European Union, and we should do it with the United States.And then, there are interests, obviously: sometimes divergent interests, but sometimes common interests. But we also have, obviously, areas where American companies compete with European companies, and we have to accept that. But I think, basically, the rules as to how we deal with China ought to rest and do rest on our shared values.And I think, on the pandemic, we are obviously of the opinion that the pandemic—we can only master the pandemic if each and every one is vaccinated. We are trying to boost production. We are trying also to get as many people in our country vaccinated as possible—which obviously opens us up to criticism of those countries who as yet have not had the chance, which is why we invested a lot of money in COVAX, which is why we encourage our companies to increase their production of vaccines.And, in Africa, we are trying to help Africans to upskill people so that they, too, can have their own production sites. We're going to do this, but, de facto, there is an imbalance, I agree. And—but we're overcoming. We're putting our all into that and also together in overcoming that imbalance.I'm sorry. I call on Ms. Schäuble from Der Tagesspiegel newspaper. Thank you.[]

Decide the label from the answer's responsiveness to the question. Do not output explanations.

Return valid JSON only: {""label"": ""<Clear Reply | Ambivalent | Clear Non-Reply>""}","{""label"": ""Clear Reply""}",Clear Reply,True,json,,
16,What is your reaction to Chavez's opponents winning in the vote in Venezuela?,"The Venezuelan people rejected one-man rule. They voted for democracy. And the United States can make a difference in South America, in terms of Venezuelan influence. And here's how: The Congress can pass a free trade agreement with Colombia. People say, Well, how does that affect U.S.-Venezuelan relations or the relations of Venezuela in South America with other countries? And here's how—and I like to quote Prime Minister Stephen Harper, who said, The biggest fear in South America is not the leader in Venezuela, but the biggest fear for stability is if the United States Congress rejects the free trade agreement with Colombia.It would be an insult to a friend. It would send a contradictory message to a country led by a very strong leader who is working hard to deal with some very difficult problems, one of which is armed gangs of people that are ruthless and brutal, people who just kidnap innocent people for the sake of achieving political objectives.And so a vote for democracy took place, a very strong vote for democracy. And the United States policy can help promote democracies and stability. And again, I'm going to repeat to you: If the Congress does not pass the free trade agreement with Colombia, it will be a destabilizing moment.Olivier Knox [Agence France Press], yes.Russia-U.S. Relations/",Clear Reply,"Classify how clearly the interview answer responds to the question.

Use exactly one of these labels: Clear Reply, Ambivalent, Clear Non-Reply.

Label definitions:
- Clear Reply: The answer directly and substantially addresses the question.
- Ambivalent: The answer only partially addresses the question, is vague, qualified, mixed, or leaves the response unclear.
- Clear Non-Reply: The answer clearly avoids, redirects, refuses, or otherwise does not answer the question.

Examples:
Example 1:
Question: Is ASEAN ready for the more advanced role in world affairs the U.S. would like to see it play?
Answer: I have not--I've been out of town, so I'm just seeing the press reports. I have not had a full briefing on Israel's intentions and what they've communicated to our administration. But this kind of activity is never helpful when it comes to peace negotiations. And I'm concerned that we're not seeing each side make the extra effort involved to get a breakthrough that could finally create a framework for a secure Israel living side and side--side by side in peace with a sovereign Palestine.We're going to keep on working on it, though, because it is in the world's interest, it is in the interest of the people of Israel, and it is in the interest of the Palestinian people to achieve that settlement, to achieve that agreement. But each of these incremental steps can end up breaking down trust between the parties.Even though it wasn't directed to me, I do want to just chime in briefly on the issue of China. We want China to succeed and prosper. It's good for the United States if China continues on the path of development that it's on.That means that, first of all, just from a humanitarian point of view, lifting millions of people out of poverty is a good thing. It is also a huge expanding market where America then can sell goods and services, and so we think China being prosperous and secure is a positive. And we're not interested in containing that process. We want China to continue to achieve its development goals.We do want to make sure that everybody is operating within an international framework and sets of rules in which countries recognize their responsibilities to each other. That's true for the United States. That's true for China. That's true for Indonesia. It's true for all of us. And the more that we have international mechanisms in which people say we have rights, we also have responsibilities, we're going to abide by them, we're going to hold each other accountable, the better off we'll all be. Yes, the views that I have of the future of our region, the region of Asia, including East Asia and Southeast Asia, all wish to have a region that is experiencing development, including economic development. This region should continue to be a region that is stable, a region that is peaceful and a region that is safe.In this regard, the community that is built upon in Asia, in East Asia also, and also a framework now through the East Asia summit framework, we have the responsibility to--in one area, to ensure that the cooperation in the region, especially in the area of economic cooperation, can contribute significantly to the development of the global economy that will bring benefit for all humanity.On the other spot of the coin, we also have the responsibility to ensure stability and security in our region. I am not using any theory or the theory of one power to counterbalance the other powers. But I do have the view that there must be some form of dynamic equilibrium in Asia-Pacific, in East and Southeast Asia. And the formation of such regional cooperation such that is East Asia summit, where there are 10 countries from ASEAN and there is also China, Republic of Korea, Japan, India, Australia, New Zealand, and now Russia and the United States, therefore, I have faith that it will be more effective to ensure peace, stability, and order in this region.And in this regard, with such a condition, such cooperation in the area of economic will go effectively, and it is Indonesia's hope that China and the U.S. relations will continue to flow well because if something happens between those two states, it will have severe impacts to not only countries in the region, in Asia, but also to the world.For that reason, I hope that the economic relations between the U.S. and China will continue to proceed well, despite the geopolitical developments. We also hope to contribute to creating a region in East Asia, in Southeast Asia, and especially in Asia-Pacific, to become a region that is stable and productive.That is my views in general on the regional architecture issues and the future cooperation in our region.Thank you very much.
Label: Clear Reply

Example 2:
Question: Possibility of court battle over actions on immigration extending late into the term, what can be done for the people affected by the program and now in limbo, and the view on the possibility of ending the term without accomplishing goals on immigration.
Answer: On Ukraine and Russia and Minsk, there is strong consensus that we need to keep pushing Russia to abide by the terms of the Minsk agreement; we need to continue to support and encourage Ukraine to meet its obligations under Minsk; that until that's completed, sanctions remain in place.There was discussion about additional steps that we might need to take if Russia, working through separatists, doubled down on aggression inside of Ukraine. We—those discussions are taking place at a technical level, not yet at a political level, because I think the first goal here going into a European Council meeting that's coming up is just rolling over the existing sanctions. But I think at a technical level, we want to be prepared.Our hope is, is that we don't have to take additional steps because the Minsk agreement is met. And I want to give enormous credit to Chancellor Merkel, along with President Hollande, who have shown extraordinary stick-to-itiveness and patience in trying to get that done.Ultimately, this is going to be an issue for Mr. Putin. He's got to make a decision: Does he continue to wreck his country's economy and continue Russia's isolation in pursuit of a wrongheaded desire to recreate the glories of the Soviet empire, or does he recognize that Russia's greatness does not depend on violating the territorial integrity and sovereignty of other countries?And as I mentioned earlier, the costs that the Russian people are bearing are severe. That's being felt. It may not always be understood why they're suffering, because of state media inside of Russia and propaganda coming out of state media in Russia and to Russian speakers. But the truth of the matter is, is that the Russian people would greatly benefit. And ironically, one of the rationales that Mr. Putin provided for his incursions into Ukraine was to protect Russian speakers there. Well, Russian speakers inside of Ukraine are precisely the ones who are bearing the brunt of the fighting. Their economy has collapsed. Their lives are disordered. Many of them are displaced. Their homes may have been destroyed. They're suffering. And the best way for them to stop suffering is if the Minsk agreement is fully implemented.Christi—oh, immigration. With respect to immigration, obviously, I'm frustrated by a district court ruling that now is wending its way through the appeals process. We are being as aggressive as we can legally to, first and foremost, appeal that ruling, and then to implement those elements of immigration executive actions that were not challenged in court.But obviously, the centerpiece, one of the key provisions for me was being able to get folks who are undocumented to go through a background check—criminal background check—pay back taxes, and then have a legal status. And that requires an entire administrative apparatus and us getting them to apply and come clean.I made a decision, which I think is the right one, that we should not accept applications until the legal status of this is clarified. I am absolutely convinced this is well within my legal authority, Department of Homeland Security's legal authority. If you look at the precedent, if you look at the traditional discretion that the executive branch possesses when it comes to applying immigration laws, I am convinced that what we're doing is lawful, and our lawyers are convinced that what we're doing is lawful.But the United States is a government of laws and separations of power, and when a—even if it's a individual district court judge who's making this determination, we've got to go through the process to challenge it. And until we get clarity there, I don't want to bring people in, have them apply and jump through a lot of hoops, only to have it deferred and delayed further.Of course, there's one really great way to solve this problem, and that would be Congress going ahead and acting, which would obviate the need for executive actions. The majority of the American people, I think, still want to see that happen. I suspect it will be a major topic of the next Presidential campaign.And so we will continue to push as hard as we can on all fronts to fix a broken immigration system. Administratively, we'll be prepared if and when we get the kind of ruling that I think we should have gotten in the first place about our authorities to go ahead and implement. But ultimately, this has never fully replaced the need for Congress to act. And my hope is, is that after a number of the other issues that we're working on currently get cleared, that there—some quiet conversations start up—back up again, particularly in the Republican Party, about the shortsighted approach that they're taking when it comes to immigration.Okay. Christi Parsons [Los Angeles Times].
Label: Ambivalent

Example 3:
Question: Reconciliation of commuting Manning's sentence with WikiLeaks' connection to Russia's hacking in the last year's election:
Answer: Well, first of all, let's be clear: Chelsea Manning has served a tough prison sentence. So the notion that the average person who was thinking about disclosing vital, classified information would think that it goes unpunished I don't think would get that impression from the sentence that Chelsea Manning has served.It has been my view that given she went to trial, that due process was carried out, that she took responsibility for her crime, that the sentence that she received was very disproportional—disproportionate relative to what other leakers had received, and that she had served a significant amount of time, that it made it sense to commute and not pardon her sentence.And I feel very comfortable that justice has been served and that a message has still been sent that when it comes to our national security, that wherever possible, we need folks who may have legitimate concerns about the actions of Government or their superiors or the agencies in which they work, that they try to work through the established channels and avail themselves of the whistleblower protections that had been put in place.I recognize that there's some folks who think they're not enough, and I think all of us, when we're working in big institutions, may find ourselves at times at odds with policies that are set. But when it comes to national security, we're often dealing with people in the field whose lives may be put at risk or the safety and security and the ability of our military or our intelligence teams or Embassies to function effectively. And that has to be kept in mind.So with respect to WikiLeaks, I don't see a contradiction. First of all, I haven't commented on WikiLeaks, generally. The conclusions of the intelligence community with respect to the Russian hacking were not conclusive as to whether WikiLeaks was witting or not in being the conduit through which we heard about the DNC e-mails that were leaked. I don't pay a lot of attention to Mr. Assange's tweets, so that wasn't a consideration in this instance. And I'd refer you to the Justice Department for any criminal investigations, indictments, extradition issues that may come up with him.What I can say broadly is that, in this new cyber age, we're going to have to make sure that we continually work to find the right balance of accountability and openness and transparency that is the hallmark of our democracy, but also recognize that there are adversaries and bad actors out there who want to use that same openness in ways that hurt us, whether that's in trying to commit financial crimes or trying to commit acts of terrorism or folks who want to interfere with our elections.And we're going to have to continually build the kind of architecture that makes sure our—the best of our democracy is preserved; that our national security and intelligence agencies have the ability to carry out policy without advertising to our adversaries what it is that we're doing, but do so in a way that still keeps citizens up to speed on what their Government is doing on their behalf.But with respect to Chelsea Manning, I looked at the particulars of this case the same way I have for the other commutations and pardons that I've done, and I felt that in light of all the circumstances that commuting her sentence was entirely appropriate.Margaret Brennan [CBS News].
Label: Clear Non-Reply

Instance to classify:
Question: What is your reaction to Chavez's opponents winning in the vote in Venezuela?
Answer: The Venezuelan people rejected one-man rule. They voted for democracy. And the United States can make a difference in South America, in terms of Venezuelan influence. And here's how: The Congress can pass a free trade agreement with Colombia. People say, Well, how does that affect U.S.-Venezuelan relations or the relations of Venezuela in South America with other countries? And here's how—and I like to quote Prime Minister Stephen Harper, who said, The biggest fear in South America is not the leader in Venezuela, but the biggest fear for stability is if the United States Congress rejects the free trade agreement with Colombia.It would be an insult to a friend. It would send a contradictory message to a country led by a very strong leader who is working hard to deal with some very difficult problems, one of which is armed gangs of people that are ruthless and brutal, people who just kidnap innocent people for the sake of achieving political objectives.And so a vote for democracy took place, a very strong vote for democracy. And the United States policy can help promote democracies and stability. And again, I'm going to repeat to you: If the Congress does not pass the free trade agreement with Colombia, it will be a destabilizing moment.Olivier Knox [Agence France Press], yes.Russia-U.S. Relations/

Decide the label from the answer's responsiveness to the question. Do not output explanations.

Return valid JSON only: {""label"": ""<Clear Reply | Ambivalent | Clear Non-Reply>""}","{""label"": ""Clear Reply""}",Clear Reply,True,json,,
17,The reaction to the Russian Foreign Minister's statement about not pursuing to return to G-8.,"Well, you know, we'll see. I know one thing: If they were invited back, I think they'd be there. If they weren't, that's okay too. I just think they'd be better inside than outside. I mean, as I said before, I really do; I think they'd be an asset. I think it would be a good thing.You know, some of the things—we were going in the room, and yesterday, in particular, we were discussing four or five matters. And Russia was literally involved in all of those four or five matters. And a few of the people looked up and said, you know, Why aren't they here talking to us about it? And we go: What are we going to do now? Go home? Take it easy for a day? Although, I'm not doing that. I don't take it easy.But what are we going to do? We're going to go home and start calling them at the end of the week and say, Hey, how about this? They could have been in the room.We had numerous things that we were discussing. Right? Numerous. We had a lot of things that we were discussing, and it would've been very easy if Russia was in the room. If he was in the room, we could've solved those things. Now they're just in limbo. But I have to say, with all of that, very little in limbo.But somebody will speak to him about some things, and frankly, they're not very complicated. But it would be easier if they were in the room. Okay?",Clear Reply,"Classify how clearly the interview answer responds to the question.

Use exactly one of these labels: Clear Reply, Ambivalent, Clear Non-Reply.

Label definitions:
- Clear Reply: The answer directly and substantially addresses the question.
- Ambivalent: The answer only partially addresses the question, is vague, qualified, mixed, or leaves the response unclear.
- Clear Non-Reply: The answer clearly avoids, redirects, refuses, or otherwise does not answer the question.

Examples:
Example 1:
Question: Is ASEAN ready for the more advanced role in world affairs the U.S. would like to see it play?
Answer: I have not--I've been out of town, so I'm just seeing the press reports. I have not had a full briefing on Israel's intentions and what they've communicated to our administration. But this kind of activity is never helpful when it comes to peace negotiations. And I'm concerned that we're not seeing each side make the extra effort involved to get a breakthrough that could finally create a framework for a secure Israel living side and side--side by side in peace with a sovereign Palestine.We're going to keep on working on it, though, because it is in the world's interest, it is in the interest of the people of Israel, and it is in the interest of the Palestinian people to achieve that settlement, to achieve that agreement. But each of these incremental steps can end up breaking down trust between the parties.Even though it wasn't directed to me, I do want to just chime in briefly on the issue of China. We want China to succeed and prosper. It's good for the United States if China continues on the path of development that it's on.That means that, first of all, just from a humanitarian point of view, lifting millions of people out of poverty is a good thing. It is also a huge expanding market where America then can sell goods and services, and so we think China being prosperous and secure is a positive. And we're not interested in containing that process. We want China to continue to achieve its development goals.We do want to make sure that everybody is operating within an international framework and sets of rules in which countries recognize their responsibilities to each other. That's true for the United States. That's true for China. That's true for Indonesia. It's true for all of us. And the more that we have international mechanisms in which people say we have rights, we also have responsibilities, we're going to abide by them, we're going to hold each other accountable, the better off we'll all be. Yes, the views that I have of the future of our region, the region of Asia, including East Asia and Southeast Asia, all wish to have a region that is experiencing development, including economic development. This region should continue to be a region that is stable, a region that is peaceful and a region that is safe.In this regard, the community that is built upon in Asia, in East Asia also, and also a framework now through the East Asia summit framework, we have the responsibility to--in one area, to ensure that the cooperation in the region, especially in the area of economic cooperation, can contribute significantly to the development of the global economy that will bring benefit for all humanity.On the other spot of the coin, we also have the responsibility to ensure stability and security in our region. I am not using any theory or the theory of one power to counterbalance the other powers. But I do have the view that there must be some form of dynamic equilibrium in Asia-Pacific, in East and Southeast Asia. And the formation of such regional cooperation such that is East Asia summit, where there are 10 countries from ASEAN and there is also China, Republic of Korea, Japan, India, Australia, New Zealand, and now Russia and the United States, therefore, I have faith that it will be more effective to ensure peace, stability, and order in this region.And in this regard, with such a condition, such cooperation in the area of economic will go effectively, and it is Indonesia's hope that China and the U.S. relations will continue to flow well because if something happens between those two states, it will have severe impacts to not only countries in the region, in Asia, but also to the world.For that reason, I hope that the economic relations between the U.S. and China will continue to proceed well, despite the geopolitical developments. We also hope to contribute to creating a region in East Asia, in Southeast Asia, and especially in Asia-Pacific, to become a region that is stable and productive.That is my views in general on the regional architecture issues and the future cooperation in our region.Thank you very much.
Label: Clear Reply

Example 2:
Question: Possibility of court battle over actions on immigration extending late into the term, what can be done for the people affected by the program and now in limbo, and the view on the possibility of ending the term without accomplishing goals on immigration.
Answer: On Ukraine and Russia and Minsk, there is strong consensus that we need to keep pushing Russia to abide by the terms of the Minsk agreement; we need to continue to support and encourage Ukraine to meet its obligations under Minsk; that until that's completed, sanctions remain in place.There was discussion about additional steps that we might need to take if Russia, working through separatists, doubled down on aggression inside of Ukraine. We—those discussions are taking place at a technical level, not yet at a political level, because I think the first goal here going into a European Council meeting that's coming up is just rolling over the existing sanctions. But I think at a technical level, we want to be prepared.Our hope is, is that we don't have to take additional steps because the Minsk agreement is met. And I want to give enormous credit to Chancellor Merkel, along with President Hollande, who have shown extraordinary stick-to-itiveness and patience in trying to get that done.Ultimately, this is going to be an issue for Mr. Putin. He's got to make a decision: Does he continue to wreck his country's economy and continue Russia's isolation in pursuit of a wrongheaded desire to recreate the glories of the Soviet empire, or does he recognize that Russia's greatness does not depend on violating the territorial integrity and sovereignty of other countries?And as I mentioned earlier, the costs that the Russian people are bearing are severe. That's being felt. It may not always be understood why they're suffering, because of state media inside of Russia and propaganda coming out of state media in Russia and to Russian speakers. But the truth of the matter is, is that the Russian people would greatly benefit. And ironically, one of the rationales that Mr. Putin provided for his incursions into Ukraine was to protect Russian speakers there. Well, Russian speakers inside of Ukraine are precisely the ones who are bearing the brunt of the fighting. Their economy has collapsed. Their lives are disordered. Many of them are displaced. Their homes may have been destroyed. They're suffering. And the best way for them to stop suffering is if the Minsk agreement is fully implemented.Christi—oh, immigration. With respect to immigration, obviously, I'm frustrated by a district court ruling that now is wending its way through the appeals process. We are being as aggressive as we can legally to, first and foremost, appeal that ruling, and then to implement those elements of immigration executive actions that were not challenged in court.But obviously, the centerpiece, one of the key provisions for me was being able to get folks who are undocumented to go through a background check—criminal background check—pay back taxes, and then have a legal status. And that requires an entire administrative apparatus and us getting them to apply and come clean.I made a decision, which I think is the right one, that we should not accept applications until the legal status of this is clarified. I am absolutely convinced this is well within my legal authority, Department of Homeland Security's legal authority. If you look at the precedent, if you look at the traditional discretion that the executive branch possesses when it comes to applying immigration laws, I am convinced that what we're doing is lawful, and our lawyers are convinced that what we're doing is lawful.But the United States is a government of laws and separations of power, and when a—even if it's a individual district court judge who's making this determination, we've got to go through the process to challenge it. And until we get clarity there, I don't want to bring people in, have them apply and jump through a lot of hoops, only to have it deferred and delayed further.Of course, there's one really great way to solve this problem, and that would be Congress going ahead and acting, which would obviate the need for executive actions. The majority of the American people, I think, still want to see that happen. I suspect it will be a major topic of the next Presidential campaign.And so we will continue to push as hard as we can on all fronts to fix a broken immigration system. Administratively, we'll be prepared if and when we get the kind of ruling that I think we should have gotten in the first place about our authorities to go ahead and implement. But ultimately, this has never fully replaced the need for Congress to act. And my hope is, is that after a number of the other issues that we're working on currently get cleared, that there—some quiet conversations start up—back up again, particularly in the Republican Party, about the shortsighted approach that they're taking when it comes to immigration.Okay. Christi Parsons [Los Angeles Times].
Label: Ambivalent

Example 3:
Question: Reconciliation of commuting Manning's sentence with WikiLeaks' connection to Russia's hacking in the last year's election:
Answer: Well, first of all, let's be clear: Chelsea Manning has served a tough prison sentence. So the notion that the average person who was thinking about disclosing vital, classified information would think that it goes unpunished I don't think would get that impression from the sentence that Chelsea Manning has served.It has been my view that given she went to trial, that due process was carried out, that she took responsibility for her crime, that the sentence that she received was very disproportional—disproportionate relative to what other leakers had received, and that she had served a significant amount of time, that it made it sense to commute and not pardon her sentence.And I feel very comfortable that justice has been served and that a message has still been sent that when it comes to our national security, that wherever possible, we need folks who may have legitimate concerns about the actions of Government or their superiors or the agencies in which they work, that they try to work through the established channels and avail themselves of the whistleblower protections that had been put in place.I recognize that there's some folks who think they're not enough, and I think all of us, when we're working in big institutions, may find ourselves at times at odds with policies that are set. But when it comes to national security, we're often dealing with people in the field whose lives may be put at risk or the safety and security and the ability of our military or our intelligence teams or Embassies to function effectively. And that has to be kept in mind.So with respect to WikiLeaks, I don't see a contradiction. First of all, I haven't commented on WikiLeaks, generally. The conclusions of the intelligence community with respect to the Russian hacking were not conclusive as to whether WikiLeaks was witting or not in being the conduit through which we heard about the DNC e-mails that were leaked. I don't pay a lot of attention to Mr. Assange's tweets, so that wasn't a consideration in this instance. And I'd refer you to the Justice Department for any criminal investigations, indictments, extradition issues that may come up with him.What I can say broadly is that, in this new cyber age, we're going to have to make sure that we continually work to find the right balance of accountability and openness and transparency that is the hallmark of our democracy, but also recognize that there are adversaries and bad actors out there who want to use that same openness in ways that hurt us, whether that's in trying to commit financial crimes or trying to commit acts of terrorism or folks who want to interfere with our elections.And we're going to have to continually build the kind of architecture that makes sure our—the best of our democracy is preserved; that our national security and intelligence agencies have the ability to carry out policy without advertising to our adversaries what it is that we're doing, but do so in a way that still keeps citizens up to speed on what their Government is doing on their behalf.But with respect to Chelsea Manning, I looked at the particulars of this case the same way I have for the other commutations and pardons that I've done, and I felt that in light of all the circumstances that commuting her sentence was entirely appropriate.Margaret Brennan [CBS News].
Label: Clear Non-Reply

Instance to classify:
Question: The reaction to the Russian Foreign Minister's statement about not pursuing to return to G-8.
Answer: Well, you know, we'll see. I know one thing: If they were invited back, I think they'd be there. If they weren't, that's okay too. I just think they'd be better inside than outside. I mean, as I said before, I really do; I think they'd be an asset. I think it would be a good thing.You know, some of the things—we were going in the room, and yesterday, in particular, we were discussing four or five matters. And Russia was literally involved in all of those four or five matters. And a few of the people looked up and said, you know, Why aren't they here talking to us about it? And we go: What are we going to do now? Go home? Take it easy for a day? Although, I'm not doing that. I don't take it easy.But what are we going to do? We're going to go home and start calling them at the end of the week and say, Hey, how about this? They could have been in the room.We had numerous things that we were discussing. Right? Numerous. We had a lot of things that we were discussing, and it would've been very easy if Russia was in the room. If he was in the room, we could've solved those things. Now they're just in limbo. But I have to say, with all of that, very little in limbo.But somebody will speak to him about some things, and frankly, they're not very complicated. But it would be easier if they were in the room. Okay?

Decide the label from the answer's responsiveness to the question. Do not output explanations.

Return valid JSON only: {""label"": ""<Clear Reply | Ambivalent | Clear Non-Reply>""}","{""label"": ""Clear Reply""}",Clear Reply,True,json,,
18,The guarantee that political considerations and ideological issues will play no role in the Government's response to the virus.,"Well, let me just respond quickly, and then I'm going to have Mike say something about that, because I've heard very good explanations, actually.When it came to health care, Indiana has been a leader, an absolute leader. And it was really started with others, but by Mike Pence, and he's done a phenomenal job on health care. One of the best, if not the best, in the country.And with that, I'll let Mike respond specifically, if you want to. Sure. Thank you, Mr. President. When I was Governor of the State of Indiana, we actually had two experiences with the spread of infectious diseases. The first was in 2014, when Indiana was where the very first MERS case in the United States arrived. Obviously, an infectious disease much more deadly than the coronavirus that we're dealing with today.It was then, when I was Governor, that I learned of the extraordinary capabilities of CDC. I worked with my health officials in the State of Indiana. I worked with Federal officials and, maybe most importantly, learned the invaluable role that local health officials play in dealing with the spread of infectious disease.I'm proud to say that the State of Indiana secured that patient, found out everyone they'd ever contacted. There were no additional infections, and that patient recovered. There was only one other MERS disease.",Ambivalent,"Classify how clearly the interview answer responds to the question.

Use exactly one of these labels: Clear Reply, Ambivalent, Clear Non-Reply.

Label definitions:
- Clear Reply: The answer directly and substantially addresses the question.
- Ambivalent: The answer only partially addresses the question, is vague, qualified, mixed, or leaves the response unclear.
- Clear Non-Reply: The answer clearly avoids, redirects, refuses, or otherwise does not answer the question.

Examples:
Example 1:
Question: Is ASEAN ready for the more advanced role in world affairs the U.S. would like to see it play?
Answer: I have not--I've been out of town, so I'm just seeing the press reports. I have not had a full briefing on Israel's intentions and what they've communicated to our administration. But this kind of activity is never helpful when it comes to peace negotiations. And I'm concerned that we're not seeing each side make the extra effort involved to get a breakthrough that could finally create a framework for a secure Israel living side and side--side by side in peace with a sovereign Palestine.We're going to keep on working on it, though, because it is in the world's interest, it is in the interest of the people of Israel, and it is in the interest of the Palestinian people to achieve that settlement, to achieve that agreement. But each of these incremental steps can end up breaking down trust between the parties.Even though it wasn't directed to me, I do want to just chime in briefly on the issue of China. We want China to succeed and prosper. It's good for the United States if China continues on the path of development that it's on.That means that, first of all, just from a humanitarian point of view, lifting millions of people out of poverty is a good thing. It is also a huge expanding market where America then can sell goods and services, and so we think China being prosperous and secure is a positive. And we're not interested in containing that process. We want China to continue to achieve its development goals.We do want to make sure that everybody is operating within an international framework and sets of rules in which countries recognize their responsibilities to each other. That's true for the United States. That's true for China. That's true for Indonesia. It's true for all of us. And the more that we have international mechanisms in which people say we have rights, we also have responsibilities, we're going to abide by them, we're going to hold each other accountable, the better off we'll all be. Yes, the views that I have of the future of our region, the region of Asia, including East Asia and Southeast Asia, all wish to have a region that is experiencing development, including economic development. This region should continue to be a region that is stable, a region that is peaceful and a region that is safe.In this regard, the community that is built upon in Asia, in East Asia also, and also a framework now through the East Asia summit framework, we have the responsibility to--in one area, to ensure that the cooperation in the region, especially in the area of economic cooperation, can contribute significantly to the development of the global economy that will bring benefit for all humanity.On the other spot of the coin, we also have the responsibility to ensure stability and security in our region. I am not using any theory or the theory of one power to counterbalance the other powers. But I do have the view that there must be some form of dynamic equilibrium in Asia-Pacific, in East and Southeast Asia. And the formation of such regional cooperation such that is East Asia summit, where there are 10 countries from ASEAN and there is also China, Republic of Korea, Japan, India, Australia, New Zealand, and now Russia and the United States, therefore, I have faith that it will be more effective to ensure peace, stability, and order in this region.And in this regard, with such a condition, such cooperation in the area of economic will go effectively, and it is Indonesia's hope that China and the U.S. relations will continue to flow well because if something happens between those two states, it will have severe impacts to not only countries in the region, in Asia, but also to the world.For that reason, I hope that the economic relations between the U.S. and China will continue to proceed well, despite the geopolitical developments. We also hope to contribute to creating a region in East Asia, in Southeast Asia, and especially in Asia-Pacific, to become a region that is stable and productive.That is my views in general on the regional architecture issues and the future cooperation in our region.Thank you very much.
Label: Clear Reply

Example 2:
Question: Possibility of court battle over actions on immigration extending late into the term, what can be done for the people affected by the program and now in limbo, and the view on the possibility of ending the term without accomplishing goals on immigration.
Answer: On Ukraine and Russia and Minsk, there is strong consensus that we need to keep pushing Russia to abide by the terms of the Minsk agreement; we need to continue to support and encourage Ukraine to meet its obligations under Minsk; that until that's completed, sanctions remain in place.There was discussion about additional steps that we might need to take if Russia, working through separatists, doubled down on aggression inside of Ukraine. We—those discussions are taking place at a technical level, not yet at a political level, because I think the first goal here going into a European Council meeting that's coming up is just rolling over the existing sanctions. But I think at a technical level, we want to be prepared.Our hope is, is that we don't have to take additional steps because the Minsk agreement is met. And I want to give enormous credit to Chancellor Merkel, along with President Hollande, who have shown extraordinary stick-to-itiveness and patience in trying to get that done.Ultimately, this is going to be an issue for Mr. Putin. He's got to make a decision: Does he continue to wreck his country's economy and continue Russia's isolation in pursuit of a wrongheaded desire to recreate the glories of the Soviet empire, or does he recognize that Russia's greatness does not depend on violating the territorial integrity and sovereignty of other countries?And as I mentioned earlier, the costs that the Russian people are bearing are severe. That's being felt. It may not always be understood why they're suffering, because of state media inside of Russia and propaganda coming out of state media in Russia and to Russian speakers. But the truth of the matter is, is that the Russian people would greatly benefit. And ironically, one of the rationales that Mr. Putin provided for his incursions into Ukraine was to protect Russian speakers there. Well, Russian speakers inside of Ukraine are precisely the ones who are bearing the brunt of the fighting. Their economy has collapsed. Their lives are disordered. Many of them are displaced. Their homes may have been destroyed. They're suffering. And the best way for them to stop suffering is if the Minsk agreement is fully implemented.Christi—oh, immigration. With respect to immigration, obviously, I'm frustrated by a district court ruling that now is wending its way through the appeals process. We are being as aggressive as we can legally to, first and foremost, appeal that ruling, and then to implement those elements of immigration executive actions that were not challenged in court.But obviously, the centerpiece, one of the key provisions for me was being able to get folks who are undocumented to go through a background check—criminal background check—pay back taxes, and then have a legal status. And that requires an entire administrative apparatus and us getting them to apply and come clean.I made a decision, which I think is the right one, that we should not accept applications until the legal status of this is clarified. I am absolutely convinced this is well within my legal authority, Department of Homeland Security's legal authority. If you look at the precedent, if you look at the traditional discretion that the executive branch possesses when it comes to applying immigration laws, I am convinced that what we're doing is lawful, and our lawyers are convinced that what we're doing is lawful.But the United States is a government of laws and separations of power, and when a—even if it's a individual district court judge who's making this determination, we've got to go through the process to challenge it. And until we get clarity there, I don't want to bring people in, have them apply and jump through a lot of hoops, only to have it deferred and delayed further.Of course, there's one really great way to solve this problem, and that would be Congress going ahead and acting, which would obviate the need for executive actions. The majority of the American people, I think, still want to see that happen. I suspect it will be a major topic of the next Presidential campaign.And so we will continue to push as hard as we can on all fronts to fix a broken immigration system. Administratively, we'll be prepared if and when we get the kind of ruling that I think we should have gotten in the first place about our authorities to go ahead and implement. But ultimately, this has never fully replaced the need for Congress to act. And my hope is, is that after a number of the other issues that we're working on currently get cleared, that there—some quiet conversations start up—back up again, particularly in the Republican Party, about the shortsighted approach that they're taking when it comes to immigration.Okay. Christi Parsons [Los Angeles Times].
Label: Ambivalent

Example 3:
Question: Reconciliation of commuting Manning's sentence with WikiLeaks' connection to Russia's hacking in the last year's election:
Answer: Well, first of all, let's be clear: Chelsea Manning has served a tough prison sentence. So the notion that the average person who was thinking about disclosing vital, classified information would think that it goes unpunished I don't think would get that impression from the sentence that Chelsea Manning has served.It has been my view that given she went to trial, that due process was carried out, that she took responsibility for her crime, that the sentence that she received was very disproportional—disproportionate relative to what other leakers had received, and that she had served a significant amount of time, that it made it sense to commute and not pardon her sentence.And I feel very comfortable that justice has been served and that a message has still been sent that when it comes to our national security, that wherever possible, we need folks who may have legitimate concerns about the actions of Government or their superiors or the agencies in which they work, that they try to work through the established channels and avail themselves of the whistleblower protections that had been put in place.I recognize that there's some folks who think they're not enough, and I think all of us, when we're working in big institutions, may find ourselves at times at odds with policies that are set. But when it comes to national security, we're often dealing with people in the field whose lives may be put at risk or the safety and security and the ability of our military or our intelligence teams or Embassies to function effectively. And that has to be kept in mind.So with respect to WikiLeaks, I don't see a contradiction. First of all, I haven't commented on WikiLeaks, generally. The conclusions of the intelligence community with respect to the Russian hacking were not conclusive as to whether WikiLeaks was witting or not in being the conduit through which we heard about the DNC e-mails that were leaked. I don't pay a lot of attention to Mr. Assange's tweets, so that wasn't a consideration in this instance. And I'd refer you to the Justice Department for any criminal investigations, indictments, extradition issues that may come up with him.What I can say broadly is that, in this new cyber age, we're going to have to make sure that we continually work to find the right balance of accountability and openness and transparency that is the hallmark of our democracy, but also recognize that there are adversaries and bad actors out there who want to use that same openness in ways that hurt us, whether that's in trying to commit financial crimes or trying to commit acts of terrorism or folks who want to interfere with our elections.And we're going to have to continually build the kind of architecture that makes sure our—the best of our democracy is preserved; that our national security and intelligence agencies have the ability to carry out policy without advertising to our adversaries what it is that we're doing, but do so in a way that still keeps citizens up to speed on what their Government is doing on their behalf.But with respect to Chelsea Manning, I looked at the particulars of this case the same way I have for the other commutations and pardons that I've done, and I felt that in light of all the circumstances that commuting her sentence was entirely appropriate.Margaret Brennan [CBS News].
Label: Clear Non-Reply

Instance to classify:
Question: The guarantee that political considerations and ideological issues will play no role in the Government's response to the virus.
Answer: Well, let me just respond quickly, and then I'm going to have Mike say something about that, because I've heard very good explanations, actually.When it came to health care, Indiana has been a leader, an absolute leader. And it was really started with others, but by Mike Pence, and he's done a phenomenal job on health care. One of the best, if not the best, in the country.And with that, I'll let Mike respond specifically, if you want to. Sure. Thank you, Mr. President. When I was Governor of the State of Indiana, we actually had two experiences with the spread of infectious diseases. The first was in 2014, when Indiana was where the very first MERS case in the United States arrived. Obviously, an infectious disease much more deadly than the coronavirus that we're dealing with today.It was then, when I was Governor, that I learned of the extraordinary capabilities of CDC. I worked with my health officials in the State of Indiana. I worked with Federal officials and, maybe most importantly, learned the invaluable role that local health officials play in dealing with the spread of infectious disease.I'm proud to say that the State of Indiana secured that patient, found out everyone they'd ever contacted. There were no additional infections, and that patient recovered. There was only one other MERS disease.

Decide the label from the answer's responsiveness to the question. Do not output explanations.

Return valid JSON only: {""label"": ""<Clear Reply | Ambivalent | Clear Non-Reply>""}","{""label"": ""Clear Reply""}",Clear Reply,True,json,,
19, Is it actually realistic to end the pandemic by 2022?,"It is—it may take slight—slightly longer than—worldwide. But the United States is going to continue—I think there's a possibility, over 2022 going into 2023, that we would be able to be in a position to provide another billion—us. But that's not done yet.I only—I've been very careful, as I've dealt with this pandemic, to tell you what I know and say what I thought could be done, and when I've announced that I've gone and done it. What I don't want to do is be getting too far ahead in suggesting that we can do things and I can do things—the United States can do things that I don't have done yet.So I—there was a clear consensus among all our colleagues at the G-7 that this wasn't the end; we were going to stay at it until we're able to provide for—able to provide for—the needs of the whole world, in terms—because, look, it's not just the right thing to do. And from a—how can I say it?—from a moral standpoint. But it is also the correct thing to do, in terms of our own health, our own security. You can't build a wall high enough to keep out new strains. You can't do that.And so I think this is going to be a constant project for a long time. And there may be other pandemics. We—again, setting up a system whereby we can detect—before it gets out of control—one, a pandemic, that may be on the horizon—a virus—is important.So we are not going to—as long as there's nations in need that—being able to be vaccinated, we in fact—not only that: We've been engaged in helping—which I've made clear, and most of our—my colleagues understood it. I mean, they understood it—knew it from trying it themselves. This is a gigantic logistical effort. It's one thing to send nation X, X number—Y number of vaccines. It's another thing to have the people that can actually get it in somebody's arm. And so we are also providing the ability for other countries to manufacture their vaccines. We've all agreed on that.India has the capacity to do that. They don't have the material capacity thus far to do the manufacturing. But there's a lot going on to provide—not only to, quote, give vaccines, but to provide the ability of the countries in question to produce their own vaccines. Last question. Last question. The President. I'm not going to answer it. No, I'm joking. Last question.Peter Alexander, NBC News.",Clear Non-Reply,"Classify how clearly the interview answer responds to the question.

Use exactly one of these labels: Clear Reply, Ambivalent, Clear Non-Reply.

Label definitions:
- Clear Reply: The answer directly and substantially addresses the question.
- Ambivalent: The answer only partially addresses the question, is vague, qualified, mixed, or leaves the response unclear.
- Clear Non-Reply: The answer clearly avoids, redirects, refuses, or otherwise does not answer the question.

Examples:
Example 1:
Question: Is ASEAN ready for the more advanced role in world affairs the U.S. would like to see it play?
Answer: I have not--I've been out of town, so I'm just seeing the press reports. I have not had a full briefing on Israel's intentions and what they've communicated to our administration. But this kind of activity is never helpful when it comes to peace negotiations. And I'm concerned that we're not seeing each side make the extra effort involved to get a breakthrough that could finally create a framework for a secure Israel living side and side--side by side in peace with a sovereign Palestine.We're going to keep on working on it, though, because it is in the world's interest, it is in the interest of the people of Israel, and it is in the interest of the Palestinian people to achieve that settlement, to achieve that agreement. But each of these incremental steps can end up breaking down trust between the parties.Even though it wasn't directed to me, I do want to just chime in briefly on the issue of China. We want China to succeed and prosper. It's good for the United States if China continues on the path of development that it's on.That means that, first of all, just from a humanitarian point of view, lifting millions of people out of poverty is a good thing. It is also a huge expanding market where America then can sell goods and services, and so we think China being prosperous and secure is a positive. And we're not interested in containing that process. We want China to continue to achieve its development goals.We do want to make sure that everybody is operating within an international framework and sets of rules in which countries recognize their responsibilities to each other. That's true for the United States. That's true for China. That's true for Indonesia. It's true for all of us. And the more that we have international mechanisms in which people say we have rights, we also have responsibilities, we're going to abide by them, we're going to hold each other accountable, the better off we'll all be. Yes, the views that I have of the future of our region, the region of Asia, including East Asia and Southeast Asia, all wish to have a region that is experiencing development, including economic development. This region should continue to be a region that is stable, a region that is peaceful and a region that is safe.In this regard, the community that is built upon in Asia, in East Asia also, and also a framework now through the East Asia summit framework, we have the responsibility to--in one area, to ensure that the cooperation in the region, especially in the area of economic cooperation, can contribute significantly to the development of the global economy that will bring benefit for all humanity.On the other spot of the coin, we also have the responsibility to ensure stability and security in our region. I am not using any theory or the theory of one power to counterbalance the other powers. But I do have the view that there must be some form of dynamic equilibrium in Asia-Pacific, in East and Southeast Asia. And the formation of such regional cooperation such that is East Asia summit, where there are 10 countries from ASEAN and there is also China, Republic of Korea, Japan, India, Australia, New Zealand, and now Russia and the United States, therefore, I have faith that it will be more effective to ensure peace, stability, and order in this region.And in this regard, with such a condition, such cooperation in the area of economic will go effectively, and it is Indonesia's hope that China and the U.S. relations will continue to flow well because if something happens between those two states, it will have severe impacts to not only countries in the region, in Asia, but also to the world.For that reason, I hope that the economic relations between the U.S. and China will continue to proceed well, despite the geopolitical developments. We also hope to contribute to creating a region in East Asia, in Southeast Asia, and especially in Asia-Pacific, to become a region that is stable and productive.That is my views in general on the regional architecture issues and the future cooperation in our region.Thank you very much.
Label: Clear Reply

Example 2:
Question: Possibility of court battle over actions on immigration extending late into the term, what can be done for the people affected by the program and now in limbo, and the view on the possibility of ending the term without accomplishing goals on immigration.
Answer: On Ukraine and Russia and Minsk, there is strong consensus that we need to keep pushing Russia to abide by the terms of the Minsk agreement; we need to continue to support and encourage Ukraine to meet its obligations under Minsk; that until that's completed, sanctions remain in place.There was discussion about additional steps that we might need to take if Russia, working through separatists, doubled down on aggression inside of Ukraine. We—those discussions are taking place at a technical level, not yet at a political level, because I think the first goal here going into a European Council meeting that's coming up is just rolling over the existing sanctions. But I think at a technical level, we want to be prepared.Our hope is, is that we don't have to take additional steps because the Minsk agreement is met. And I want to give enormous credit to Chancellor Merkel, along with President Hollande, who have shown extraordinary stick-to-itiveness and patience in trying to get that done.Ultimately, this is going to be an issue for Mr. Putin. He's got to make a decision: Does he continue to wreck his country's economy and continue Russia's isolation in pursuit of a wrongheaded desire to recreate the glories of the Soviet empire, or does he recognize that Russia's greatness does not depend on violating the territorial integrity and sovereignty of other countries?And as I mentioned earlier, the costs that the Russian people are bearing are severe. That's being felt. It may not always be understood why they're suffering, because of state media inside of Russia and propaganda coming out of state media in Russia and to Russian speakers. But the truth of the matter is, is that the Russian people would greatly benefit. And ironically, one of the rationales that Mr. Putin provided for his incursions into Ukraine was to protect Russian speakers there. Well, Russian speakers inside of Ukraine are precisely the ones who are bearing the brunt of the fighting. Their economy has collapsed. Their lives are disordered. Many of them are displaced. Their homes may have been destroyed. They're suffering. And the best way for them to stop suffering is if the Minsk agreement is fully implemented.Christi—oh, immigration. With respect to immigration, obviously, I'm frustrated by a district court ruling that now is wending its way through the appeals process. We are being as aggressive as we can legally to, first and foremost, appeal that ruling, and then to implement those elements of immigration executive actions that were not challenged in court.But obviously, the centerpiece, one of the key provisions for me was being able to get folks who are undocumented to go through a background check—criminal background check—pay back taxes, and then have a legal status. And that requires an entire administrative apparatus and us getting them to apply and come clean.I made a decision, which I think is the right one, that we should not accept applications until the legal status of this is clarified. I am absolutely convinced this is well within my legal authority, Department of Homeland Security's legal authority. If you look at the precedent, if you look at the traditional discretion that the executive branch possesses when it comes to applying immigration laws, I am convinced that what we're doing is lawful, and our lawyers are convinced that what we're doing is lawful.But the United States is a government of laws and separations of power, and when a—even if it's a individual district court judge who's making this determination, we've got to go through the process to challenge it. And until we get clarity there, I don't want to bring people in, have them apply and jump through a lot of hoops, only to have it deferred and delayed further.Of course, there's one really great way to solve this problem, and that would be Congress going ahead and acting, which would obviate the need for executive actions. The majority of the American people, I think, still want to see that happen. I suspect it will be a major topic of the next Presidential campaign.And so we will continue to push as hard as we can on all fronts to fix a broken immigration system. Administratively, we'll be prepared if and when we get the kind of ruling that I think we should have gotten in the first place about our authorities to go ahead and implement. But ultimately, this has never fully replaced the need for Congress to act. And my hope is, is that after a number of the other issues that we're working on currently get cleared, that there—some quiet conversations start up—back up again, particularly in the Republican Party, about the shortsighted approach that they're taking when it comes to immigration.Okay. Christi Parsons [Los Angeles Times].
Label: Ambivalent

Example 3:
Question: Reconciliation of commuting Manning's sentence with WikiLeaks' connection to Russia's hacking in the last year's election:
Answer: Well, first of all, let's be clear: Chelsea Manning has served a tough prison sentence. So the notion that the average person who was thinking about disclosing vital, classified information would think that it goes unpunished I don't think would get that impression from the sentence that Chelsea Manning has served.It has been my view that given she went to trial, that due process was carried out, that she took responsibility for her crime, that the sentence that she received was very disproportional—disproportionate relative to what other leakers had received, and that she had served a significant amount of time, that it made it sense to commute and not pardon her sentence.And I feel very comfortable that justice has been served and that a message has still been sent that when it comes to our national security, that wherever possible, we need folks who may have legitimate concerns about the actions of Government or their superiors or the agencies in which they work, that they try to work through the established channels and avail themselves of the whistleblower protections that had been put in place.I recognize that there's some folks who think they're not enough, and I think all of us, when we're working in big institutions, may find ourselves at times at odds with policies that are set. But when it comes to national security, we're often dealing with people in the field whose lives may be put at risk or the safety and security and the ability of our military or our intelligence teams or Embassies to function effectively. And that has to be kept in mind.So with respect to WikiLeaks, I don't see a contradiction. First of all, I haven't commented on WikiLeaks, generally. The conclusions of the intelligence community with respect to the Russian hacking were not conclusive as to whether WikiLeaks was witting or not in being the conduit through which we heard about the DNC e-mails that were leaked. I don't pay a lot of attention to Mr. Assange's tweets, so that wasn't a consideration in this instance. And I'd refer you to the Justice Department for any criminal investigations, indictments, extradition issues that may come up with him.What I can say broadly is that, in this new cyber age, we're going to have to make sure that we continually work to find the right balance of accountability and openness and transparency that is the hallmark of our democracy, but also recognize that there are adversaries and bad actors out there who want to use that same openness in ways that hurt us, whether that's in trying to commit financial crimes or trying to commit acts of terrorism or folks who want to interfere with our elections.And we're going to have to continually build the kind of architecture that makes sure our—the best of our democracy is preserved; that our national security and intelligence agencies have the ability to carry out policy without advertising to our adversaries what it is that we're doing, but do so in a way that still keeps citizens up to speed on what their Government is doing on their behalf.But with respect to Chelsea Manning, I looked at the particulars of this case the same way I have for the other commutations and pardons that I've done, and I felt that in light of all the circumstances that commuting her sentence was entirely appropriate.Margaret Brennan [CBS News].
Label: Clear Non-Reply

Instance to classify:
Question: Is it actually realistic to end the pandemic by 2022?
Answer: It is—it may take slight—slightly longer than—worldwide. But the United States is going to continue—I think there's a possibility, over 2022 going into 2023, that we would be able to be in a position to provide another billion—us. But that's not done yet.I only—I've been very careful, as I've dealt with this pandemic, to tell you what I know and say what I thought could be done, and when I've announced that I've gone and done it. What I don't want to do is be getting too far ahead in suggesting that we can do things and I can do things—the United States can do things that I don't have done yet.So I—there was a clear consensus among all our colleagues at the G-7 that this wasn't the end; we were going to stay at it until we're able to provide for—able to provide for—the needs of the whole world, in terms—because, look, it's not just the right thing to do. And from a—how can I say it?—from a moral standpoint. But it is also the correct thing to do, in terms of our own health, our own security. You can't build a wall high enough to keep out new strains. You can't do that.And so I think this is going to be a constant project for a long time. And there may be other pandemics. We—again, setting up a system whereby we can detect—before it gets out of control—one, a pandemic, that may be on the horizon—a virus—is important.So we are not going to—as long as there's nations in need that—being able to be vaccinated, we in fact—not only that: We've been engaged in helping—which I've made clear, and most of our—my colleagues understood it. I mean, they understood it—knew it from trying it themselves. This is a gigantic logistical effort. It's one thing to send nation X, X number—Y number of vaccines. It's another thing to have the people that can actually get it in somebody's arm. And so we are also providing the ability for other countries to manufacture their vaccines. We've all agreed on that.India has the capacity to do that. They don't have the material capacity thus far to do the manufacturing. But there's a lot going on to provide—not only to, quote, give vaccines, but to provide the ability of the countries in question to produce their own vaccines. Last question. Last question. The President. I'm not going to answer it. No, I'm joking. Last question.Peter Alexander, NBC News.

Decide the label from the answer's responsiveness to the question. Do not output explanations.

Return valid JSON only: {""label"": ""<Clear Reply | Ambivalent | Clear Non-Reply>""}","{""label"": ""Clear Reply""}",Clear Reply,True,json,,
20,Why do you believe that their motive is politics rather than public safety?,"Well, I think that if you look at Pennsylvania, as an example; if you look at various other States—I won't get into them—the people want to go back. The numbers are getting to a point where they can, and there just seems to be no effort on certain blue States to get back into gear. And the people aren't going to stand for it; they want to get back.They're not going to stand for it. They want our country opened. I want our country opened too. I want it opened safely, but I want it open.Don't forget, people are dying the other route. You can go with the enclosed route: Everything is closed up, you're in your house, you're not allowed to move. People are dying with that too. You look at drug addiction, you look at suicides, you look at some of the things that are taking place, people are dying that way too. You could make the case, it's in even greater numbers.So it's a situation that some people—and I've noticed that some States could be moving more quickly. And also, at the same time, safety. Look, safety is paramount. But people are dying in the lockdown position too. And everybody understands that. They're just starting to find out. And look at what's going on with drugs, and look at what's happening with suicides.Yes, please. Please, go ahead.",Ambivalent,"Classify how clearly the interview answer responds to the question.

Use exactly one of these labels: Clear Reply, Ambivalent, Clear Non-Reply.

Label definitions:
- Clear Reply: The answer directly and substantially addresses the question.
- Ambivalent: The answer only partially addresses the question, is vague, qualified, mixed, or leaves the response unclear.
- Clear Non-Reply: The answer clearly avoids, redirects, refuses, or otherwise does not answer the question.

Examples:
Example 1:
Question: Is ASEAN ready for the more advanced role in world affairs the U.S. would like to see it play?
Answer: I have not--I've been out of town, so I'm just seeing the press reports. I have not had a full briefing on Israel's intentions and what they've communicated to our administration. But this kind of activity is never helpful when it comes to peace negotiations. And I'm concerned that we're not seeing each side make the extra effort involved to get a breakthrough that could finally create a framework for a secure Israel living side and side--side by side in peace with a sovereign Palestine.We're going to keep on working on it, though, because it is in the world's interest, it is in the interest of the people of Israel, and it is in the interest of the Palestinian people to achieve that settlement, to achieve that agreement. But each of these incremental steps can end up breaking down trust between the parties.Even though it wasn't directed to me, I do want to just chime in briefly on the issue of China. We want China to succeed and prosper. It's good for the United States if China continues on the path of development that it's on.That means that, first of all, just from a humanitarian point of view, lifting millions of people out of poverty is a good thing. It is also a huge expanding market where America then can sell goods and services, and so we think China being prosperous and secure is a positive. And we're not interested in containing that process. We want China to continue to achieve its development goals.We do want to make sure that everybody is operating within an international framework and sets of rules in which countries recognize their responsibilities to each other. That's true for the United States. That's true for China. That's true for Indonesia. It's true for all of us. And the more that we have international mechanisms in which people say we have rights, we also have responsibilities, we're going to abide by them, we're going to hold each other accountable, the better off we'll all be. Yes, the views that I have of the future of our region, the region of Asia, including East Asia and Southeast Asia, all wish to have a region that is experiencing development, including economic development. This region should continue to be a region that is stable, a region that is peaceful and a region that is safe.In this regard, the community that is built upon in Asia, in East Asia also, and also a framework now through the East Asia summit framework, we have the responsibility to--in one area, to ensure that the cooperation in the region, especially in the area of economic cooperation, can contribute significantly to the development of the global economy that will bring benefit for all humanity.On the other spot of the coin, we also have the responsibility to ensure stability and security in our region. I am not using any theory or the theory of one power to counterbalance the other powers. But I do have the view that there must be some form of dynamic equilibrium in Asia-Pacific, in East and Southeast Asia. And the formation of such regional cooperation such that is East Asia summit, where there are 10 countries from ASEAN and there is also China, Republic of Korea, Japan, India, Australia, New Zealand, and now Russia and the United States, therefore, I have faith that it will be more effective to ensure peace, stability, and order in this region.And in this regard, with such a condition, such cooperation in the area of economic will go effectively, and it is Indonesia's hope that China and the U.S. relations will continue to flow well because if something happens between those two states, it will have severe impacts to not only countries in the region, in Asia, but also to the world.For that reason, I hope that the economic relations between the U.S. and China will continue to proceed well, despite the geopolitical developments. We also hope to contribute to creating a region in East Asia, in Southeast Asia, and especially in Asia-Pacific, to become a region that is stable and productive.That is my views in general on the regional architecture issues and the future cooperation in our region.Thank you very much.
Label: Clear Reply

Example 2:
Question: Possibility of court battle over actions on immigration extending late into the term, what can be done for the people affected by the program and now in limbo, and the view on the possibility of ending the term without accomplishing goals on immigration.
Answer: On Ukraine and Russia and Minsk, there is strong consensus that we need to keep pushing Russia to abide by the terms of the Minsk agreement; we need to continue to support and encourage Ukraine to meet its obligations under Minsk; that until that's completed, sanctions remain in place.There was discussion about additional steps that we might need to take if Russia, working through separatists, doubled down on aggression inside of Ukraine. We—those discussions are taking place at a technical level, not yet at a political level, because I think the first goal here going into a European Council meeting that's coming up is just rolling over the existing sanctions. But I think at a technical level, we want to be prepared.Our hope is, is that we don't have to take additional steps because the Minsk agreement is met. And I want to give enormous credit to Chancellor Merkel, along with President Hollande, who have shown extraordinary stick-to-itiveness and patience in trying to get that done.Ultimately, this is going to be an issue for Mr. Putin. He's got to make a decision: Does he continue to wreck his country's economy and continue Russia's isolation in pursuit of a wrongheaded desire to recreate the glories of the Soviet empire, or does he recognize that Russia's greatness does not depend on violating the territorial integrity and sovereignty of other countries?And as I mentioned earlier, the costs that the Russian people are bearing are severe. That's being felt. It may not always be understood why they're suffering, because of state media inside of Russia and propaganda coming out of state media in Russia and to Russian speakers. But the truth of the matter is, is that the Russian people would greatly benefit. And ironically, one of the rationales that Mr. Putin provided for his incursions into Ukraine was to protect Russian speakers there. Well, Russian speakers inside of Ukraine are precisely the ones who are bearing the brunt of the fighting. Their economy has collapsed. Their lives are disordered. Many of them are displaced. Their homes may have been destroyed. They're suffering. And the best way for them to stop suffering is if the Minsk agreement is fully implemented.Christi—oh, immigration. With respect to immigration, obviously, I'm frustrated by a district court ruling that now is wending its way through the appeals process. We are being as aggressive as we can legally to, first and foremost, appeal that ruling, and then to implement those elements of immigration executive actions that were not challenged in court.But obviously, the centerpiece, one of the key provisions for me was being able to get folks who are undocumented to go through a background check—criminal background check—pay back taxes, and then have a legal status. And that requires an entire administrative apparatus and us getting them to apply and come clean.I made a decision, which I think is the right one, that we should not accept applications until the legal status of this is clarified. I am absolutely convinced this is well within my legal authority, Department of Homeland Security's legal authority. If you look at the precedent, if you look at the traditional discretion that the executive branch possesses when it comes to applying immigration laws, I am convinced that what we're doing is lawful, and our lawyers are convinced that what we're doing is lawful.But the United States is a government of laws and separations of power, and when a—even if it's a individual district court judge who's making this determination, we've got to go through the process to challenge it. And until we get clarity there, I don't want to bring people in, have them apply and jump through a lot of hoops, only to have it deferred and delayed further.Of course, there's one really great way to solve this problem, and that would be Congress going ahead and acting, which would obviate the need for executive actions. The majority of the American people, I think, still want to see that happen. I suspect it will be a major topic of the next Presidential campaign.And so we will continue to push as hard as we can on all fronts to fix a broken immigration system. Administratively, we'll be prepared if and when we get the kind of ruling that I think we should have gotten in the first place about our authorities to go ahead and implement. But ultimately, this has never fully replaced the need for Congress to act. And my hope is, is that after a number of the other issues that we're working on currently get cleared, that there—some quiet conversations start up—back up again, particularly in the Republican Party, about the shortsighted approach that they're taking when it comes to immigration.Okay. Christi Parsons [Los Angeles Times].
Label: Ambivalent

Example 3:
Question: Reconciliation of commuting Manning's sentence with WikiLeaks' connection to Russia's hacking in the last year's election:
Answer: Well, first of all, let's be clear: Chelsea Manning has served a tough prison sentence. So the notion that the average person who was thinking about disclosing vital, classified information would think that it goes unpunished I don't think would get that impression from the sentence that Chelsea Manning has served.It has been my view that given she went to trial, that due process was carried out, that she took responsibility for her crime, that the sentence that she received was very disproportional—disproportionate relative to what other leakers had received, and that she had served a significant amount of time, that it made it sense to commute and not pardon her sentence.And I feel very comfortable that justice has been served and that a message has still been sent that when it comes to our national security, that wherever possible, we need folks who may have legitimate concerns about the actions of Government or their superiors or the agencies in which they work, that they try to work through the established channels and avail themselves of the whistleblower protections that had been put in place.I recognize that there's some folks who think they're not enough, and I think all of us, when we're working in big institutions, may find ourselves at times at odds with policies that are set. But when it comes to national security, we're often dealing with people in the field whose lives may be put at risk or the safety and security and the ability of our military or our intelligence teams or Embassies to function effectively. And that has to be kept in mind.So with respect to WikiLeaks, I don't see a contradiction. First of all, I haven't commented on WikiLeaks, generally. The conclusions of the intelligence community with respect to the Russian hacking were not conclusive as to whether WikiLeaks was witting or not in being the conduit through which we heard about the DNC e-mails that were leaked. I don't pay a lot of attention to Mr. Assange's tweets, so that wasn't a consideration in this instance. And I'd refer you to the Justice Department for any criminal investigations, indictments, extradition issues that may come up with him.What I can say broadly is that, in this new cyber age, we're going to have to make sure that we continually work to find the right balance of accountability and openness and transparency that is the hallmark of our democracy, but also recognize that there are adversaries and bad actors out there who want to use that same openness in ways that hurt us, whether that's in trying to commit financial crimes or trying to commit acts of terrorism or folks who want to interfere with our elections.And we're going to have to continually build the kind of architecture that makes sure our—the best of our democracy is preserved; that our national security and intelligence agencies have the ability to carry out policy without advertising to our adversaries what it is that we're doing, but do so in a way that still keeps citizens up to speed on what their Government is doing on their behalf.But with respect to Chelsea Manning, I looked at the particulars of this case the same way I have for the other commutations and pardons that I've done, and I felt that in light of all the circumstances that commuting her sentence was entirely appropriate.Margaret Brennan [CBS News].
Label: Clear Non-Reply

Instance to classify:
Question: Why do you believe that their motive is politics rather than public safety?
Answer: Well, I think that if you look at Pennsylvania, as an example; if you look at various other States—I won't get into them—the people want to go back. The numbers are getting to a point where they can, and there just seems to be no effort on certain blue States to get back into gear. And the people aren't going to stand for it; they want to get back.They're not going to stand for it. They want our country opened. I want our country opened too. I want it opened safely, but I want it open.Don't forget, people are dying the other route. You can go with the enclosed route: Everything is closed up, you're in your house, you're not allowed to move. People are dying with that too. You look at drug addiction, you look at suicides, you look at some of the things that are taking place, people are dying that way too. You could make the case, it's in even greater numbers.So it's a situation that some people—and I've noticed that some States could be moving more quickly. And also, at the same time, safety. Look, safety is paramount. But people are dying in the lockdown position too. And everybody understands that. They're just starting to find out. And look at what's going on with drugs, and look at what's happening with suicides.Yes, please. Please, go ahead.

Decide the label from the answer's responsiveness to the question. Do not output explanations.

Return valid JSON only: {""label"": ""<Clear Reply | Ambivalent | Clear Non-Reply>""}","{""label"": ""Clear Reply""}",Clear Reply,True,json,,
21, Is the person currently working with China?,Yes.,Clear Reply,"Classify how clearly the interview answer responds to the question.

Use exactly one of these labels: Clear Reply, Ambivalent, Clear Non-Reply.

Label definitions:
- Clear Reply: The answer directly and substantially addresses the question.
- Ambivalent: The answer only partially addresses the question, is vague, qualified, mixed, or leaves the response unclear.
- Clear Non-Reply: The answer clearly avoids, redirects, refuses, or otherwise does not answer the question.

Examples:
Example 1:
Question: Is ASEAN ready for the more advanced role in world affairs the U.S. would like to see it play?
Answer: I have not--I've been out of town, so I'm just seeing the press reports. I have not had a full briefing on Israel's intentions and what they've communicated to our administration. But this kind of activity is never helpful when it comes to peace negotiations. And I'm concerned that we're not seeing each side make the extra effort involved to get a breakthrough that could finally create a framework for a secure Israel living side and side--side by side in peace with a sovereign Palestine.We're going to keep on working on it, though, because it is in the world's interest, it is in the interest of the people of Israel, and it is in the interest of the Palestinian people to achieve that settlement, to achieve that agreement. But each of these incremental steps can end up breaking down trust between the parties.Even though it wasn't directed to me, I do want to just chime in briefly on the issue of China. We want China to succeed and prosper. It's good for the United States if China continues on the path of development that it's on.That means that, first of all, just from a humanitarian point of view, lifting millions of people out of poverty is a good thing. It is also a huge expanding market where America then can sell goods and services, and so we think China being prosperous and secure is a positive. And we're not interested in containing that process. We want China to continue to achieve its development goals.We do want to make sure that everybody is operating within an international framework and sets of rules in which countries recognize their responsibilities to each other. That's true for the United States. That's true for China. That's true for Indonesia. It's true for all of us. And the more that we have international mechanisms in which people say we have rights, we also have responsibilities, we're going to abide by them, we're going to hold each other accountable, the better off we'll all be. Yes, the views that I have of the future of our region, the region of Asia, including East Asia and Southeast Asia, all wish to have a region that is experiencing development, including economic development. This region should continue to be a region that is stable, a region that is peaceful and a region that is safe.In this regard, the community that is built upon in Asia, in East Asia also, and also a framework now through the East Asia summit framework, we have the responsibility to--in one area, to ensure that the cooperation in the region, especially in the area of economic cooperation, can contribute significantly to the development of the global economy that will bring benefit for all humanity.On the other spot of the coin, we also have the responsibility to ensure stability and security in our region. I am not using any theory or the theory of one power to counterbalance the other powers. But I do have the view that there must be some form of dynamic equilibrium in Asia-Pacific, in East and Southeast Asia. And the formation of such regional cooperation such that is East Asia summit, where there are 10 countries from ASEAN and there is also China, Republic of Korea, Japan, India, Australia, New Zealand, and now Russia and the United States, therefore, I have faith that it will be more effective to ensure peace, stability, and order in this region.And in this regard, with such a condition, such cooperation in the area of economic will go effectively, and it is Indonesia's hope that China and the U.S. relations will continue to flow well because if something happens between those two states, it will have severe impacts to not only countries in the region, in Asia, but also to the world.For that reason, I hope that the economic relations between the U.S. and China will continue to proceed well, despite the geopolitical developments. We also hope to contribute to creating a region in East Asia, in Southeast Asia, and especially in Asia-Pacific, to become a region that is stable and productive.That is my views in general on the regional architecture issues and the future cooperation in our region.Thank you very much.
Label: Clear Reply

Example 2:
Question: Possibility of court battle over actions on immigration extending late into the term, what can be done for the people affected by the program and now in limbo, and the view on the possibility of ending the term without accomplishing goals on immigration.
Answer: On Ukraine and Russia and Minsk, there is strong consensus that we need to keep pushing Russia to abide by the terms of the Minsk agreement; we need to continue to support and encourage Ukraine to meet its obligations under Minsk; that until that's completed, sanctions remain in place.There was discussion about additional steps that we might need to take if Russia, working through separatists, doubled down on aggression inside of Ukraine. We—those discussions are taking place at a technical level, not yet at a political level, because I think the first goal here going into a European Council meeting that's coming up is just rolling over the existing sanctions. But I think at a technical level, we want to be prepared.Our hope is, is that we don't have to take additional steps because the Minsk agreement is met. And I want to give enormous credit to Chancellor Merkel, along with President Hollande, who have shown extraordinary stick-to-itiveness and patience in trying to get that done.Ultimately, this is going to be an issue for Mr. Putin. He's got to make a decision: Does he continue to wreck his country's economy and continue Russia's isolation in pursuit of a wrongheaded desire to recreate the glories of the Soviet empire, or does he recognize that Russia's greatness does not depend on violating the territorial integrity and sovereignty of other countries?And as I mentioned earlier, the costs that the Russian people are bearing are severe. That's being felt. It may not always be understood why they're suffering, because of state media inside of Russia and propaganda coming out of state media in Russia and to Russian speakers. But the truth of the matter is, is that the Russian people would greatly benefit. And ironically, one of the rationales that Mr. Putin provided for his incursions into Ukraine was to protect Russian speakers there. Well, Russian speakers inside of Ukraine are precisely the ones who are bearing the brunt of the fighting. Their economy has collapsed. Their lives are disordered. Many of them are displaced. Their homes may have been destroyed. They're suffering. And the best way for them to stop suffering is if the Minsk agreement is fully implemented.Christi—oh, immigration. With respect to immigration, obviously, I'm frustrated by a district court ruling that now is wending its way through the appeals process. We are being as aggressive as we can legally to, first and foremost, appeal that ruling, and then to implement those elements of immigration executive actions that were not challenged in court.But obviously, the centerpiece, one of the key provisions for me was being able to get folks who are undocumented to go through a background check—criminal background check—pay back taxes, and then have a legal status. And that requires an entire administrative apparatus and us getting them to apply and come clean.I made a decision, which I think is the right one, that we should not accept applications until the legal status of this is clarified. I am absolutely convinced this is well within my legal authority, Department of Homeland Security's legal authority. If you look at the precedent, if you look at the traditional discretion that the executive branch possesses when it comes to applying immigration laws, I am convinced that what we're doing is lawful, and our lawyers are convinced that what we're doing is lawful.But the United States is a government of laws and separations of power, and when a—even if it's a individual district court judge who's making this determination, we've got to go through the process to challenge it. And until we get clarity there, I don't want to bring people in, have them apply and jump through a lot of hoops, only to have it deferred and delayed further.Of course, there's one really great way to solve this problem, and that would be Congress going ahead and acting, which would obviate the need for executive actions. The majority of the American people, I think, still want to see that happen. I suspect it will be a major topic of the next Presidential campaign.And so we will continue to push as hard as we can on all fronts to fix a broken immigration system. Administratively, we'll be prepared if and when we get the kind of ruling that I think we should have gotten in the first place about our authorities to go ahead and implement. But ultimately, this has never fully replaced the need for Congress to act. And my hope is, is that after a number of the other issues that we're working on currently get cleared, that there—some quiet conversations start up—back up again, particularly in the Republican Party, about the shortsighted approach that they're taking when it comes to immigration.Okay. Christi Parsons [Los Angeles Times].
Label: Ambivalent

Example 3:
Question: Reconciliation of commuting Manning's sentence with WikiLeaks' connection to Russia's hacking in the last year's election:
Answer: Well, first of all, let's be clear: Chelsea Manning has served a tough prison sentence. So the notion that the average person who was thinking about disclosing vital, classified information would think that it goes unpunished I don't think would get that impression from the sentence that Chelsea Manning has served.It has been my view that given she went to trial, that due process was carried out, that she took responsibility for her crime, that the sentence that she received was very disproportional—disproportionate relative to what other leakers had received, and that she had served a significant amount of time, that it made it sense to commute and not pardon her sentence.And I feel very comfortable that justice has been served and that a message has still been sent that when it comes to our national security, that wherever possible, we need folks who may have legitimate concerns about the actions of Government or their superiors or the agencies in which they work, that they try to work through the established channels and avail themselves of the whistleblower protections that had been put in place.I recognize that there's some folks who think they're not enough, and I think all of us, when we're working in big institutions, may find ourselves at times at odds with policies that are set. But when it comes to national security, we're often dealing with people in the field whose lives may be put at risk or the safety and security and the ability of our military or our intelligence teams or Embassies to function effectively. And that has to be kept in mind.So with respect to WikiLeaks, I don't see a contradiction. First of all, I haven't commented on WikiLeaks, generally. The conclusions of the intelligence community with respect to the Russian hacking were not conclusive as to whether WikiLeaks was witting or not in being the conduit through which we heard about the DNC e-mails that were leaked. I don't pay a lot of attention to Mr. Assange's tweets, so that wasn't a consideration in this instance. And I'd refer you to the Justice Department for any criminal investigations, indictments, extradition issues that may come up with him.What I can say broadly is that, in this new cyber age, we're going to have to make sure that we continually work to find the right balance of accountability and openness and transparency that is the hallmark of our democracy, but also recognize that there are adversaries and bad actors out there who want to use that same openness in ways that hurt us, whether that's in trying to commit financial crimes or trying to commit acts of terrorism or folks who want to interfere with our elections.And we're going to have to continually build the kind of architecture that makes sure our—the best of our democracy is preserved; that our national security and intelligence agencies have the ability to carry out policy without advertising to our adversaries what it is that we're doing, but do so in a way that still keeps citizens up to speed on what their Government is doing on their behalf.But with respect to Chelsea Manning, I looked at the particulars of this case the same way I have for the other commutations and pardons that I've done, and I felt that in light of all the circumstances that commuting her sentence was entirely appropriate.Margaret Brennan [CBS News].
Label: Clear Non-Reply

Instance to classify:
Question: Is the person currently working with China?
Answer: Yes.

Decide the label from the answer's responsiveness to the question. Do not output explanations.

Return valid JSON only: {""label"": ""<Clear Reply | Ambivalent | Clear Non-Reply>""}","{""label"": ""Clear Reply""}",Clear Reply,True,json,,
22,Aren't you concerned that this could damage the U.S. and make China more influential around the world?,"Okay, look, my policy is America first. We've lost hundreds of billions of dollars a year with China and many other countries. And what we're doing is just handing everybody everything. It's just a sad—I've watched it, I've looked at it.We did the U.S.-Mexico—you saw that, USMCA. We made a very fair deal on trade. We had the worst deal ever, right? You know that. We had the worst deal ever, and it replaced that; it replaced that horrible NAFTA deal. That was one of the worst trade deals ever made.I'll tell you, the only deal that might be worse is the WTO, World Organization. May be worse.OAN, please.",Ambivalent,"Classify how clearly the interview answer responds to the question.

Use exactly one of these labels: Clear Reply, Ambivalent, Clear Non-Reply.

Label definitions:
- Clear Reply: The answer directly and substantially addresses the question.
- Ambivalent: The answer only partially addresses the question, is vague, qualified, mixed, or leaves the response unclear.
- Clear Non-Reply: The answer clearly avoids, redirects, refuses, or otherwise does not answer the question.

Examples:
Example 1:
Question: Is ASEAN ready for the more advanced role in world affairs the U.S. would like to see it play?
Answer: I have not--I've been out of town, so I'm just seeing the press reports. I have not had a full briefing on Israel's intentions and what they've communicated to our administration. But this kind of activity is never helpful when it comes to peace negotiations. And I'm concerned that we're not seeing each side make the extra effort involved to get a breakthrough that could finally create a framework for a secure Israel living side and side--side by side in peace with a sovereign Palestine.We're going to keep on working on it, though, because it is in the world's interest, it is in the interest of the people of Israel, and it is in the interest of the Palestinian people to achieve that settlement, to achieve that agreement. But each of these incremental steps can end up breaking down trust between the parties.Even though it wasn't directed to me, I do want to just chime in briefly on the issue of China. We want China to succeed and prosper. It's good for the United States if China continues on the path of development that it's on.That means that, first of all, just from a humanitarian point of view, lifting millions of people out of poverty is a good thing. It is also a huge expanding market where America then can sell goods and services, and so we think China being prosperous and secure is a positive. And we're not interested in containing that process. We want China to continue to achieve its development goals.We do want to make sure that everybody is operating within an international framework and sets of rules in which countries recognize their responsibilities to each other. That's true for the United States. That's true for China. That's true for Indonesia. It's true for all of us. And the more that we have international mechanisms in which people say we have rights, we also have responsibilities, we're going to abide by them, we're going to hold each other accountable, the better off we'll all be. Yes, the views that I have of the future of our region, the region of Asia, including East Asia and Southeast Asia, all wish to have a region that is experiencing development, including economic development. This region should continue to be a region that is stable, a region that is peaceful and a region that is safe.In this regard, the community that is built upon in Asia, in East Asia also, and also a framework now through the East Asia summit framework, we have the responsibility to--in one area, to ensure that the cooperation in the region, especially in the area of economic cooperation, can contribute significantly to the development of the global economy that will bring benefit for all humanity.On the other spot of the coin, we also have the responsibility to ensure stability and security in our region. I am not using any theory or the theory of one power to counterbalance the other powers. But I do have the view that there must be some form of dynamic equilibrium in Asia-Pacific, in East and Southeast Asia. And the formation of such regional cooperation such that is East Asia summit, where there are 10 countries from ASEAN and there is also China, Republic of Korea, Japan, India, Australia, New Zealand, and now Russia and the United States, therefore, I have faith that it will be more effective to ensure peace, stability, and order in this region.And in this regard, with such a condition, such cooperation in the area of economic will go effectively, and it is Indonesia's hope that China and the U.S. relations will continue to flow well because if something happens between those two states, it will have severe impacts to not only countries in the region, in Asia, but also to the world.For that reason, I hope that the economic relations between the U.S. and China will continue to proceed well, despite the geopolitical developments. We also hope to contribute to creating a region in East Asia, in Southeast Asia, and especially in Asia-Pacific, to become a region that is stable and productive.That is my views in general on the regional architecture issues and the future cooperation in our region.Thank you very much.
Label: Clear Reply

Example 2:
Question: Possibility of court battle over actions on immigration extending late into the term, what can be done for the people affected by the program and now in limbo, and the view on the possibility of ending the term without accomplishing goals on immigration.
Answer: On Ukraine and Russia and Minsk, there is strong consensus that we need to keep pushing Russia to abide by the terms of the Minsk agreement; we need to continue to support and encourage Ukraine to meet its obligations under Minsk; that until that's completed, sanctions remain in place.There was discussion about additional steps that we might need to take if Russia, working through separatists, doubled down on aggression inside of Ukraine. We—those discussions are taking place at a technical level, not yet at a political level, because I think the first goal here going into a European Council meeting that's coming up is just rolling over the existing sanctions. But I think at a technical level, we want to be prepared.Our hope is, is that we don't have to take additional steps because the Minsk agreement is met. And I want to give enormous credit to Chancellor Merkel, along with President Hollande, who have shown extraordinary stick-to-itiveness and patience in trying to get that done.Ultimately, this is going to be an issue for Mr. Putin. He's got to make a decision: Does he continue to wreck his country's economy and continue Russia's isolation in pursuit of a wrongheaded desire to recreate the glories of the Soviet empire, or does he recognize that Russia's greatness does not depend on violating the territorial integrity and sovereignty of other countries?And as I mentioned earlier, the costs that the Russian people are bearing are severe. That's being felt. It may not always be understood why they're suffering, because of state media inside of Russia and propaganda coming out of state media in Russia and to Russian speakers. But the truth of the matter is, is that the Russian people would greatly benefit. And ironically, one of the rationales that Mr. Putin provided for his incursions into Ukraine was to protect Russian speakers there. Well, Russian speakers inside of Ukraine are precisely the ones who are bearing the brunt of the fighting. Their economy has collapsed. Their lives are disordered. Many of them are displaced. Their homes may have been destroyed. They're suffering. And the best way for them to stop suffering is if the Minsk agreement is fully implemented.Christi—oh, immigration. With respect to immigration, obviously, I'm frustrated by a district court ruling that now is wending its way through the appeals process. We are being as aggressive as we can legally to, first and foremost, appeal that ruling, and then to implement those elements of immigration executive actions that were not challenged in court.But obviously, the centerpiece, one of the key provisions for me was being able to get folks who are undocumented to go through a background check—criminal background check—pay back taxes, and then have a legal status. And that requires an entire administrative apparatus and us getting them to apply and come clean.I made a decision, which I think is the right one, that we should not accept applications until the legal status of this is clarified. I am absolutely convinced this is well within my legal authority, Department of Homeland Security's legal authority. If you look at the precedent, if you look at the traditional discretion that the executive branch possesses when it comes to applying immigration laws, I am convinced that what we're doing is lawful, and our lawyers are convinced that what we're doing is lawful.But the United States is a government of laws and separations of power, and when a—even if it's a individual district court judge who's making this determination, we've got to go through the process to challenge it. And until we get clarity there, I don't want to bring people in, have them apply and jump through a lot of hoops, only to have it deferred and delayed further.Of course, there's one really great way to solve this problem, and that would be Congress going ahead and acting, which would obviate the need for executive actions. The majority of the American people, I think, still want to see that happen. I suspect it will be a major topic of the next Presidential campaign.And so we will continue to push as hard as we can on all fronts to fix a broken immigration system. Administratively, we'll be prepared if and when we get the kind of ruling that I think we should have gotten in the first place about our authorities to go ahead and implement. But ultimately, this has never fully replaced the need for Congress to act. And my hope is, is that after a number of the other issues that we're working on currently get cleared, that there—some quiet conversations start up—back up again, particularly in the Republican Party, about the shortsighted approach that they're taking when it comes to immigration.Okay. Christi Parsons [Los Angeles Times].
Label: Ambivalent

Example 3:
Question: Reconciliation of commuting Manning's sentence with WikiLeaks' connection to Russia's hacking in the last year's election:
Answer: Well, first of all, let's be clear: Chelsea Manning has served a tough prison sentence. So the notion that the average person who was thinking about disclosing vital, classified information would think that it goes unpunished I don't think would get that impression from the sentence that Chelsea Manning has served.It has been my view that given she went to trial, that due process was carried out, that she took responsibility for her crime, that the sentence that she received was very disproportional—disproportionate relative to what other leakers had received, and that she had served a significant amount of time, that it made it sense to commute and not pardon her sentence.And I feel very comfortable that justice has been served and that a message has still been sent that when it comes to our national security, that wherever possible, we need folks who may have legitimate concerns about the actions of Government or their superiors or the agencies in which they work, that they try to work through the established channels and avail themselves of the whistleblower protections that had been put in place.I recognize that there's some folks who think they're not enough, and I think all of us, when we're working in big institutions, may find ourselves at times at odds with policies that are set. But when it comes to national security, we're often dealing with people in the field whose lives may be put at risk or the safety and security and the ability of our military or our intelligence teams or Embassies to function effectively. And that has to be kept in mind.So with respect to WikiLeaks, I don't see a contradiction. First of all, I haven't commented on WikiLeaks, generally. The conclusions of the intelligence community with respect to the Russian hacking were not conclusive as to whether WikiLeaks was witting or not in being the conduit through which we heard about the DNC e-mails that were leaked. I don't pay a lot of attention to Mr. Assange's tweets, so that wasn't a consideration in this instance. And I'd refer you to the Justice Department for any criminal investigations, indictments, extradition issues that may come up with him.What I can say broadly is that, in this new cyber age, we're going to have to make sure that we continually work to find the right balance of accountability and openness and transparency that is the hallmark of our democracy, but also recognize that there are adversaries and bad actors out there who want to use that same openness in ways that hurt us, whether that's in trying to commit financial crimes or trying to commit acts of terrorism or folks who want to interfere with our elections.And we're going to have to continually build the kind of architecture that makes sure our—the best of our democracy is preserved; that our national security and intelligence agencies have the ability to carry out policy without advertising to our adversaries what it is that we're doing, but do so in a way that still keeps citizens up to speed on what their Government is doing on their behalf.But with respect to Chelsea Manning, I looked at the particulars of this case the same way I have for the other commutations and pardons that I've done, and I felt that in light of all the circumstances that commuting her sentence was entirely appropriate.Margaret Brennan [CBS News].
Label: Clear Non-Reply

Instance to classify:
Question: Aren't you concerned that this could damage the U.S. and make China more influential around the world?
Answer: Okay, look, my policy is America first. We've lost hundreds of billions of dollars a year with China and many other countries. And what we're doing is just handing everybody everything. It's just a sad—I've watched it, I've looked at it.We did the U.S.-Mexico—you saw that, USMCA. We made a very fair deal on trade. We had the worst deal ever, right? You know that. We had the worst deal ever, and it replaced that; it replaced that horrible NAFTA deal. That was one of the worst trade deals ever made.I'll tell you, the only deal that might be worse is the WTO, World Organization. May be worse.OAN, please.

Decide the label from the answer's responsiveness to the question. Do not output explanations.

Return valid JSON only: {""label"": ""<Clear Reply | Ambivalent | Clear Non-Reply>""}","{""label"": ""Clear Reply""}",Clear Reply,True,json,,
23,What kind of message do those images send to your allies in the region and Americans who are skeptical about the Prime Minister's role?,"Jim, I haven't seen the reports. Before I would like to comment upon how their meetings went, I would like to get a readout from our Embassy, who, of course, will be in touch with the Prime Minister and get his readout. And so it's a—you're asking me to be a little speculative on the subject. I haven't seen the picture.Look, generally the way these things work is you try to be cordial to the person you're with, and so you don't want the picture to be kind of, you know, duking it out; okay, put up your dukes. That's an old boxing expression. []",Clear Non-Reply,"Classify how clearly the interview answer responds to the question.

Use exactly one of these labels: Clear Reply, Ambivalent, Clear Non-Reply.

Label definitions:
- Clear Reply: The answer directly and substantially addresses the question.
- Ambivalent: The answer only partially addresses the question, is vague, qualified, mixed, or leaves the response unclear.
- Clear Non-Reply: The answer clearly avoids, redirects, refuses, or otherwise does not answer the question.

Examples:
Example 1:
Question: Is ASEAN ready for the more advanced role in world affairs the U.S. would like to see it play?
Answer: I have not--I've been out of town, so I'm just seeing the press reports. I have not had a full briefing on Israel's intentions and what they've communicated to our administration. But this kind of activity is never helpful when it comes to peace negotiations. And I'm concerned that we're not seeing each side make the extra effort involved to get a breakthrough that could finally create a framework for a secure Israel living side and side--side by side in peace with a sovereign Palestine.We're going to keep on working on it, though, because it is in the world's interest, it is in the interest of the people of Israel, and it is in the interest of the Palestinian people to achieve that settlement, to achieve that agreement. But each of these incremental steps can end up breaking down trust between the parties.Even though it wasn't directed to me, I do want to just chime in briefly on the issue of China. We want China to succeed and prosper. It's good for the United States if China continues on the path of development that it's on.That means that, first of all, just from a humanitarian point of view, lifting millions of people out of poverty is a good thing. It is also a huge expanding market where America then can sell goods and services, and so we think China being prosperous and secure is a positive. And we're not interested in containing that process. We want China to continue to achieve its development goals.We do want to make sure that everybody is operating within an international framework and sets of rules in which countries recognize their responsibilities to each other. That's true for the United States. That's true for China. That's true for Indonesia. It's true for all of us. And the more that we have international mechanisms in which people say we have rights, we also have responsibilities, we're going to abide by them, we're going to hold each other accountable, the better off we'll all be. Yes, the views that I have of the future of our region, the region of Asia, including East Asia and Southeast Asia, all wish to have a region that is experiencing development, including economic development. This region should continue to be a region that is stable, a region that is peaceful and a region that is safe.In this regard, the community that is built upon in Asia, in East Asia also, and also a framework now through the East Asia summit framework, we have the responsibility to--in one area, to ensure that the cooperation in the region, especially in the area of economic cooperation, can contribute significantly to the development of the global economy that will bring benefit for all humanity.On the other spot of the coin, we also have the responsibility to ensure stability and security in our region. I am not using any theory or the theory of one power to counterbalance the other powers. But I do have the view that there must be some form of dynamic equilibrium in Asia-Pacific, in East and Southeast Asia. And the formation of such regional cooperation such that is East Asia summit, where there are 10 countries from ASEAN and there is also China, Republic of Korea, Japan, India, Australia, New Zealand, and now Russia and the United States, therefore, I have faith that it will be more effective to ensure peace, stability, and order in this region.And in this regard, with such a condition, such cooperation in the area of economic will go effectively, and it is Indonesia's hope that China and the U.S. relations will continue to flow well because if something happens between those two states, it will have severe impacts to not only countries in the region, in Asia, but also to the world.For that reason, I hope that the economic relations between the U.S. and China will continue to proceed well, despite the geopolitical developments. We also hope to contribute to creating a region in East Asia, in Southeast Asia, and especially in Asia-Pacific, to become a region that is stable and productive.That is my views in general on the regional architecture issues and the future cooperation in our region.Thank you very much.
Label: Clear Reply

Example 2:
Question: Possibility of court battle over actions on immigration extending late into the term, what can be done for the people affected by the program and now in limbo, and the view on the possibility of ending the term without accomplishing goals on immigration.
Answer: On Ukraine and Russia and Minsk, there is strong consensus that we need to keep pushing Russia to abide by the terms of the Minsk agreement; we need to continue to support and encourage Ukraine to meet its obligations under Minsk; that until that's completed, sanctions remain in place.There was discussion about additional steps that we might need to take if Russia, working through separatists, doubled down on aggression inside of Ukraine. We—those discussions are taking place at a technical level, not yet at a political level, because I think the first goal here going into a European Council meeting that's coming up is just rolling over the existing sanctions. But I think at a technical level, we want to be prepared.Our hope is, is that we don't have to take additional steps because the Minsk agreement is met. And I want to give enormous credit to Chancellor Merkel, along with President Hollande, who have shown extraordinary stick-to-itiveness and patience in trying to get that done.Ultimately, this is going to be an issue for Mr. Putin. He's got to make a decision: Does he continue to wreck his country's economy and continue Russia's isolation in pursuit of a wrongheaded desire to recreate the glories of the Soviet empire, or does he recognize that Russia's greatness does not depend on violating the territorial integrity and sovereignty of other countries?And as I mentioned earlier, the costs that the Russian people are bearing are severe. That's being felt. It may not always be understood why they're suffering, because of state media inside of Russia and propaganda coming out of state media in Russia and to Russian speakers. But the truth of the matter is, is that the Russian people would greatly benefit. And ironically, one of the rationales that Mr. Putin provided for his incursions into Ukraine was to protect Russian speakers there. Well, Russian speakers inside of Ukraine are precisely the ones who are bearing the brunt of the fighting. Their economy has collapsed. Their lives are disordered. Many of them are displaced. Their homes may have been destroyed. They're suffering. And the best way for them to stop suffering is if the Minsk agreement is fully implemented.Christi—oh, immigration. With respect to immigration, obviously, I'm frustrated by a district court ruling that now is wending its way through the appeals process. We are being as aggressive as we can legally to, first and foremost, appeal that ruling, and then to implement those elements of immigration executive actions that were not challenged in court.But obviously, the centerpiece, one of the key provisions for me was being able to get folks who are undocumented to go through a background check—criminal background check—pay back taxes, and then have a legal status. And that requires an entire administrative apparatus and us getting them to apply and come clean.I made a decision, which I think is the right one, that we should not accept applications until the legal status of this is clarified. I am absolutely convinced this is well within my legal authority, Department of Homeland Security's legal authority. If you look at the precedent, if you look at the traditional discretion that the executive branch possesses when it comes to applying immigration laws, I am convinced that what we're doing is lawful, and our lawyers are convinced that what we're doing is lawful.But the United States is a government of laws and separations of power, and when a—even if it's a individual district court judge who's making this determination, we've got to go through the process to challenge it. And until we get clarity there, I don't want to bring people in, have them apply and jump through a lot of hoops, only to have it deferred and delayed further.Of course, there's one really great way to solve this problem, and that would be Congress going ahead and acting, which would obviate the need for executive actions. The majority of the American people, I think, still want to see that happen. I suspect it will be a major topic of the next Presidential campaign.And so we will continue to push as hard as we can on all fronts to fix a broken immigration system. Administratively, we'll be prepared if and when we get the kind of ruling that I think we should have gotten in the first place about our authorities to go ahead and implement. But ultimately, this has never fully replaced the need for Congress to act. And my hope is, is that after a number of the other issues that we're working on currently get cleared, that there—some quiet conversations start up—back up again, particularly in the Republican Party, about the shortsighted approach that they're taking when it comes to immigration.Okay. Christi Parsons [Los Angeles Times].
Label: Ambivalent

Example 3:
Question: Reconciliation of commuting Manning's sentence with WikiLeaks' connection to Russia's hacking in the last year's election:
Answer: Well, first of all, let's be clear: Chelsea Manning has served a tough prison sentence. So the notion that the average person who was thinking about disclosing vital, classified information would think that it goes unpunished I don't think would get that impression from the sentence that Chelsea Manning has served.It has been my view that given she went to trial, that due process was carried out, that she took responsibility for her crime, that the sentence that she received was very disproportional—disproportionate relative to what other leakers had received, and that she had served a significant amount of time, that it made it sense to commute and not pardon her sentence.And I feel very comfortable that justice has been served and that a message has still been sent that when it comes to our national security, that wherever possible, we need folks who may have legitimate concerns about the actions of Government or their superiors or the agencies in which they work, that they try to work through the established channels and avail themselves of the whistleblower protections that had been put in place.I recognize that there's some folks who think they're not enough, and I think all of us, when we're working in big institutions, may find ourselves at times at odds with policies that are set. But when it comes to national security, we're often dealing with people in the field whose lives may be put at risk or the safety and security and the ability of our military or our intelligence teams or Embassies to function effectively. And that has to be kept in mind.So with respect to WikiLeaks, I don't see a contradiction. First of all, I haven't commented on WikiLeaks, generally. The conclusions of the intelligence community with respect to the Russian hacking were not conclusive as to whether WikiLeaks was witting or not in being the conduit through which we heard about the DNC e-mails that were leaked. I don't pay a lot of attention to Mr. Assange's tweets, so that wasn't a consideration in this instance. And I'd refer you to the Justice Department for any criminal investigations, indictments, extradition issues that may come up with him.What I can say broadly is that, in this new cyber age, we're going to have to make sure that we continually work to find the right balance of accountability and openness and transparency that is the hallmark of our democracy, but also recognize that there are adversaries and bad actors out there who want to use that same openness in ways that hurt us, whether that's in trying to commit financial crimes or trying to commit acts of terrorism or folks who want to interfere with our elections.And we're going to have to continually build the kind of architecture that makes sure our—the best of our democracy is preserved; that our national security and intelligence agencies have the ability to carry out policy without advertising to our adversaries what it is that we're doing, but do so in a way that still keeps citizens up to speed on what their Government is doing on their behalf.But with respect to Chelsea Manning, I looked at the particulars of this case the same way I have for the other commutations and pardons that I've done, and I felt that in light of all the circumstances that commuting her sentence was entirely appropriate.Margaret Brennan [CBS News].
Label: Clear Non-Reply

Instance to classify:
Question: What kind of message do those images send to your allies in the region and Americans who are skeptical about the Prime Minister's role?
Answer: Jim, I haven't seen the reports. Before I would like to comment upon how their meetings went, I would like to get a readout from our Embassy, who, of course, will be in touch with the Prime Minister and get his readout. And so it's a—you're asking me to be a little speculative on the subject. I haven't seen the picture.Look, generally the way these things work is you try to be cordial to the person you're with, and so you don't want the picture to be kind of, you know, duking it out; okay, put up your dukes. That's an old boxing expression. []

Decide the label from the answer's responsiveness to the question. Do not output explanations.

Return valid JSON only: {""label"": ""<Clear Reply | Ambivalent | Clear Non-Reply>""}","{""label"": ""Clear Reply""}",Clear Reply,True,json,,
24,Why have you decided to visit Africa on the last lap of your term?,"Thanks. I actually went to Africa on the first lap of my Presidency too. This is my second trip to the continent of Africa, and I've come to remind our fellow citizens that it is in our interest to help countries deal with curable diseases like malaria and difficult diseases like HIV/ AIDS; that it's in our interest to promote trade between the continent of Africa and the United States of America; that it's in our interest to provide education money so governments will educate children.And there's no better way of making that point than to be in Ghana, where people will get to see firsthand what I'm talking about. It's one thing to be giving speeches in America, it's another thing to actually come to Ghana and meet different folks that are involved with making the—Ghana a better place.Secondly, first of all, Africa has changed since I've been the President, in a very positive way. It's not because of me; it's because of African leaders—I want you to know. But there was six regional conflicts when I became the President. Take Liberia, for example. It was a real issue and a real problem, and along with Nigeria and with John's advice, for example, we—I made some decisions, along with other leaders, that helped put in place the first democratically elected woman on the continent's history. And I'm going there tomorrow to herald the successes she's done and to reaffirm our commitment that we'll help.In other words, conflict resolution has been taking place. And the United States hasn't tried to impose a will. We've just tried to be a useful partner, like in eastern Congo, for example, working with the Presidents of Rwanda and Congo and Burundi.Secondly, democracy is making progress across the continent of Africa. One reason why is because there are examples like John Kufuor for people to look at. I'm telling you, the guy is a respected person. People look at him, and they say, this is the kind of leader that we respect.And thirdly, our aid program has changed from one that basically said, here's your money, good luck, to one that said, in return for generosity, we expect there to be certain habits in place, like fighting corruption or investing in the education of children. I don't think that's too much to ask in return for U.S. taxpayers' money. It hasn't been asked in the past. This is a novel approach, interestingly enough. But I feel confident in asking nations to adhere to good principles because I believe in setting high standards for African leaders.I'm confident in the capacity of the leaders I have met—not every single leader— but on this trip, the leaders I'm with are leaders who have committed themselves to the good of their people, have committed themselves to honest government, have committed themselves to investing in people. They're more interested in leaving behind a legacy of education than leaving behind fancy—a self-serving government. And there's no better way of making that point than coming to the continent. And that's why I'm here, and I'm glad I am here. It's been a great trip, and it's—and I appreciate the hospitality of my friend, and so does Laura.Let's see here, John McKinnon. He would be from your Wall Street Journal. Yes, that's a pretty sophisticated paper, no question about that.",Clear Reply,"Classify how clearly the interview answer responds to the question.

Use exactly one of these labels: Clear Reply, Ambivalent, Clear Non-Reply.

Label definitions:
- Clear Reply: The answer directly and substantially addresses the question.
- Ambivalent: The answer only partially addresses the question, is vague, qualified, mixed, or leaves the response unclear.
- Clear Non-Reply: The answer clearly avoids, redirects, refuses, or otherwise does not answer the question.

Examples:
Example 1:
Question: Is ASEAN ready for the more advanced role in world affairs the U.S. would like to see it play?
Answer: I have not--I've been out of town, so I'm just seeing the press reports. I have not had a full briefing on Israel's intentions and what they've communicated to our administration. But this kind of activity is never helpful when it comes to peace negotiations. And I'm concerned that we're not seeing each side make the extra effort involved to get a breakthrough that could finally create a framework for a secure Israel living side and side--side by side in peace with a sovereign Palestine.We're going to keep on working on it, though, because it is in the world's interest, it is in the interest of the people of Israel, and it is in the interest of the Palestinian people to achieve that settlement, to achieve that agreement. But each of these incremental steps can end up breaking down trust between the parties.Even though it wasn't directed to me, I do want to just chime in briefly on the issue of China. We want China to succeed and prosper. It's good for the United States if China continues on the path of development that it's on.That means that, first of all, just from a humanitarian point of view, lifting millions of people out of poverty is a good thing. It is also a huge expanding market where America then can sell goods and services, and so we think China being prosperous and secure is a positive. And we're not interested in containing that process. We want China to continue to achieve its development goals.We do want to make sure that everybody is operating within an international framework and sets of rules in which countries recognize their responsibilities to each other. That's true for the United States. That's true for China. That's true for Indonesia. It's true for all of us. And the more that we have international mechanisms in which people say we have rights, we also have responsibilities, we're going to abide by them, we're going to hold each other accountable, the better off we'll all be. Yes, the views that I have of the future of our region, the region of Asia, including East Asia and Southeast Asia, all wish to have a region that is experiencing development, including economic development. This region should continue to be a region that is stable, a region that is peaceful and a region that is safe.In this regard, the community that is built upon in Asia, in East Asia also, and also a framework now through the East Asia summit framework, we have the responsibility to--in one area, to ensure that the cooperation in the region, especially in the area of economic cooperation, can contribute significantly to the development of the global economy that will bring benefit for all humanity.On the other spot of the coin, we also have the responsibility to ensure stability and security in our region. I am not using any theory or the theory of one power to counterbalance the other powers. But I do have the view that there must be some form of dynamic equilibrium in Asia-Pacific, in East and Southeast Asia. And the formation of such regional cooperation such that is East Asia summit, where there are 10 countries from ASEAN and there is also China, Republic of Korea, Japan, India, Australia, New Zealand, and now Russia and the United States, therefore, I have faith that it will be more effective to ensure peace, stability, and order in this region.And in this regard, with such a condition, such cooperation in the area of economic will go effectively, and it is Indonesia's hope that China and the U.S. relations will continue to flow well because if something happens between those two states, it will have severe impacts to not only countries in the region, in Asia, but also to the world.For that reason, I hope that the economic relations between the U.S. and China will continue to proceed well, despite the geopolitical developments. We also hope to contribute to creating a region in East Asia, in Southeast Asia, and especially in Asia-Pacific, to become a region that is stable and productive.That is my views in general on the regional architecture issues and the future cooperation in our region.Thank you very much.
Label: Clear Reply

Example 2:
Question: Possibility of court battle over actions on immigration extending late into the term, what can be done for the people affected by the program and now in limbo, and the view on the possibility of ending the term without accomplishing goals on immigration.
Answer: On Ukraine and Russia and Minsk, there is strong consensus that we need to keep pushing Russia to abide by the terms of the Minsk agreement; we need to continue to support and encourage Ukraine to meet its obligations under Minsk; that until that's completed, sanctions remain in place.There was discussion about additional steps that we might need to take if Russia, working through separatists, doubled down on aggression inside of Ukraine. We—those discussions are taking place at a technical level, not yet at a political level, because I think the first goal here going into a European Council meeting that's coming up is just rolling over the existing sanctions. But I think at a technical level, we want to be prepared.Our hope is, is that we don't have to take additional steps because the Minsk agreement is met. And I want to give enormous credit to Chancellor Merkel, along with President Hollande, who have shown extraordinary stick-to-itiveness and patience in trying to get that done.Ultimately, this is going to be an issue for Mr. Putin. He's got to make a decision: Does he continue to wreck his country's economy and continue Russia's isolation in pursuit of a wrongheaded desire to recreate the glories of the Soviet empire, or does he recognize that Russia's greatness does not depend on violating the territorial integrity and sovereignty of other countries?And as I mentioned earlier, the costs that the Russian people are bearing are severe. That's being felt. It may not always be understood why they're suffering, because of state media inside of Russia and propaganda coming out of state media in Russia and to Russian speakers. But the truth of the matter is, is that the Russian people would greatly benefit. And ironically, one of the rationales that Mr. Putin provided for his incursions into Ukraine was to protect Russian speakers there. Well, Russian speakers inside of Ukraine are precisely the ones who are bearing the brunt of the fighting. Their economy has collapsed. Their lives are disordered. Many of them are displaced. Their homes may have been destroyed. They're suffering. And the best way for them to stop suffering is if the Minsk agreement is fully implemented.Christi—oh, immigration. With respect to immigration, obviously, I'm frustrated by a district court ruling that now is wending its way through the appeals process. We are being as aggressive as we can legally to, first and foremost, appeal that ruling, and then to implement those elements of immigration executive actions that were not challenged in court.But obviously, the centerpiece, one of the key provisions for me was being able to get folks who are undocumented to go through a background check—criminal background check—pay back taxes, and then have a legal status. And that requires an entire administrative apparatus and us getting them to apply and come clean.I made a decision, which I think is the right one, that we should not accept applications until the legal status of this is clarified. I am absolutely convinced this is well within my legal authority, Department of Homeland Security's legal authority. If you look at the precedent, if you look at the traditional discretion that the executive branch possesses when it comes to applying immigration laws, I am convinced that what we're doing is lawful, and our lawyers are convinced that what we're doing is lawful.But the United States is a government of laws and separations of power, and when a—even if it's a individual district court judge who's making this determination, we've got to go through the process to challenge it. And until we get clarity there, I don't want to bring people in, have them apply and jump through a lot of hoops, only to have it deferred and delayed further.Of course, there's one really great way to solve this problem, and that would be Congress going ahead and acting, which would obviate the need for executive actions. The majority of the American people, I think, still want to see that happen. I suspect it will be a major topic of the next Presidential campaign.And so we will continue to push as hard as we can on all fronts to fix a broken immigration system. Administratively, we'll be prepared if and when we get the kind of ruling that I think we should have gotten in the first place about our authorities to go ahead and implement. But ultimately, this has never fully replaced the need for Congress to act. And my hope is, is that after a number of the other issues that we're working on currently get cleared, that there—some quiet conversations start up—back up again, particularly in the Republican Party, about the shortsighted approach that they're taking when it comes to immigration.Okay. Christi Parsons [Los Angeles Times].
Label: Ambivalent

Example 3:
Question: Reconciliation of commuting Manning's sentence with WikiLeaks' connection to Russia's hacking in the last year's election:
Answer: Well, first of all, let's be clear: Chelsea Manning has served a tough prison sentence. So the notion that the average person who was thinking about disclosing vital, classified information would think that it goes unpunished I don't think would get that impression from the sentence that Chelsea Manning has served.It has been my view that given she went to trial, that due process was carried out, that she took responsibility for her crime, that the sentence that she received was very disproportional—disproportionate relative to what other leakers had received, and that she had served a significant amount of time, that it made it sense to commute and not pardon her sentence.And I feel very comfortable that justice has been served and that a message has still been sent that when it comes to our national security, that wherever possible, we need folks who may have legitimate concerns about the actions of Government or their superiors or the agencies in which they work, that they try to work through the established channels and avail themselves of the whistleblower protections that had been put in place.I recognize that there's some folks who think they're not enough, and I think all of us, when we're working in big institutions, may find ourselves at times at odds with policies that are set. But when it comes to national security, we're often dealing with people in the field whose lives may be put at risk or the safety and security and the ability of our military or our intelligence teams or Embassies to function effectively. And that has to be kept in mind.So with respect to WikiLeaks, I don't see a contradiction. First of all, I haven't commented on WikiLeaks, generally. The conclusions of the intelligence community with respect to the Russian hacking were not conclusive as to whether WikiLeaks was witting or not in being the conduit through which we heard about the DNC e-mails that were leaked. I don't pay a lot of attention to Mr. Assange's tweets, so that wasn't a consideration in this instance. And I'd refer you to the Justice Department for any criminal investigations, indictments, extradition issues that may come up with him.What I can say broadly is that, in this new cyber age, we're going to have to make sure that we continually work to find the right balance of accountability and openness and transparency that is the hallmark of our democracy, but also recognize that there are adversaries and bad actors out there who want to use that same openness in ways that hurt us, whether that's in trying to commit financial crimes or trying to commit acts of terrorism or folks who want to interfere with our elections.And we're going to have to continually build the kind of architecture that makes sure our—the best of our democracy is preserved; that our national security and intelligence agencies have the ability to carry out policy without advertising to our adversaries what it is that we're doing, but do so in a way that still keeps citizens up to speed on what their Government is doing on their behalf.But with respect to Chelsea Manning, I looked at the particulars of this case the same way I have for the other commutations and pardons that I've done, and I felt that in light of all the circumstances that commuting her sentence was entirely appropriate.Margaret Brennan [CBS News].
Label: Clear Non-Reply

Instance to classify:
Question: Why have you decided to visit Africa on the last lap of your term?
Answer: Thanks. I actually went to Africa on the first lap of my Presidency too. This is my second trip to the continent of Africa, and I've come to remind our fellow citizens that it is in our interest to help countries deal with curable diseases like malaria and difficult diseases like HIV/ AIDS; that it's in our interest to promote trade between the continent of Africa and the United States of America; that it's in our interest to provide education money so governments will educate children.And there's no better way of making that point than to be in Ghana, where people will get to see firsthand what I'm talking about. It's one thing to be giving speeches in America, it's another thing to actually come to Ghana and meet different folks that are involved with making the—Ghana a better place.Secondly, first of all, Africa has changed since I've been the President, in a very positive way. It's not because of me; it's because of African leaders—I want you to know. But there was six regional conflicts when I became the President. Take Liberia, for example. It was a real issue and a real problem, and along with Nigeria and with John's advice, for example, we—I made some decisions, along with other leaders, that helped put in place the first democratically elected woman on the continent's history. And I'm going there tomorrow to herald the successes she's done and to reaffirm our commitment that we'll help.In other words, conflict resolution has been taking place. And the United States hasn't tried to impose a will. We've just tried to be a useful partner, like in eastern Congo, for example, working with the Presidents of Rwanda and Congo and Burundi.Secondly, democracy is making progress across the continent of Africa. One reason why is because there are examples like John Kufuor for people to look at. I'm telling you, the guy is a respected person. People look at him, and they say, this is the kind of leader that we respect.And thirdly, our aid program has changed from one that basically said, here's your money, good luck, to one that said, in return for generosity, we expect there to be certain habits in place, like fighting corruption or investing in the education of children. I don't think that's too much to ask in return for U.S. taxpayers' money. It hasn't been asked in the past. This is a novel approach, interestingly enough. But I feel confident in asking nations to adhere to good principles because I believe in setting high standards for African leaders.I'm confident in the capacity of the leaders I have met—not every single leader— but on this trip, the leaders I'm with are leaders who have committed themselves to the good of their people, have committed themselves to honest government, have committed themselves to investing in people. They're more interested in leaving behind a legacy of education than leaving behind fancy—a self-serving government. And there's no better way of making that point than coming to the continent. And that's why I'm here, and I'm glad I am here. It's been a great trip, and it's—and I appreciate the hospitality of my friend, and so does Laura.Let's see here, John McKinnon. He would be from your Wall Street Journal. Yes, that's a pretty sophisticated paper, no question about that.

Decide the label from the answer's responsiveness to the question. Do not output explanations.

Return valid JSON only: {""label"": ""<Clear Reply | Ambivalent | Clear Non-Reply>""}","{""label"": ""Clear Reply""}",Clear Reply,True,json,,
25, Do you think the U.S. is playing it right in marking the anniversary of bin Laden's killing?,"Well, let me make a couple of points. First of all, Christi, I hardly think that you've seen any excessive celebration taking place here. I think that people--the American people rightly remember what we as a country accomplished in bringing to justice somebody who killed over 3,000 of our citizens. And it's a mark of the excellence of our intelligence teams and our military teams, a political process that worked. And I think for us to use that time for some reflection to give thanks to those who participated is entirely appropriate, and that's what's been taking place.As far as my personal role and what other folks would do, I'd just recommend that everybody take a look at people's previous statements in terms of whether they thought it was appropriate to go into Pakistan and take out bin Laden. I assume that people meant what they said when they said it. That's been at least my practice. I said that I'd go after bin Laden if we had a clear shot at him, and I did.If there are others who have said one thing and now suggest they'd do something else, then I'd go ahead and let them explain it. President Obama has been standing at the very forefront in the fight against terrorism, and I hold him in very high regard for that.Now, although bin Laden has been killed, terrorism has not been rooted out, and I think continued efforts will be needed in cooperation with the United States. We also would like to continue all our efforts against terrorism. I think the forms of terrorism are being very diverse, amongst them, cyberterrorism, for example. This--[inaudible]--between Japan and the United States not just in the cyber--in the space and ocean, but we also decided to cooperate in cybersecurity as well. So, inclusive of all these, Japan and the United States shall work together to root out terrorism of all sorts.Let me call on Takatsuka-san of Mainichi Shimbun.",Ambivalent,"Classify how clearly the interview answer responds to the question.

Use exactly one of these labels: Clear Reply, Ambivalent, Clear Non-Reply.

Label definitions:
- Clear Reply: The answer directly and substantially addresses the question.
- Ambivalent: The answer only partially addresses the question, is vague, qualified, mixed, or leaves the response unclear.
- Clear Non-Reply: The answer clearly avoids, redirects, refuses, or otherwise does not answer the question.

Examples:
Example 1:
Question: Is ASEAN ready for the more advanced role in world affairs the U.S. would like to see it play?
Answer: I have not--I've been out of town, so I'm just seeing the press reports. I have not had a full briefing on Israel's intentions and what they've communicated to our administration. But this kind of activity is never helpful when it comes to peace negotiations. And I'm concerned that we're not seeing each side make the extra effort involved to get a breakthrough that could finally create a framework for a secure Israel living side and side--side by side in peace with a sovereign Palestine.We're going to keep on working on it, though, because it is in the world's interest, it is in the interest of the people of Israel, and it is in the interest of the Palestinian people to achieve that settlement, to achieve that agreement. But each of these incremental steps can end up breaking down trust between the parties.Even though it wasn't directed to me, I do want to just chime in briefly on the issue of China. We want China to succeed and prosper. It's good for the United States if China continues on the path of development that it's on.That means that, first of all, just from a humanitarian point of view, lifting millions of people out of poverty is a good thing. It is also a huge expanding market where America then can sell goods and services, and so we think China being prosperous and secure is a positive. And we're not interested in containing that process. We want China to continue to achieve its development goals.We do want to make sure that everybody is operating within an international framework and sets of rules in which countries recognize their responsibilities to each other. That's true for the United States. That's true for China. That's true for Indonesia. It's true for all of us. And the more that we have international mechanisms in which people say we have rights, we also have responsibilities, we're going to abide by them, we're going to hold each other accountable, the better off we'll all be. Yes, the views that I have of the future of our region, the region of Asia, including East Asia and Southeast Asia, all wish to have a region that is experiencing development, including economic development. This region should continue to be a region that is stable, a region that is peaceful and a region that is safe.In this regard, the community that is built upon in Asia, in East Asia also, and also a framework now through the East Asia summit framework, we have the responsibility to--in one area, to ensure that the cooperation in the region, especially in the area of economic cooperation, can contribute significantly to the development of the global economy that will bring benefit for all humanity.On the other spot of the coin, we also have the responsibility to ensure stability and security in our region. I am not using any theory or the theory of one power to counterbalance the other powers. But I do have the view that there must be some form of dynamic equilibrium in Asia-Pacific, in East and Southeast Asia. And the formation of such regional cooperation such that is East Asia summit, where there are 10 countries from ASEAN and there is also China, Republic of Korea, Japan, India, Australia, New Zealand, and now Russia and the United States, therefore, I have faith that it will be more effective to ensure peace, stability, and order in this region.And in this regard, with such a condition, such cooperation in the area of economic will go effectively, and it is Indonesia's hope that China and the U.S. relations will continue to flow well because if something happens between those two states, it will have severe impacts to not only countries in the region, in Asia, but also to the world.For that reason, I hope that the economic relations between the U.S. and China will continue to proceed well, despite the geopolitical developments. We also hope to contribute to creating a region in East Asia, in Southeast Asia, and especially in Asia-Pacific, to become a region that is stable and productive.That is my views in general on the regional architecture issues and the future cooperation in our region.Thank you very much.
Label: Clear Reply

Example 2:
Question: Possibility of court battle over actions on immigration extending late into the term, what can be done for the people affected by the program and now in limbo, and the view on the possibility of ending the term without accomplishing goals on immigration.
Answer: On Ukraine and Russia and Minsk, there is strong consensus that we need to keep pushing Russia to abide by the terms of the Minsk agreement; we need to continue to support and encourage Ukraine to meet its obligations under Minsk; that until that's completed, sanctions remain in place.There was discussion about additional steps that we might need to take if Russia, working through separatists, doubled down on aggression inside of Ukraine. We—those discussions are taking place at a technical level, not yet at a political level, because I think the first goal here going into a European Council meeting that's coming up is just rolling over the existing sanctions. But I think at a technical level, we want to be prepared.Our hope is, is that we don't have to take additional steps because the Minsk agreement is met. And I want to give enormous credit to Chancellor Merkel, along with President Hollande, who have shown extraordinary stick-to-itiveness and patience in trying to get that done.Ultimately, this is going to be an issue for Mr. Putin. He's got to make a decision: Does he continue to wreck his country's economy and continue Russia's isolation in pursuit of a wrongheaded desire to recreate the glories of the Soviet empire, or does he recognize that Russia's greatness does not depend on violating the territorial integrity and sovereignty of other countries?And as I mentioned earlier, the costs that the Russian people are bearing are severe. That's being felt. It may not always be understood why they're suffering, because of state media inside of Russia and propaganda coming out of state media in Russia and to Russian speakers. But the truth of the matter is, is that the Russian people would greatly benefit. And ironically, one of the rationales that Mr. Putin provided for his incursions into Ukraine was to protect Russian speakers there. Well, Russian speakers inside of Ukraine are precisely the ones who are bearing the brunt of the fighting. Their economy has collapsed. Their lives are disordered. Many of them are displaced. Their homes may have been destroyed. They're suffering. And the best way for them to stop suffering is if the Minsk agreement is fully implemented.Christi—oh, immigration. With respect to immigration, obviously, I'm frustrated by a district court ruling that now is wending its way through the appeals process. We are being as aggressive as we can legally to, first and foremost, appeal that ruling, and then to implement those elements of immigration executive actions that were not challenged in court.But obviously, the centerpiece, one of the key provisions for me was being able to get folks who are undocumented to go through a background check—criminal background check—pay back taxes, and then have a legal status. And that requires an entire administrative apparatus and us getting them to apply and come clean.I made a decision, which I think is the right one, that we should not accept applications until the legal status of this is clarified. I am absolutely convinced this is well within my legal authority, Department of Homeland Security's legal authority. If you look at the precedent, if you look at the traditional discretion that the executive branch possesses when it comes to applying immigration laws, I am convinced that what we're doing is lawful, and our lawyers are convinced that what we're doing is lawful.But the United States is a government of laws and separations of power, and when a—even if it's a individual district court judge who's making this determination, we've got to go through the process to challenge it. And until we get clarity there, I don't want to bring people in, have them apply and jump through a lot of hoops, only to have it deferred and delayed further.Of course, there's one really great way to solve this problem, and that would be Congress going ahead and acting, which would obviate the need for executive actions. The majority of the American people, I think, still want to see that happen. I suspect it will be a major topic of the next Presidential campaign.And so we will continue to push as hard as we can on all fronts to fix a broken immigration system. Administratively, we'll be prepared if and when we get the kind of ruling that I think we should have gotten in the first place about our authorities to go ahead and implement. But ultimately, this has never fully replaced the need for Congress to act. And my hope is, is that after a number of the other issues that we're working on currently get cleared, that there—some quiet conversations start up—back up again, particularly in the Republican Party, about the shortsighted approach that they're taking when it comes to immigration.Okay. Christi Parsons [Los Angeles Times].
Label: Ambivalent

Example 3:
Question: Reconciliation of commuting Manning's sentence with WikiLeaks' connection to Russia's hacking in the last year's election:
Answer: Well, first of all, let's be clear: Chelsea Manning has served a tough prison sentence. So the notion that the average person who was thinking about disclosing vital, classified information would think that it goes unpunished I don't think would get that impression from the sentence that Chelsea Manning has served.It has been my view that given she went to trial, that due process was carried out, that she took responsibility for her crime, that the sentence that she received was very disproportional—disproportionate relative to what other leakers had received, and that she had served a significant amount of time, that it made it sense to commute and not pardon her sentence.And I feel very comfortable that justice has been served and that a message has still been sent that when it comes to our national security, that wherever possible, we need folks who may have legitimate concerns about the actions of Government or their superiors or the agencies in which they work, that they try to work through the established channels and avail themselves of the whistleblower protections that had been put in place.I recognize that there's some folks who think they're not enough, and I think all of us, when we're working in big institutions, may find ourselves at times at odds with policies that are set. But when it comes to national security, we're often dealing with people in the field whose lives may be put at risk or the safety and security and the ability of our military or our intelligence teams or Embassies to function effectively. And that has to be kept in mind.So with respect to WikiLeaks, I don't see a contradiction. First of all, I haven't commented on WikiLeaks, generally. The conclusions of the intelligence community with respect to the Russian hacking were not conclusive as to whether WikiLeaks was witting or not in being the conduit through which we heard about the DNC e-mails that were leaked. I don't pay a lot of attention to Mr. Assange's tweets, so that wasn't a consideration in this instance. And I'd refer you to the Justice Department for any criminal investigations, indictments, extradition issues that may come up with him.What I can say broadly is that, in this new cyber age, we're going to have to make sure that we continually work to find the right balance of accountability and openness and transparency that is the hallmark of our democracy, but also recognize that there are adversaries and bad actors out there who want to use that same openness in ways that hurt us, whether that's in trying to commit financial crimes or trying to commit acts of terrorism or folks who want to interfere with our elections.And we're going to have to continually build the kind of architecture that makes sure our—the best of our democracy is preserved; that our national security and intelligence agencies have the ability to carry out policy without advertising to our adversaries what it is that we're doing, but do so in a way that still keeps citizens up to speed on what their Government is doing on their behalf.But with respect to Chelsea Manning, I looked at the particulars of this case the same way I have for the other commutations and pardons that I've done, and I felt that in light of all the circumstances that commuting her sentence was entirely appropriate.Margaret Brennan [CBS News].
Label: Clear Non-Reply

Instance to classify:
Question: Do you think the U.S. is playing it right in marking the anniversary of bin Laden's killing?
Answer: Well, let me make a couple of points. First of all, Christi, I hardly think that you've seen any excessive celebration taking place here. I think that people--the American people rightly remember what we as a country accomplished in bringing to justice somebody who killed over 3,000 of our citizens. And it's a mark of the excellence of our intelligence teams and our military teams, a political process that worked. And I think for us to use that time for some reflection to give thanks to those who participated is entirely appropriate, and that's what's been taking place.As far as my personal role and what other folks would do, I'd just recommend that everybody take a look at people's previous statements in terms of whether they thought it was appropriate to go into Pakistan and take out bin Laden. I assume that people meant what they said when they said it. That's been at least my practice. I said that I'd go after bin Laden if we had a clear shot at him, and I did.If there are others who have said one thing and now suggest they'd do something else, then I'd go ahead and let them explain it. President Obama has been standing at the very forefront in the fight against terrorism, and I hold him in very high regard for that.Now, although bin Laden has been killed, terrorism has not been rooted out, and I think continued efforts will be needed in cooperation with the United States. We also would like to continue all our efforts against terrorism. I think the forms of terrorism are being very diverse, amongst them, cyberterrorism, for example. This--[inaudible]--between Japan and the United States not just in the cyber--in the space and ocean, but we also decided to cooperate in cybersecurity as well. So, inclusive of all these, Japan and the United States shall work together to root out terrorism of all sorts.Let me call on Takatsuka-san of Mainichi Shimbun.

Decide the label from the answer's responsiveness to the question. Do not output explanations.

Return valid JSON only: {""label"": ""<Clear Reply | Ambivalent | Clear Non-Reply>""}","{""label"": ""Clear Reply""}",Clear Reply,True,json,,
26,Reopening schools and the opening of the Major League Baseball season.,"Well, baseball, as an example—we were discussing it a little while ago—you're going to be at an empty stadium. I've agreed—Randy Levine is a great friend of mine from the Yankees, and he asked me to throw out the first pitch, and I think I'm doing that on August 15 at Yankee Stadium. And I say, How's the crowd going to be? And you know, it's like you don't have a crowd; there is no such thing.It's going to be interesting, Mariano. He's not used to that. I've been at many games. He walks in; the place goes crazy. I think it'd be just as good without the crowd. You were just born with it, you know. Some people are born with it.I don't know if—this is only for the baseball players, but I've never seen a pitcher throw a ball where so many bats were broken as Mariano. He's got the alltime record. I said, How do you do that? He said, Parents. Great parents, when you get right down to it. Right? How do you do that? It's called parents.",Ambivalent,"Classify how clearly the interview answer responds to the question.

Use exactly one of these labels: Clear Reply, Ambivalent, Clear Non-Reply.

Label definitions:
- Clear Reply: The answer directly and substantially addresses the question.
- Ambivalent: The answer only partially addresses the question, is vague, qualified, mixed, or leaves the response unclear.
- Clear Non-Reply: The answer clearly avoids, redirects, refuses, or otherwise does not answer the question.

Examples:
Example 1:
Question: Is ASEAN ready for the more advanced role in world affairs the U.S. would like to see it play?
Answer: I have not--I've been out of town, so I'm just seeing the press reports. I have not had a full briefing on Israel's intentions and what they've communicated to our administration. But this kind of activity is never helpful when it comes to peace negotiations. And I'm concerned that we're not seeing each side make the extra effort involved to get a breakthrough that could finally create a framework for a secure Israel living side and side--side by side in peace with a sovereign Palestine.We're going to keep on working on it, though, because it is in the world's interest, it is in the interest of the people of Israel, and it is in the interest of the Palestinian people to achieve that settlement, to achieve that agreement. But each of these incremental steps can end up breaking down trust between the parties.Even though it wasn't directed to me, I do want to just chime in briefly on the issue of China. We want China to succeed and prosper. It's good for the United States if China continues on the path of development that it's on.That means that, first of all, just from a humanitarian point of view, lifting millions of people out of poverty is a good thing. It is also a huge expanding market where America then can sell goods and services, and so we think China being prosperous and secure is a positive. And we're not interested in containing that process. We want China to continue to achieve its development goals.We do want to make sure that everybody is operating within an international framework and sets of rules in which countries recognize their responsibilities to each other. That's true for the United States. That's true for China. That's true for Indonesia. It's true for all of us. And the more that we have international mechanisms in which people say we have rights, we also have responsibilities, we're going to abide by them, we're going to hold each other accountable, the better off we'll all be. Yes, the views that I have of the future of our region, the region of Asia, including East Asia and Southeast Asia, all wish to have a region that is experiencing development, including economic development. This region should continue to be a region that is stable, a region that is peaceful and a region that is safe.In this regard, the community that is built upon in Asia, in East Asia also, and also a framework now through the East Asia summit framework, we have the responsibility to--in one area, to ensure that the cooperation in the region, especially in the area of economic cooperation, can contribute significantly to the development of the global economy that will bring benefit for all humanity.On the other spot of the coin, we also have the responsibility to ensure stability and security in our region. I am not using any theory or the theory of one power to counterbalance the other powers. But I do have the view that there must be some form of dynamic equilibrium in Asia-Pacific, in East and Southeast Asia. And the formation of such regional cooperation such that is East Asia summit, where there are 10 countries from ASEAN and there is also China, Republic of Korea, Japan, India, Australia, New Zealand, and now Russia and the United States, therefore, I have faith that it will be more effective to ensure peace, stability, and order in this region.And in this regard, with such a condition, such cooperation in the area of economic will go effectively, and it is Indonesia's hope that China and the U.S. relations will continue to flow well because if something happens between those two states, it will have severe impacts to not only countries in the region, in Asia, but also to the world.For that reason, I hope that the economic relations between the U.S. and China will continue to proceed well, despite the geopolitical developments. We also hope to contribute to creating a region in East Asia, in Southeast Asia, and especially in Asia-Pacific, to become a region that is stable and productive.That is my views in general on the regional architecture issues and the future cooperation in our region.Thank you very much.
Label: Clear Reply

Example 2:
Question: Possibility of court battle over actions on immigration extending late into the term, what can be done for the people affected by the program and now in limbo, and the view on the possibility of ending the term without accomplishing goals on immigration.
Answer: On Ukraine and Russia and Minsk, there is strong consensus that we need to keep pushing Russia to abide by the terms of the Minsk agreement; we need to continue to support and encourage Ukraine to meet its obligations under Minsk; that until that's completed, sanctions remain in place.There was discussion about additional steps that we might need to take if Russia, working through separatists, doubled down on aggression inside of Ukraine. We—those discussions are taking place at a technical level, not yet at a political level, because I think the first goal here going into a European Council meeting that's coming up is just rolling over the existing sanctions. But I think at a technical level, we want to be prepared.Our hope is, is that we don't have to take additional steps because the Minsk agreement is met. And I want to give enormous credit to Chancellor Merkel, along with President Hollande, who have shown extraordinary stick-to-itiveness and patience in trying to get that done.Ultimately, this is going to be an issue for Mr. Putin. He's got to make a decision: Does he continue to wreck his country's economy and continue Russia's isolation in pursuit of a wrongheaded desire to recreate the glories of the Soviet empire, or does he recognize that Russia's greatness does not depend on violating the territorial integrity and sovereignty of other countries?And as I mentioned earlier, the costs that the Russian people are bearing are severe. That's being felt. It may not always be understood why they're suffering, because of state media inside of Russia and propaganda coming out of state media in Russia and to Russian speakers. But the truth of the matter is, is that the Russian people would greatly benefit. And ironically, one of the rationales that Mr. Putin provided for his incursions into Ukraine was to protect Russian speakers there. Well, Russian speakers inside of Ukraine are precisely the ones who are bearing the brunt of the fighting. Their economy has collapsed. Their lives are disordered. Many of them are displaced. Their homes may have been destroyed. They're suffering. And the best way for them to stop suffering is if the Minsk agreement is fully implemented.Christi—oh, immigration. With respect to immigration, obviously, I'm frustrated by a district court ruling that now is wending its way through the appeals process. We are being as aggressive as we can legally to, first and foremost, appeal that ruling, and then to implement those elements of immigration executive actions that were not challenged in court.But obviously, the centerpiece, one of the key provisions for me was being able to get folks who are undocumented to go through a background check—criminal background check—pay back taxes, and then have a legal status. And that requires an entire administrative apparatus and us getting them to apply and come clean.I made a decision, which I think is the right one, that we should not accept applications until the legal status of this is clarified. I am absolutely convinced this is well within my legal authority, Department of Homeland Security's legal authority. If you look at the precedent, if you look at the traditional discretion that the executive branch possesses when it comes to applying immigration laws, I am convinced that what we're doing is lawful, and our lawyers are convinced that what we're doing is lawful.But the United States is a government of laws and separations of power, and when a—even if it's a individual district court judge who's making this determination, we've got to go through the process to challenge it. And until we get clarity there, I don't want to bring people in, have them apply and jump through a lot of hoops, only to have it deferred and delayed further.Of course, there's one really great way to solve this problem, and that would be Congress going ahead and acting, which would obviate the need for executive actions. The majority of the American people, I think, still want to see that happen. I suspect it will be a major topic of the next Presidential campaign.And so we will continue to push as hard as we can on all fronts to fix a broken immigration system. Administratively, we'll be prepared if and when we get the kind of ruling that I think we should have gotten in the first place about our authorities to go ahead and implement. But ultimately, this has never fully replaced the need for Congress to act. And my hope is, is that after a number of the other issues that we're working on currently get cleared, that there—some quiet conversations start up—back up again, particularly in the Republican Party, about the shortsighted approach that they're taking when it comes to immigration.Okay. Christi Parsons [Los Angeles Times].
Label: Ambivalent

Example 3:
Question: Reconciliation of commuting Manning's sentence with WikiLeaks' connection to Russia's hacking in the last year's election:
Answer: Well, first of all, let's be clear: Chelsea Manning has served a tough prison sentence. So the notion that the average person who was thinking about disclosing vital, classified information would think that it goes unpunished I don't think would get that impression from the sentence that Chelsea Manning has served.It has been my view that given she went to trial, that due process was carried out, that she took responsibility for her crime, that the sentence that she received was very disproportional—disproportionate relative to what other leakers had received, and that she had served a significant amount of time, that it made it sense to commute and not pardon her sentence.And I feel very comfortable that justice has been served and that a message has still been sent that when it comes to our national security, that wherever possible, we need folks who may have legitimate concerns about the actions of Government or their superiors or the agencies in which they work, that they try to work through the established channels and avail themselves of the whistleblower protections that had been put in place.I recognize that there's some folks who think they're not enough, and I think all of us, when we're working in big institutions, may find ourselves at times at odds with policies that are set. But when it comes to national security, we're often dealing with people in the field whose lives may be put at risk or the safety and security and the ability of our military or our intelligence teams or Embassies to function effectively. And that has to be kept in mind.So with respect to WikiLeaks, I don't see a contradiction. First of all, I haven't commented on WikiLeaks, generally. The conclusions of the intelligence community with respect to the Russian hacking were not conclusive as to whether WikiLeaks was witting or not in being the conduit through which we heard about the DNC e-mails that were leaked. I don't pay a lot of attention to Mr. Assange's tweets, so that wasn't a consideration in this instance. And I'd refer you to the Justice Department for any criminal investigations, indictments, extradition issues that may come up with him.What I can say broadly is that, in this new cyber age, we're going to have to make sure that we continually work to find the right balance of accountability and openness and transparency that is the hallmark of our democracy, but also recognize that there are adversaries and bad actors out there who want to use that same openness in ways that hurt us, whether that's in trying to commit financial crimes or trying to commit acts of terrorism or folks who want to interfere with our elections.And we're going to have to continually build the kind of architecture that makes sure our—the best of our democracy is preserved; that our national security and intelligence agencies have the ability to carry out policy without advertising to our adversaries what it is that we're doing, but do so in a way that still keeps citizens up to speed on what their Government is doing on their behalf.But with respect to Chelsea Manning, I looked at the particulars of this case the same way I have for the other commutations and pardons that I've done, and I felt that in light of all the circumstances that commuting her sentence was entirely appropriate.Margaret Brennan [CBS News].
Label: Clear Non-Reply

Instance to classify:
Question: Reopening schools and the opening of the Major League Baseball season.
Answer: Well, baseball, as an example—we were discussing it a little while ago—you're going to be at an empty stadium. I've agreed—Randy Levine is a great friend of mine from the Yankees, and he asked me to throw out the first pitch, and I think I'm doing that on August 15 at Yankee Stadium. And I say, How's the crowd going to be? And you know, it's like you don't have a crowd; there is no such thing.It's going to be interesting, Mariano. He's not used to that. I've been at many games. He walks in; the place goes crazy. I think it'd be just as good without the crowd. You were just born with it, you know. Some people are born with it.I don't know if—this is only for the baseball players, but I've never seen a pitcher throw a ball where so many bats were broken as Mariano. He's got the alltime record. I said, How do you do that? He said, Parents. Great parents, when you get right down to it. Right? How do you do that? It's called parents.

Decide the label from the answer's responsiveness to the question. Do not output explanations.

Return valid JSON only: {""label"": ""<Clear Reply | Ambivalent | Clear Non-Reply>""}","{""label"": ""Clear Reply""}",Clear Reply,True,json,,
27,How reliable is this new timetable of 12 to 18 months?,"I will send more troops to Iraq if General Casey says, I need more troops in Iraq to achieve victory. And that's the way I've been running this war. I have great faith in General Casey. I have great faith in Ambassador Khalilzad. I trust our commanders on the ground to give the best advice about how to achieve victory. I want to remind you, victory is a government that can sustain itself, govern itself— a country that can govern itself, sustain itself, and defend itself and serves as an ally in the war on terror—which stands in stark contrast to a government that would be chaotic, that would be a safe haven for the enemy to launch attacks on us.One way for the American people to understand what Iraq could look like is what Afghanistan looked like under the Taliban, a place where there was no freedom; a place where women were taken to the public square and beaten if they did not adhere to the strict, intolerant guidelines of the Taliban; a place where thousands trained to attack America and our allies. Afghanistan doesn't have nearly the resources that Iraq has. Imagine a safe haven for an enemy that ended up with the resources that it had.It is—and so this is a war where I say to our generals, Do you have what it takes to win? Now, General Casey talked about part of our strategy, and part of the strategy is to give the Iraq Government the tools necessary to protect itself, to defend itself. If you're able to defend yourself, you're more likely to be able to govern yourself as well. But politics—the political way forward and the military way forward must go hand in hand.And what the General was saying yesterday is that there is a three-step process to enable the Iraqi forces to be able to help this Government bring security. One was to train and equip. The goal is 325,000 troops, 137,000 military and the balance, police.Second was to put the Iraqi security forces in the lead. Six of ten divisions now are in the lead in helping this Government defend itself. The strategy has been to embed U.S. personnel, officers and non-com officers, into these forces to help them gain the confidence and the capacity to be effective when they're in the lead.And the third step is for the Iraqi security forces to be able to operate independently. And this, perhaps, is going to be one of the most difficult aspects of having the Iraqis ready to go, because that means they have to be able to drive themselves, maintain their vehicles, provide logistics, have combat service support. And that's what General Casey was describing.The key is that our commanders feel that there—they have got enough flexibility to design the program to meet the conditions on the ground. You know, last spring, I thought for a period of time we'd be able to reduce our troop presence early next year. That's what I felt. But because we didn't have a fixed timetable and because General Casey and General Abizaid and the other generals there understand that the way we're running this war is to give them flexibility, have the confidence necessary to come and make the right recommendations here in Washington, DC, they decided that that wasn't going to happen. And so what he was describing to you was the way forward to make sure that the Iraqis are fully prepared to defend themselves.",Ambivalent,"Classify how clearly the interview answer responds to the question.

Use exactly one of these labels: Clear Reply, Ambivalent, Clear Non-Reply.

Label definitions:
- Clear Reply: The answer directly and substantially addresses the question.
- Ambivalent: The answer only partially addresses the question, is vague, qualified, mixed, or leaves the response unclear.
- Clear Non-Reply: The answer clearly avoids, redirects, refuses, or otherwise does not answer the question.

Examples:
Example 1:
Question: Is ASEAN ready for the more advanced role in world affairs the U.S. would like to see it play?
Answer: I have not--I've been out of town, so I'm just seeing the press reports. I have not had a full briefing on Israel's intentions and what they've communicated to our administration. But this kind of activity is never helpful when it comes to peace negotiations. And I'm concerned that we're not seeing each side make the extra effort involved to get a breakthrough that could finally create a framework for a secure Israel living side and side--side by side in peace with a sovereign Palestine.We're going to keep on working on it, though, because it is in the world's interest, it is in the interest of the people of Israel, and it is in the interest of the Palestinian people to achieve that settlement, to achieve that agreement. But each of these incremental steps can end up breaking down trust between the parties.Even though it wasn't directed to me, I do want to just chime in briefly on the issue of China. We want China to succeed and prosper. It's good for the United States if China continues on the path of development that it's on.That means that, first of all, just from a humanitarian point of view, lifting millions of people out of poverty is a good thing. It is also a huge expanding market where America then can sell goods and services, and so we think China being prosperous and secure is a positive. And we're not interested in containing that process. We want China to continue to achieve its development goals.We do want to make sure that everybody is operating within an international framework and sets of rules in which countries recognize their responsibilities to each other. That's true for the United States. That's true for China. That's true for Indonesia. It's true for all of us. And the more that we have international mechanisms in which people say we have rights, we also have responsibilities, we're going to abide by them, we're going to hold each other accountable, the better off we'll all be. Yes, the views that I have of the future of our region, the region of Asia, including East Asia and Southeast Asia, all wish to have a region that is experiencing development, including economic development. This region should continue to be a region that is stable, a region that is peaceful and a region that is safe.In this regard, the community that is built upon in Asia, in East Asia also, and also a framework now through the East Asia summit framework, we have the responsibility to--in one area, to ensure that the cooperation in the region, especially in the area of economic cooperation, can contribute significantly to the development of the global economy that will bring benefit for all humanity.On the other spot of the coin, we also have the responsibility to ensure stability and security in our region. I am not using any theory or the theory of one power to counterbalance the other powers. But I do have the view that there must be some form of dynamic equilibrium in Asia-Pacific, in East and Southeast Asia. And the formation of such regional cooperation such that is East Asia summit, where there are 10 countries from ASEAN and there is also China, Republic of Korea, Japan, India, Australia, New Zealand, and now Russia and the United States, therefore, I have faith that it will be more effective to ensure peace, stability, and order in this region.And in this regard, with such a condition, such cooperation in the area of economic will go effectively, and it is Indonesia's hope that China and the U.S. relations will continue to flow well because if something happens between those two states, it will have severe impacts to not only countries in the region, in Asia, but also to the world.For that reason, I hope that the economic relations between the U.S. and China will continue to proceed well, despite the geopolitical developments. We also hope to contribute to creating a region in East Asia, in Southeast Asia, and especially in Asia-Pacific, to become a region that is stable and productive.That is my views in general on the regional architecture issues and the future cooperation in our region.Thank you very much.
Label: Clear Reply

Example 2:
Question: Possibility of court battle over actions on immigration extending late into the term, what can be done for the people affected by the program and now in limbo, and the view on the possibility of ending the term without accomplishing goals on immigration.
Answer: On Ukraine and Russia and Minsk, there is strong consensus that we need to keep pushing Russia to abide by the terms of the Minsk agreement; we need to continue to support and encourage Ukraine to meet its obligations under Minsk; that until that's completed, sanctions remain in place.There was discussion about additional steps that we might need to take if Russia, working through separatists, doubled down on aggression inside of Ukraine. We—those discussions are taking place at a technical level, not yet at a political level, because I think the first goal here going into a European Council meeting that's coming up is just rolling over the existing sanctions. But I think at a technical level, we want to be prepared.Our hope is, is that we don't have to take additional steps because the Minsk agreement is met. And I want to give enormous credit to Chancellor Merkel, along with President Hollande, who have shown extraordinary stick-to-itiveness and patience in trying to get that done.Ultimately, this is going to be an issue for Mr. Putin. He's got to make a decision: Does he continue to wreck his country's economy and continue Russia's isolation in pursuit of a wrongheaded desire to recreate the glories of the Soviet empire, or does he recognize that Russia's greatness does not depend on violating the territorial integrity and sovereignty of other countries?And as I mentioned earlier, the costs that the Russian people are bearing are severe. That's being felt. It may not always be understood why they're suffering, because of state media inside of Russia and propaganda coming out of state media in Russia and to Russian speakers. But the truth of the matter is, is that the Russian people would greatly benefit. And ironically, one of the rationales that Mr. Putin provided for his incursions into Ukraine was to protect Russian speakers there. Well, Russian speakers inside of Ukraine are precisely the ones who are bearing the brunt of the fighting. Their economy has collapsed. Their lives are disordered. Many of them are displaced. Their homes may have been destroyed. They're suffering. And the best way for them to stop suffering is if the Minsk agreement is fully implemented.Christi—oh, immigration. With respect to immigration, obviously, I'm frustrated by a district court ruling that now is wending its way through the appeals process. We are being as aggressive as we can legally to, first and foremost, appeal that ruling, and then to implement those elements of immigration executive actions that were not challenged in court.But obviously, the centerpiece, one of the key provisions for me was being able to get folks who are undocumented to go through a background check—criminal background check—pay back taxes, and then have a legal status. And that requires an entire administrative apparatus and us getting them to apply and come clean.I made a decision, which I think is the right one, that we should not accept applications until the legal status of this is clarified. I am absolutely convinced this is well within my legal authority, Department of Homeland Security's legal authority. If you look at the precedent, if you look at the traditional discretion that the executive branch possesses when it comes to applying immigration laws, I am convinced that what we're doing is lawful, and our lawyers are convinced that what we're doing is lawful.But the United States is a government of laws and separations of power, and when a—even if it's a individual district court judge who's making this determination, we've got to go through the process to challenge it. And until we get clarity there, I don't want to bring people in, have them apply and jump through a lot of hoops, only to have it deferred and delayed further.Of course, there's one really great way to solve this problem, and that would be Congress going ahead and acting, which would obviate the need for executive actions. The majority of the American people, I think, still want to see that happen. I suspect it will be a major topic of the next Presidential campaign.And so we will continue to push as hard as we can on all fronts to fix a broken immigration system. Administratively, we'll be prepared if and when we get the kind of ruling that I think we should have gotten in the first place about our authorities to go ahead and implement. But ultimately, this has never fully replaced the need for Congress to act. And my hope is, is that after a number of the other issues that we're working on currently get cleared, that there—some quiet conversations start up—back up again, particularly in the Republican Party, about the shortsighted approach that they're taking when it comes to immigration.Okay. Christi Parsons [Los Angeles Times].
Label: Ambivalent

Example 3:
Question: Reconciliation of commuting Manning's sentence with WikiLeaks' connection to Russia's hacking in the last year's election:
Answer: Well, first of all, let's be clear: Chelsea Manning has served a tough prison sentence. So the notion that the average person who was thinking about disclosing vital, classified information would think that it goes unpunished I don't think would get that impression from the sentence that Chelsea Manning has served.It has been my view that given she went to trial, that due process was carried out, that she took responsibility for her crime, that the sentence that she received was very disproportional—disproportionate relative to what other leakers had received, and that she had served a significant amount of time, that it made it sense to commute and not pardon her sentence.And I feel very comfortable that justice has been served and that a message has still been sent that when it comes to our national security, that wherever possible, we need folks who may have legitimate concerns about the actions of Government or their superiors or the agencies in which they work, that they try to work through the established channels and avail themselves of the whistleblower protections that had been put in place.I recognize that there's some folks who think they're not enough, and I think all of us, when we're working in big institutions, may find ourselves at times at odds with policies that are set. But when it comes to national security, we're often dealing with people in the field whose lives may be put at risk or the safety and security and the ability of our military or our intelligence teams or Embassies to function effectively. And that has to be kept in mind.So with respect to WikiLeaks, I don't see a contradiction. First of all, I haven't commented on WikiLeaks, generally. The conclusions of the intelligence community with respect to the Russian hacking were not conclusive as to whether WikiLeaks was witting or not in being the conduit through which we heard about the DNC e-mails that were leaked. I don't pay a lot of attention to Mr. Assange's tweets, so that wasn't a consideration in this instance. And I'd refer you to the Justice Department for any criminal investigations, indictments, extradition issues that may come up with him.What I can say broadly is that, in this new cyber age, we're going to have to make sure that we continually work to find the right balance of accountability and openness and transparency that is the hallmark of our democracy, but also recognize that there are adversaries and bad actors out there who want to use that same openness in ways that hurt us, whether that's in trying to commit financial crimes or trying to commit acts of terrorism or folks who want to interfere with our elections.And we're going to have to continually build the kind of architecture that makes sure our—the best of our democracy is preserved; that our national security and intelligence agencies have the ability to carry out policy without advertising to our adversaries what it is that we're doing, but do so in a way that still keeps citizens up to speed on what their Government is doing on their behalf.But with respect to Chelsea Manning, I looked at the particulars of this case the same way I have for the other commutations and pardons that I've done, and I felt that in light of all the circumstances that commuting her sentence was entirely appropriate.Margaret Brennan [CBS News].
Label: Clear Non-Reply

Instance to classify:
Question: How reliable is this new timetable of 12 to 18 months?
Answer: I will send more troops to Iraq if General Casey says, I need more troops in Iraq to achieve victory. And that's the way I've been running this war. I have great faith in General Casey. I have great faith in Ambassador Khalilzad. I trust our commanders on the ground to give the best advice about how to achieve victory. I want to remind you, victory is a government that can sustain itself, govern itself— a country that can govern itself, sustain itself, and defend itself and serves as an ally in the war on terror—which stands in stark contrast to a government that would be chaotic, that would be a safe haven for the enemy to launch attacks on us.One way for the American people to understand what Iraq could look like is what Afghanistan looked like under the Taliban, a place where there was no freedom; a place where women were taken to the public square and beaten if they did not adhere to the strict, intolerant guidelines of the Taliban; a place where thousands trained to attack America and our allies. Afghanistan doesn't have nearly the resources that Iraq has. Imagine a safe haven for an enemy that ended up with the resources that it had.It is—and so this is a war where I say to our generals, Do you have what it takes to win? Now, General Casey talked about part of our strategy, and part of the strategy is to give the Iraq Government the tools necessary to protect itself, to defend itself. If you're able to defend yourself, you're more likely to be able to govern yourself as well. But politics—the political way forward and the military way forward must go hand in hand.And what the General was saying yesterday is that there is a three-step process to enable the Iraqi forces to be able to help this Government bring security. One was to train and equip. The goal is 325,000 troops, 137,000 military and the balance, police.Second was to put the Iraqi security forces in the lead. Six of ten divisions now are in the lead in helping this Government defend itself. The strategy has been to embed U.S. personnel, officers and non-com officers, into these forces to help them gain the confidence and the capacity to be effective when they're in the lead.And the third step is for the Iraqi security forces to be able to operate independently. And this, perhaps, is going to be one of the most difficult aspects of having the Iraqis ready to go, because that means they have to be able to drive themselves, maintain their vehicles, provide logistics, have combat service support. And that's what General Casey was describing.The key is that our commanders feel that there—they have got enough flexibility to design the program to meet the conditions on the ground. You know, last spring, I thought for a period of time we'd be able to reduce our troop presence early next year. That's what I felt. But because we didn't have a fixed timetable and because General Casey and General Abizaid and the other generals there understand that the way we're running this war is to give them flexibility, have the confidence necessary to come and make the right recommendations here in Washington, DC, they decided that that wasn't going to happen. And so what he was describing to you was the way forward to make sure that the Iraqis are fully prepared to defend themselves.

Decide the label from the answer's responsiveness to the question. Do not output explanations.

Return valid JSON only: {""label"": ""<Clear Reply | Ambivalent | Clear Non-Reply>""}","{""label"": ""Clear Reply""}",Clear Reply,True,json,,
28,Under what exact conditions would you be walking away from that summit?,"Well, the answer is yes to the second part of your question. But certainly, if it goes well. And I think it would be well received. I think he would look at it very favorably. So I think that could happen.All I can say is, I am totally prepared to walk away. I did it once before. You have to be able to walk away. If you're not going to be able to walk away—we didn't walk away from the horrible Iran deal that was signed. And if you look at what's happened since I signed that deal, Iran—and in all fairness, I say it with great respect for the people of Iran—but Iran is acting a lot differently. They're no longer looking so much to the Mediterranean. They're no longer looking so much to what's going on in Syria, what's going on in Yemen and lots of other places. They're a much different country over the last 3 months.And again, I say that with hope that maybe something can happen. But when you mention sanctions, we're putting sanctions on Iran, the likes of which nobody has ever seen before, including, frankly, . That would have been the next phase, if we did it or find it necessary to do.But nuclear to me is always first. And we're going to be fine, with respect to Iran. But we also, Saagar, got something out of it that's very important. A lot of the people that write about this, some of whom I have great respect for, but they haven't picked it up: Iran is not the same country that it was a few months ago. They're a much, much different group of leaders. And I hope at some point they'll come to us and we'll sit down and we'll make a deal that's good for them and good for us and good for everybody. And it will be great for Iran. I expect it to be—I want it to be—great for Iran.But if they would have walked—our side—from some of the horrible provisions that you know as well as I do, and probably everybody sitting here knows, we could have had a great deal. Nothing wrong with a deal, but there's something wrong with that deal. We had a great opportunity to make a phenomenal deal.So I am totally prepared to walk. It could happen. Maybe it won't be necessary. I hope it won't be necessary to walk because I really believe that Kim Jong Un wants to do something that is going to be great for his people and also great for his family and great for himself.Okay? Thank you very much.Chairman of the State Affairs Commission Kim Jong Un of",Ambivalent,"Classify how clearly the interview answer responds to the question.

Use exactly one of these labels: Clear Reply, Ambivalent, Clear Non-Reply.

Label definitions:
- Clear Reply: The answer directly and substantially addresses the question.
- Ambivalent: The answer only partially addresses the question, is vague, qualified, mixed, or leaves the response unclear.
- Clear Non-Reply: The answer clearly avoids, redirects, refuses, or otherwise does not answer the question.

Examples:
Example 1:
Question: Is ASEAN ready for the more advanced role in world affairs the U.S. would like to see it play?
Answer: I have not--I've been out of town, so I'm just seeing the press reports. I have not had a full briefing on Israel's intentions and what they've communicated to our administration. But this kind of activity is never helpful when it comes to peace negotiations. And I'm concerned that we're not seeing each side make the extra effort involved to get a breakthrough that could finally create a framework for a secure Israel living side and side--side by side in peace with a sovereign Palestine.We're going to keep on working on it, though, because it is in the world's interest, it is in the interest of the people of Israel, and it is in the interest of the Palestinian people to achieve that settlement, to achieve that agreement. But each of these incremental steps can end up breaking down trust between the parties.Even though it wasn't directed to me, I do want to just chime in briefly on the issue of China. We want China to succeed and prosper. It's good for the United States if China continues on the path of development that it's on.That means that, first of all, just from a humanitarian point of view, lifting millions of people out of poverty is a good thing. It is also a huge expanding market where America then can sell goods and services, and so we think China being prosperous and secure is a positive. And we're not interested in containing that process. We want China to continue to achieve its development goals.We do want to make sure that everybody is operating within an international framework and sets of rules in which countries recognize their responsibilities to each other. That's true for the United States. That's true for China. That's true for Indonesia. It's true for all of us. And the more that we have international mechanisms in which people say we have rights, we also have responsibilities, we're going to abide by them, we're going to hold each other accountable, the better off we'll all be. Yes, the views that I have of the future of our region, the region of Asia, including East Asia and Southeast Asia, all wish to have a region that is experiencing development, including economic development. This region should continue to be a region that is stable, a region that is peaceful and a region that is safe.In this regard, the community that is built upon in Asia, in East Asia also, and also a framework now through the East Asia summit framework, we have the responsibility to--in one area, to ensure that the cooperation in the region, especially in the area of economic cooperation, can contribute significantly to the development of the global economy that will bring benefit for all humanity.On the other spot of the coin, we also have the responsibility to ensure stability and security in our region. I am not using any theory or the theory of one power to counterbalance the other powers. But I do have the view that there must be some form of dynamic equilibrium in Asia-Pacific, in East and Southeast Asia. And the formation of such regional cooperation such that is East Asia summit, where there are 10 countries from ASEAN and there is also China, Republic of Korea, Japan, India, Australia, New Zealand, and now Russia and the United States, therefore, I have faith that it will be more effective to ensure peace, stability, and order in this region.And in this regard, with such a condition, such cooperation in the area of economic will go effectively, and it is Indonesia's hope that China and the U.S. relations will continue to flow well because if something happens between those two states, it will have severe impacts to not only countries in the region, in Asia, but also to the world.For that reason, I hope that the economic relations between the U.S. and China will continue to proceed well, despite the geopolitical developments. We also hope to contribute to creating a region in East Asia, in Southeast Asia, and especially in Asia-Pacific, to become a region that is stable and productive.That is my views in general on the regional architecture issues and the future cooperation in our region.Thank you very much.
Label: Clear Reply

Example 2:
Question: Possibility of court battle over actions on immigration extending late into the term, what can be done for the people affected by the program and now in limbo, and the view on the possibility of ending the term without accomplishing goals on immigration.
Answer: On Ukraine and Russia and Minsk, there is strong consensus that we need to keep pushing Russia to abide by the terms of the Minsk agreement; we need to continue to support and encourage Ukraine to meet its obligations under Minsk; that until that's completed, sanctions remain in place.There was discussion about additional steps that we might need to take if Russia, working through separatists, doubled down on aggression inside of Ukraine. We—those discussions are taking place at a technical level, not yet at a political level, because I think the first goal here going into a European Council meeting that's coming up is just rolling over the existing sanctions. But I think at a technical level, we want to be prepared.Our hope is, is that we don't have to take additional steps because the Minsk agreement is met. And I want to give enormous credit to Chancellor Merkel, along with President Hollande, who have shown extraordinary stick-to-itiveness and patience in trying to get that done.Ultimately, this is going to be an issue for Mr. Putin. He's got to make a decision: Does he continue to wreck his country's economy and continue Russia's isolation in pursuit of a wrongheaded desire to recreate the glories of the Soviet empire, or does he recognize that Russia's greatness does not depend on violating the territorial integrity and sovereignty of other countries?And as I mentioned earlier, the costs that the Russian people are bearing are severe. That's being felt. It may not always be understood why they're suffering, because of state media inside of Russia and propaganda coming out of state media in Russia and to Russian speakers. But the truth of the matter is, is that the Russian people would greatly benefit. And ironically, one of the rationales that Mr. Putin provided for his incursions into Ukraine was to protect Russian speakers there. Well, Russian speakers inside of Ukraine are precisely the ones who are bearing the brunt of the fighting. Their economy has collapsed. Their lives are disordered. Many of them are displaced. Their homes may have been destroyed. They're suffering. And the best way for them to stop suffering is if the Minsk agreement is fully implemented.Christi—oh, immigration. With respect to immigration, obviously, I'm frustrated by a district court ruling that now is wending its way through the appeals process. We are being as aggressive as we can legally to, first and foremost, appeal that ruling, and then to implement those elements of immigration executive actions that were not challenged in court.But obviously, the centerpiece, one of the key provisions for me was being able to get folks who are undocumented to go through a background check—criminal background check—pay back taxes, and then have a legal status. And that requires an entire administrative apparatus and us getting them to apply and come clean.I made a decision, which I think is the right one, that we should not accept applications until the legal status of this is clarified. I am absolutely convinced this is well within my legal authority, Department of Homeland Security's legal authority. If you look at the precedent, if you look at the traditional discretion that the executive branch possesses when it comes to applying immigration laws, I am convinced that what we're doing is lawful, and our lawyers are convinced that what we're doing is lawful.But the United States is a government of laws and separations of power, and when a—even if it's a individual district court judge who's making this determination, we've got to go through the process to challenge it. And until we get clarity there, I don't want to bring people in, have them apply and jump through a lot of hoops, only to have it deferred and delayed further.Of course, there's one really great way to solve this problem, and that would be Congress going ahead and acting, which would obviate the need for executive actions. The majority of the American people, I think, still want to see that happen. I suspect it will be a major topic of the next Presidential campaign.And so we will continue to push as hard as we can on all fronts to fix a broken immigration system. Administratively, we'll be prepared if and when we get the kind of ruling that I think we should have gotten in the first place about our authorities to go ahead and implement. But ultimately, this has never fully replaced the need for Congress to act. And my hope is, is that after a number of the other issues that we're working on currently get cleared, that there—some quiet conversations start up—back up again, particularly in the Republican Party, about the shortsighted approach that they're taking when it comes to immigration.Okay. Christi Parsons [Los Angeles Times].
Label: Ambivalent

Example 3:
Question: Reconciliation of commuting Manning's sentence with WikiLeaks' connection to Russia's hacking in the last year's election:
Answer: Well, first of all, let's be clear: Chelsea Manning has served a tough prison sentence. So the notion that the average person who was thinking about disclosing vital, classified information would think that it goes unpunished I don't think would get that impression from the sentence that Chelsea Manning has served.It has been my view that given she went to trial, that due process was carried out, that she took responsibility for her crime, that the sentence that she received was very disproportional—disproportionate relative to what other leakers had received, and that she had served a significant amount of time, that it made it sense to commute and not pardon her sentence.And I feel very comfortable that justice has been served and that a message has still been sent that when it comes to our national security, that wherever possible, we need folks who may have legitimate concerns about the actions of Government or their superiors or the agencies in which they work, that they try to work through the established channels and avail themselves of the whistleblower protections that had been put in place.I recognize that there's some folks who think they're not enough, and I think all of us, when we're working in big institutions, may find ourselves at times at odds with policies that are set. But when it comes to national security, we're often dealing with people in the field whose lives may be put at risk or the safety and security and the ability of our military or our intelligence teams or Embassies to function effectively. And that has to be kept in mind.So with respect to WikiLeaks, I don't see a contradiction. First of all, I haven't commented on WikiLeaks, generally. The conclusions of the intelligence community with respect to the Russian hacking were not conclusive as to whether WikiLeaks was witting or not in being the conduit through which we heard about the DNC e-mails that were leaked. I don't pay a lot of attention to Mr. Assange's tweets, so that wasn't a consideration in this instance. And I'd refer you to the Justice Department for any criminal investigations, indictments, extradition issues that may come up with him.What I can say broadly is that, in this new cyber age, we're going to have to make sure that we continually work to find the right balance of accountability and openness and transparency that is the hallmark of our democracy, but also recognize that there are adversaries and bad actors out there who want to use that same openness in ways that hurt us, whether that's in trying to commit financial crimes or trying to commit acts of terrorism or folks who want to interfere with our elections.And we're going to have to continually build the kind of architecture that makes sure our—the best of our democracy is preserved; that our national security and intelligence agencies have the ability to carry out policy without advertising to our adversaries what it is that we're doing, but do so in a way that still keeps citizens up to speed on what their Government is doing on their behalf.But with respect to Chelsea Manning, I looked at the particulars of this case the same way I have for the other commutations and pardons that I've done, and I felt that in light of all the circumstances that commuting her sentence was entirely appropriate.Margaret Brennan [CBS News].
Label: Clear Non-Reply

Instance to classify:
Question: Under what exact conditions would you be walking away from that summit?
Answer: Well, the answer is yes to the second part of your question. But certainly, if it goes well. And I think it would be well received. I think he would look at it very favorably. So I think that could happen.All I can say is, I am totally prepared to walk away. I did it once before. You have to be able to walk away. If you're not going to be able to walk away—we didn't walk away from the horrible Iran deal that was signed. And if you look at what's happened since I signed that deal, Iran—and in all fairness, I say it with great respect for the people of Iran—but Iran is acting a lot differently. They're no longer looking so much to the Mediterranean. They're no longer looking so much to what's going on in Syria, what's going on in Yemen and lots of other places. They're a much different country over the last 3 months.And again, I say that with hope that maybe something can happen. But when you mention sanctions, we're putting sanctions on Iran, the likes of which nobody has ever seen before, including, frankly, . That would have been the next phase, if we did it or find it necessary to do.But nuclear to me is always first. And we're going to be fine, with respect to Iran. But we also, Saagar, got something out of it that's very important. A lot of the people that write about this, some of whom I have great respect for, but they haven't picked it up: Iran is not the same country that it was a few months ago. They're a much, much different group of leaders. And I hope at some point they'll come to us and we'll sit down and we'll make a deal that's good for them and good for us and good for everybody. And it will be great for Iran. I expect it to be—I want it to be—great for Iran.But if they would have walked—our side—from some of the horrible provisions that you know as well as I do, and probably everybody sitting here knows, we could have had a great deal. Nothing wrong with a deal, but there's something wrong with that deal. We had a great opportunity to make a phenomenal deal.So I am totally prepared to walk. It could happen. Maybe it won't be necessary. I hope it won't be necessary to walk because I really believe that Kim Jong Un wants to do something that is going to be great for his people and also great for his family and great for himself.Okay? Thank you very much.Chairman of the State Affairs Commission Kim Jong Un of

Decide the label from the answer's responsiveness to the question. Do not output explanations.

Return valid JSON only: {""label"": ""<Clear Reply | Ambivalent | Clear Non-Reply>""}","{""label"": ""Clear Reply""}",Clear Reply,True,json,,
29,Sign of Russia's military efforts in Syria focusing on ISIL,"Well, first of all, destroying ISIL is not only a realistic goal, we're going to get it done, and we're going to pursue it with every aspect of American power and with all the coalition partners that we've assembled. It's going to get done.It will be helpful if Russia directs its focus on ISIL, and I do think that as a consequence of ISIL claiming responsibility for bringing down their plane, there is an increasing awareness on the part of President Putin that ISIL poses a greater threat to them than anything else in the region. The question at this point is whether they can make the strategic adjustment that allows them to be effective partners with us and the other 65 countries who are already part of the counter-ISIL campaign. And we don't know that yet.So far, over the last several weeks, when they started taking strikes in Syria, their principal targets have been the moderate opposition that they felt threatened Asad. Their principal goal appeared to be—if you follow the strikes that they took—to fortify the position of the Asad regime. And that does not add to our efforts against ISIL. In some ways, it strengthens it, because ISIL is also fighting many of those groups that the Russians were hitting.When we were in Turkey, I discussed with President Putin, in a brief pull-aside, his need to recognize that he needs to go after the people who killed Russian citizens. And those aren't the groups that they were currently hitting with strikes. So they're going to have to make an adjustment in terms of what they're prioritizing.More broadly—I've said this before; I said it to President Putin 5 years ago, and I repeated it to him just a few days ago—the issue with Asad is not simply the way that he has treated his people. It's not just a human rights issue. It's not just a question of supporting somebody who has been ruthlessly dropping bombs on his own civilian populations. As a practical matter, it is not conceivable that Mr. Asad can regain legitimacy in a country in which a large majority of that country despises Asad and will not stop fighting so long as he's in power, which means that the civil war perpetuates itself.And so the goal in Vienna is to see if—with all the countries around the table, including Saudi Arabia and Turkey and Iran and Russia, as well as the United States and other countries that have concerns about this—whether we can arrive at a political transition process that recognizes the need for a new government and can quell the fighting, bring about a cease-fire, and allows all of us to refocus our attention on this barbaric organization that is killing so many people.Russia has not officially committed to a transition of Asad moving out, but they did agree to the political transition process. And I think we'll find out over the next several weeks whether or not we can bring about that change of perspective with the Russians.Keep in mind that we all have an interest in maintaining a Syrian state, because we don't want complete chaos. I mean, and there are problems that we've seen in, for example, Lebanon, when the machinery of state entirely breaks down. So there—there's going to be a need for the international community and the United Nations to work in order to maintain a Syria—maintaining a Syrian state and be able to move forward with a political transition that's orderly. And that's going to be difficult, but that's what we have to focus on.In terms of the position of the United States and the other 65 members of the coalition, my view on Asad is, it will not work to keep him in power. We can't stop the fighting. Even if I were to cynically say that my priority is ISIL and not removing Asad regardless of the terrible things that he's done to his people, the United States could not stop the fighting in Syria by those who are opposed to Asad's rule. And so this is a practical issue, not just a matter of conscience. And I think that there are a large number of members of this coalition, including President Hollande, who agree with me on that. Okay?Michael Shear [New York Times].",Ambivalent,"Classify how clearly the interview answer responds to the question.

Use exactly one of these labels: Clear Reply, Ambivalent, Clear Non-Reply.

Label definitions:
- Clear Reply: The answer directly and substantially addresses the question.
- Ambivalent: The answer only partially addresses the question, is vague, qualified, mixed, or leaves the response unclear.
- Clear Non-Reply: The answer clearly avoids, redirects, refuses, or otherwise does not answer the question.

Examples:
Example 1:
Question: Is ASEAN ready for the more advanced role in world affairs the U.S. would like to see it play?
Answer: I have not--I've been out of town, so I'm just seeing the press reports. I have not had a full briefing on Israel's intentions and what they've communicated to our administration. But this kind of activity is never helpful when it comes to peace negotiations. And I'm concerned that we're not seeing each side make the extra effort involved to get a breakthrough that could finally create a framework for a secure Israel living side and side--side by side in peace with a sovereign Palestine.We're going to keep on working on it, though, because it is in the world's interest, it is in the interest of the people of Israel, and it is in the interest of the Palestinian people to achieve that settlement, to achieve that agreement. But each of these incremental steps can end up breaking down trust between the parties.Even though it wasn't directed to me, I do want to just chime in briefly on the issue of China. We want China to succeed and prosper. It's good for the United States if China continues on the path of development that it's on.That means that, first of all, just from a humanitarian point of view, lifting millions of people out of poverty is a good thing. It is also a huge expanding market where America then can sell goods and services, and so we think China being prosperous and secure is a positive. And we're not interested in containing that process. We want China to continue to achieve its development goals.We do want to make sure that everybody is operating within an international framework and sets of rules in which countries recognize their responsibilities to each other. That's true for the United States. That's true for China. That's true for Indonesia. It's true for all of us. And the more that we have international mechanisms in which people say we have rights, we also have responsibilities, we're going to abide by them, we're going to hold each other accountable, the better off we'll all be. Yes, the views that I have of the future of our region, the region of Asia, including East Asia and Southeast Asia, all wish to have a region that is experiencing development, including economic development. This region should continue to be a region that is stable, a region that is peaceful and a region that is safe.In this regard, the community that is built upon in Asia, in East Asia also, and also a framework now through the East Asia summit framework, we have the responsibility to--in one area, to ensure that the cooperation in the region, especially in the area of economic cooperation, can contribute significantly to the development of the global economy that will bring benefit for all humanity.On the other spot of the coin, we also have the responsibility to ensure stability and security in our region. I am not using any theory or the theory of one power to counterbalance the other powers. But I do have the view that there must be some form of dynamic equilibrium in Asia-Pacific, in East and Southeast Asia. And the formation of such regional cooperation such that is East Asia summit, where there are 10 countries from ASEAN and there is also China, Republic of Korea, Japan, India, Australia, New Zealand, and now Russia and the United States, therefore, I have faith that it will be more effective to ensure peace, stability, and order in this region.And in this regard, with such a condition, such cooperation in the area of economic will go effectively, and it is Indonesia's hope that China and the U.S. relations will continue to flow well because if something happens between those two states, it will have severe impacts to not only countries in the region, in Asia, but also to the world.For that reason, I hope that the economic relations between the U.S. and China will continue to proceed well, despite the geopolitical developments. We also hope to contribute to creating a region in East Asia, in Southeast Asia, and especially in Asia-Pacific, to become a region that is stable and productive.That is my views in general on the regional architecture issues and the future cooperation in our region.Thank you very much.
Label: Clear Reply

Example 2:
Question: Possibility of court battle over actions on immigration extending late into the term, what can be done for the people affected by the program and now in limbo, and the view on the possibility of ending the term without accomplishing goals on immigration.
Answer: On Ukraine and Russia and Minsk, there is strong consensus that we need to keep pushing Russia to abide by the terms of the Minsk agreement; we need to continue to support and encourage Ukraine to meet its obligations under Minsk; that until that's completed, sanctions remain in place.There was discussion about additional steps that we might need to take if Russia, working through separatists, doubled down on aggression inside of Ukraine. We—those discussions are taking place at a technical level, not yet at a political level, because I think the first goal here going into a European Council meeting that's coming up is just rolling over the existing sanctions. But I think at a technical level, we want to be prepared.Our hope is, is that we don't have to take additional steps because the Minsk agreement is met. And I want to give enormous credit to Chancellor Merkel, along with President Hollande, who have shown extraordinary stick-to-itiveness and patience in trying to get that done.Ultimately, this is going to be an issue for Mr. Putin. He's got to make a decision: Does he continue to wreck his country's economy and continue Russia's isolation in pursuit of a wrongheaded desire to recreate the glories of the Soviet empire, or does he recognize that Russia's greatness does not depend on violating the territorial integrity and sovereignty of other countries?And as I mentioned earlier, the costs that the Russian people are bearing are severe. That's being felt. It may not always be understood why they're suffering, because of state media inside of Russia and propaganda coming out of state media in Russia and to Russian speakers. But the truth of the matter is, is that the Russian people would greatly benefit. And ironically, one of the rationales that Mr. Putin provided for his incursions into Ukraine was to protect Russian speakers there. Well, Russian speakers inside of Ukraine are precisely the ones who are bearing the brunt of the fighting. Their economy has collapsed. Their lives are disordered. Many of them are displaced. Their homes may have been destroyed. They're suffering. And the best way for them to stop suffering is if the Minsk agreement is fully implemented.Christi—oh, immigration. With respect to immigration, obviously, I'm frustrated by a district court ruling that now is wending its way through the appeals process. We are being as aggressive as we can legally to, first and foremost, appeal that ruling, and then to implement those elements of immigration executive actions that were not challenged in court.But obviously, the centerpiece, one of the key provisions for me was being able to get folks who are undocumented to go through a background check—criminal background check—pay back taxes, and then have a legal status. And that requires an entire administrative apparatus and us getting them to apply and come clean.I made a decision, which I think is the right one, that we should not accept applications until the legal status of this is clarified. I am absolutely convinced this is well within my legal authority, Department of Homeland Security's legal authority. If you look at the precedent, if you look at the traditional discretion that the executive branch possesses when it comes to applying immigration laws, I am convinced that what we're doing is lawful, and our lawyers are convinced that what we're doing is lawful.But the United States is a government of laws and separations of power, and when a—even if it's a individual district court judge who's making this determination, we've got to go through the process to challenge it. And until we get clarity there, I don't want to bring people in, have them apply and jump through a lot of hoops, only to have it deferred and delayed further.Of course, there's one really great way to solve this problem, and that would be Congress going ahead and acting, which would obviate the need for executive actions. The majority of the American people, I think, still want to see that happen. I suspect it will be a major topic of the next Presidential campaign.And so we will continue to push as hard as we can on all fronts to fix a broken immigration system. Administratively, we'll be prepared if and when we get the kind of ruling that I think we should have gotten in the first place about our authorities to go ahead and implement. But ultimately, this has never fully replaced the need for Congress to act. And my hope is, is that after a number of the other issues that we're working on currently get cleared, that there—some quiet conversations start up—back up again, particularly in the Republican Party, about the shortsighted approach that they're taking when it comes to immigration.Okay. Christi Parsons [Los Angeles Times].
Label: Ambivalent

Example 3:
Question: Reconciliation of commuting Manning's sentence with WikiLeaks' connection to Russia's hacking in the last year's election:
Answer: Well, first of all, let's be clear: Chelsea Manning has served a tough prison sentence. So the notion that the average person who was thinking about disclosing vital, classified information would think that it goes unpunished I don't think would get that impression from the sentence that Chelsea Manning has served.It has been my view that given she went to trial, that due process was carried out, that she took responsibility for her crime, that the sentence that she received was very disproportional—disproportionate relative to what other leakers had received, and that she had served a significant amount of time, that it made it sense to commute and not pardon her sentence.And I feel very comfortable that justice has been served and that a message has still been sent that when it comes to our national security, that wherever possible, we need folks who may have legitimate concerns about the actions of Government or their superiors or the agencies in which they work, that they try to work through the established channels and avail themselves of the whistleblower protections that had been put in place.I recognize that there's some folks who think they're not enough, and I think all of us, when we're working in big institutions, may find ourselves at times at odds with policies that are set. But when it comes to national security, we're often dealing with people in the field whose lives may be put at risk or the safety and security and the ability of our military or our intelligence teams or Embassies to function effectively. And that has to be kept in mind.So with respect to WikiLeaks, I don't see a contradiction. First of all, I haven't commented on WikiLeaks, generally. The conclusions of the intelligence community with respect to the Russian hacking were not conclusive as to whether WikiLeaks was witting or not in being the conduit through which we heard about the DNC e-mails that were leaked. I don't pay a lot of attention to Mr. Assange's tweets, so that wasn't a consideration in this instance. And I'd refer you to the Justice Department for any criminal investigations, indictments, extradition issues that may come up with him.What I can say broadly is that, in this new cyber age, we're going to have to make sure that we continually work to find the right balance of accountability and openness and transparency that is the hallmark of our democracy, but also recognize that there are adversaries and bad actors out there who want to use that same openness in ways that hurt us, whether that's in trying to commit financial crimes or trying to commit acts of terrorism or folks who want to interfere with our elections.And we're going to have to continually build the kind of architecture that makes sure our—the best of our democracy is preserved; that our national security and intelligence agencies have the ability to carry out policy without advertising to our adversaries what it is that we're doing, but do so in a way that still keeps citizens up to speed on what their Government is doing on their behalf.But with respect to Chelsea Manning, I looked at the particulars of this case the same way I have for the other commutations and pardons that I've done, and I felt that in light of all the circumstances that commuting her sentence was entirely appropriate.Margaret Brennan [CBS News].
Label: Clear Non-Reply

Instance to classify:
Question: Sign of Russia's military efforts in Syria focusing on ISIL
Answer: Well, first of all, destroying ISIL is not only a realistic goal, we're going to get it done, and we're going to pursue it with every aspect of American power and with all the coalition partners that we've assembled. It's going to get done.It will be helpful if Russia directs its focus on ISIL, and I do think that as a consequence of ISIL claiming responsibility for bringing down their plane, there is an increasing awareness on the part of President Putin that ISIL poses a greater threat to them than anything else in the region. The question at this point is whether they can make the strategic adjustment that allows them to be effective partners with us and the other 65 countries who are already part of the counter-ISIL campaign. And we don't know that yet.So far, over the last several weeks, when they started taking strikes in Syria, their principal targets have been the moderate opposition that they felt threatened Asad. Their principal goal appeared to be—if you follow the strikes that they took—to fortify the position of the Asad regime. And that does not add to our efforts against ISIL. In some ways, it strengthens it, because ISIL is also fighting many of those groups that the Russians were hitting.When we were in Turkey, I discussed with President Putin, in a brief pull-aside, his need to recognize that he needs to go after the people who killed Russian citizens. And those aren't the groups that they were currently hitting with strikes. So they're going to have to make an adjustment in terms of what they're prioritizing.More broadly—I've said this before; I said it to President Putin 5 years ago, and I repeated it to him just a few days ago—the issue with Asad is not simply the way that he has treated his people. It's not just a human rights issue. It's not just a question of supporting somebody who has been ruthlessly dropping bombs on his own civilian populations. As a practical matter, it is not conceivable that Mr. Asad can regain legitimacy in a country in which a large majority of that country despises Asad and will not stop fighting so long as he's in power, which means that the civil war perpetuates itself.And so the goal in Vienna is to see if—with all the countries around the table, including Saudi Arabia and Turkey and Iran and Russia, as well as the United States and other countries that have concerns about this—whether we can arrive at a political transition process that recognizes the need for a new government and can quell the fighting, bring about a cease-fire, and allows all of us to refocus our attention on this barbaric organization that is killing so many people.Russia has not officially committed to a transition of Asad moving out, but they did agree to the political transition process. And I think we'll find out over the next several weeks whether or not we can bring about that change of perspective with the Russians.Keep in mind that we all have an interest in maintaining a Syrian state, because we don't want complete chaos. I mean, and there are problems that we've seen in, for example, Lebanon, when the machinery of state entirely breaks down. So there—there's going to be a need for the international community and the United Nations to work in order to maintain a Syria—maintaining a Syrian state and be able to move forward with a political transition that's orderly. And that's going to be difficult, but that's what we have to focus on.In terms of the position of the United States and the other 65 members of the coalition, my view on Asad is, it will not work to keep him in power. We can't stop the fighting. Even if I were to cynically say that my priority is ISIL and not removing Asad regardless of the terrible things that he's done to his people, the United States could not stop the fighting in Syria by those who are opposed to Asad's rule. And so this is a practical issue, not just a matter of conscience. And I think that there are a large number of members of this coalition, including President Hollande, who agree with me on that. Okay?Michael Shear [New York Times].

Decide the label from the answer's responsiveness to the question. Do not output explanations.

Return valid JSON only: {""label"": ""<Clear Reply | Ambivalent | Clear Non-Reply>""}","{""label"": ""Clear Reply""}",Clear Reply,True,json,,
